data,address,win_rate,followers,trades_30d,pnl_30d,pnl_ratio,sol_balance,wallet_age_days,tags,twitter
2026-04-16,4BfWVLy15vLYfCbZ3MJk1vSkVBZaKZZPUKWLgwMqZpZh,0.428,63,3284,19529.74,0.054,15.04,40.0,smart_degen,
2026-04-16,Hs5uA7ifgdTLMPh2dQwYBckHmjeoLb4nUHwu9sM63tCi,0.675,64,919,7955.48,0.028,0.0,69.0,"fomo,smart_degen",
2026-04-16,HerkeyfRFFi7fWuykrBZpKc733NxHU7DhYrSBKebLX1D,0.375,10,1358,7647.48,0.064,1.15,338.0,"axiom,smart_degen",
2026-04-16,CMWnXmtdmtttMMNu9YrzPfuEauS8sF9RomA1dkrvzdJq,0.657,21,1040,3341.82,0.031,0.0,129.0,"fomo,smart_degen",
2026-04-16,RaVenxw8kykBbW7KGBaBsb7fDkkBYK4uJVDSFun6ZxR,0.804,1045,42434,-487.4,-0.0,23.2,264.0,sandwich_bot,
2026-04-16,3oe7aYLUw2Pkbm7QMAhAjn5WbzaoG9tigkrX1mAecr1P,0.332,40,815,10300.0,0.047,0.05,153.0,"fomo,smart_degen",
2026-04-16,JAGPLMkgPWRxFJekMU8DRHRurw968GGYHRMEKUWheYcD,0.397,24,2426,5752.71,0.052,9.9,35.0,smart_degen,
2026-04-16,CqF3gUDojKuVdd6zBk2GZBTG84aAQ2b7tYeeyS18Sd2Z,0.537,239,12067,26411.55,0.008,48.32,49.0,smart_degen,
2026-04-16,FrZHQpVnDWppBn5BGVMZJ3Ub5txnnoymEsiBae6ZAZRb,0.548,11,4581,3643.8,0.026,0.99,17.0,smart_degen,
2026-04-16,EqfCCCcgYAqntbaNuE3Rz8UiJ5LGtfge5gPX4ng4Fg61,0.72,54,1202,1827.18,0.016,43.08,165.0,"padre,smart_degen",
2026-04-16,EqS3FuQ1EQs4V5tfmAKw4JmBDwvVJRyJu3x9vCy1vvtA,0.643,50,6231,10479.61,0.012,0.06,52.0,smart_degen,
2026-04-16,undwZZbXFTXAizTeeNpmygJDa4pWopEr1UCDSWpyo4y,0.667,19,619,1520.61,0.013,2.32,5.0,"fresh_wallet,smart_degen",
2026-04-16,CVxUKFrWDYkE3gsZP9gyVmLD6XkXykk2ukKhAfNrJev8,0.547,142,4448,8577.72,0.024,2.03,369.0,smart_degen,
2026-04-16,EjFnryt66QzmF4TETzaukibHdvRtoy2mvaf7WjfakVfU,0.506,4,264,4477.63,0.183,25.27,97.0,"gmgn,smart_degen",
2026-04-16,8SZnC4nicCmRBz1HZzFS1YrwMFEaEnkVi4k2oh5GEYV9,0.622,25,980,4774.93,0.026,0.33,173.0,"fomo,smart_degen",
2026-04-16,6qNdKb3A3zTZf4JpNbH6E6gKfwCHkNir4UUycC1eY9eh,0.463,11,865,2338.38,0.026,1.97,227.0,smart_degen,
2026-04-16,AemF6ySZeEpcg74vYK6K7JbGTzGwF2sYuQMKbqsvDaYG,0.484,28,1088,2746.62,0.022,0.08,435.0,smart_degen,
2026-04-16,4CH1wgHqyirN8KR3o9L8oYNpDtRmDccCtiRJjnjLtnYp,0.443,76,1006,7216.42,0.047,0.1,77.0,"fomo,smart_degen",
2026-04-16,ANcjgwPUScahAHTSTqnsfzPipuZNiNnVPjBACGDWmjjg,0.344,37,6150,7232.14,0.031,2.18,402.0,"axiom,bullx,padre,smart_degen",
2026-04-16,9bh68CX7yQ4bKBZdYqkWxS5WPzAMCyA7bJaFFddwbMZd,0.632,14,2502,520.43,0.005,55.19,16.0,smart_degen,
2026-04-16,HHgnYPAzvnUxvAPsBccisnZL8SRHR4PpKtRUTnjVfbdq,0.34,22,1363,6096.36,0.031,26.25,27.0,smart_degen,
2026-04-17,RaVenxw8kykBbW7KGBaBsb7fDkkBYK4uJVDSFun6ZxR,0.803,1045,41898,13161.24,0.002,18.18,265.0,sandwich_bot,
2026-04-17,8hfoNZCd2bK9aqCBkhg8f2L1AoL7qfHwd9tMv7x64qui,0.987,163,4827,11055.42,0.044,3.57,405.0,smart_degen,
2026-04-17,Ha3jPXVWz2VoESCEEH8YP8StcYF7p2A2hadUEd6bqu4w,0.544,2,836,3040.96,0.06,93.66,6.0,"fresh_wallet,smart_degen",
2026-04-17,92SZ12mxhQRehyDJuGfxSVvZPK5kGt6J87quRcfpsJcu,0.984,31,1375,5489.41,0.046,0.53,448.0,"gmgn,smart_degen",
2026-04-17,hnu5iBK8UoHb51UFsH1RYTUAYdrhjHvV5YMTf9T1CYN,0.485,1204,12648,80426.08,0.027,25.12,403.0,smart_degen,
2026-04-17,FpMpRBgywxDc6WCRN18MssALoGCge3prn42QE5f6unLP,0.612,22,617,3552.46,0.083,57.58,54.0,smart_degen,
2026-04-17,7s8wTs7LiSsMxNCZbRjX7fsH4UDs8GDaBJe3DsB8mFzk,0.601,85,628,1974.64,0.041,61.31,53.0,smart_degen,
2026-04-17,FrZHQpVnDWppBn5BGVMZJ3Ub5txnnoymEsiBae6ZAZRb,0.542,11,4729,3618.42,0.025,1.28,18.0,smart_degen,
2026-04-17,4oCkJH5RQMCvgS4qLozDEjmDBPQLmrdzucMoyCPEA2Nn,0.53,27,1560,11673.16,0.024,0.0,69.0,"fomo,smart_degen",
2026-04-17,AemF6ySZeEpcg74vYK6K7JbGTzGwF2sYuQMKbqsvDaYG,0.491,28,1112,4057.63,0.031,0.03,435.0,smart_degen,
2026-04-17,zeronaXJsbvPZFmzytV4RPXWBHQGMFcRCvoYaDNPiRL,0.776,37,12604,22807.09,0.041,0.19,45.0,smart_degen,
2026-04-17,EKMyLLujPDEQLLc7Xvx7ojc5rr5nFQPkvpoYK7bENH2,0.994,20,1620,5309.78,0.047,0.4,15.0,smart_degen,
2026-04-17,J7GR6XoJfCPwZumW9xZ1nbWkyaq1oYSQuSVmCdBTx6Nf,0.99,907,4201,39257.47,0.045,50.74,247.0,smart_degen,
2026-04-17,CMWnXmtdmtttMMNu9YrzPfuEauS8sF9RomA1dkrvzdJq,0.658,21,992,2726.53,0.027,0.0,129.0,"fomo,smart_degen",
2026-04-17,9fpUmh3Tv3UCdeHLyq3o4QhkTBu5XAbEiKP9FtGaSndb,0.526,590,1108,4914.72,0.028,217.4,403.0,"axiom,bullx,padre,smart_degen",
2026-04-17,9bh68CX7yQ4bKBZdYqkWxS5WPzAMCyA7bJaFFddwbMZd,0.627,16,2570,471.19,0.005,49.11,16.0,smart_degen,
2026-04-17,FTaSBuVj6w2S7XUa8fw19xrLy57DDr6kZDL6sxDXtvTP,0.444,357,761,13125.85,0.052,9.79,94.0,"gmgn,smart_degen",
2026-04-17,GoonY5hPo63xAPCwkyWuFmQ57HWq8wj5Bevj2D222U4u,0.483,20,1199,4716.02,0.034,17.74,51.0,smart_degen,
2026-04-17,4CH1wgHqyirN8KR3o9L8oYNpDtRmDccCtiRJjnjLtnYp,0.449,77,1068,7758.32,0.047,0.17,78.0,"fomo,smart_degen",
2026-04-17,AA4CroVKXUi7fro5gJ7SYD3TR8G1DwVri4LE97rVZvJi,0.327,19,292,2074.36,0.123,11.7,430.0,"gmgn,pepeboost,smart_degen",
2026-04-17,AEqPi4RCD7uRXmMB5ec6V4ehT74Ra2kEdmqVqtHUmyLh,0.36,80,6204,7075.99,0.013,34.78,212.0,"axiom,smart_degen",
2026-04-17,3kSUZ79VEfpy9Uw9sWnB1jG2GwmTQSCcn72NH57s1rCx,0.573,106,3149,23196.95,0.023,0.0,64.0,"fomo,padre,smart_degen",
2026-04-17,BCagckXeMChUKrHEd6fKFA1uiWDtcmCXMsqaheLiUPJd,0.428,23801,30779,90387.72,0.101,573.39,403.0,"axiom,bullx,gmgn,top_renamed,wash_trader",vibed333
2026-04-17,G9QgVrF6onFT7L3qC2Yu74awhxiTqf3fRpc8QAirN79X,0.516,12,1711,4592.65,0.029,0.0,15.0,"fomo,smart_degen",
2026-04-17,4X77FRfDnQRhER7AmFXSxXRdqobi1Fa7hingewBDVgSc,0.539,10,2133,3329.94,0.031,14.68,401.0,"axiom,gmgn,smart_degen",
2026-04-17,29MQSvY6jzGsJLUojdTquofUgrzTusk1JUaqwJ6ac1MF,0.318,4,739,6669.68,0.106,0.1,6.0,"fresh_wallet,smart_degen",
2026-04-17,HrxQAC92gUmR8chzW4kZshYYbfnz1hepurvKDMJm8smv,0.491,47,1725,12326.91,0.059,0.14,100.0,smart_degen,
2026-04-17,E2tVJXu8GFjxxYeFftLSoqz9L15qVoqpDEiFGB7YJC8s,0.483,16,1039,3825.29,0.047,5.21,270.0,"axiom,smart_degen",
2026-04-17,DH2karT59SbVQzQKjtNomMLpdPJgvkp5NX9b2VcUvhBP,0.564,68,1030,5552.61,0.069,4.67,317.0,"axiom,smart_degen",
2026-04-17,JESUSL2s5BsffGNNn6wQtHART2iXVGjtGhKAwGw44bL,0.884,61,8927,22792.95,0.053,0.69,79.0,smart_degen,
2026-04-17,6nBi2HFVZHJF6Kn2zvr1ninZkjZNrc1XiQhGzXjg4GF,0.437,12,1343,1314.75,0.01,0.08,432.0,smart_degen,
2026-04-17,CqF3gUDojKuVdd6zBk2GZBTG84aAQ2b7tYeeyS18Sd2Z,0.539,252,11900,30101.14,0.009,36.07,49.0,smart_degen,
2026-04-18,Ha3jPXVWz2VoESCEEH8YP8StcYF7p2A2hadUEd6bqu4w,0.54,2,1145,4238.91,0.061,106.19,7.0,"fresh_wallet,smart_degen",
2026-04-18,BBStxbUjJUtifFF1zzGz45aXE8y5nSGfWWRkPHd66hLL,0.341,126,4689,3819.46,0.012,7.82,351.0,"axiom,smart_degen",
2026-04-18,undwZZbXFTXAizTeeNpmygJDa4pWopEr1UCDSWpyo4y,0.663,21,875,1981.19,0.012,2.89,7.0,"fresh_wallet,smart_degen",
2026-04-18,GrehxZss67nnc7AzrFRLc5vsuRqNHKLjDuvzjeh52xVu,0.637,25,2909,4129.87,0.008,0.43,34.0,smart_degen,
2026-04-18,HV56TXHsEzNd1bpia84zGkrhvSVuBayG5vh9KjneoYMf,0.476,106,3258,9582.01,0.021,171.81,518.0,"bullx,smart_degen",
2026-04-18,4X77FRfDnQRhER7AmFXSxXRdqobi1Fa7hingewBDVgSc,0.536,11,2208,3786.32,0.034,9.01,402.0,"axiom,gmgn,smart_degen",
2026-04-18,J7GR6XoJfCPwZumW9xZ1nbWkyaq1oYSQuSVmCdBTx6Nf,0.986,924,4367,38980.77,0.041,57.74,249.0,smart_degen,
2026-04-18,J2ECnk4MJQ8boxN77ss8fTkQRQxG7JmEUEGbARjxBPaz,0.483,12,931,2393.86,0.051,22.47,73.0,smart_degen,
2026-04-18,BCagckXeMChUKrHEd6fKFA1uiWDtcmCXMsqaheLiUPJd,0.43,23870,30833,82562.57,0.091,592.23,404.0,"axiom,bullx,gmgn,top_renamed,wash_trader",vibed333
2026-04-18,3oe7aYLUw2Pkbm7QMAhAjn5WbzaoG9tigkrX1mAecr1P,0.346,46,946,13296.64,0.046,0.03,155.0,"fomo,smart_degen",
2026-04-18,92MZw35nSRYbyVFZEu8XwB7U2Ta2mUxzN1FvDLYHEVmc,0.621,36,3235,7961.24,0.012,2.59,377.0,smart_degen,
2026-04-18,RaVenxw8kykBbW7KGBaBsb7fDkkBYK4uJVDSFun6ZxR,0.803,1044,43275,17698.12,0.003,29.87,266.0,sandwich_bot,
2026-04-18,RTYizu6bjvFTBfiS56cEoqkKRqk5xa5VBKsHQUeUNDs,0.65,47,2575,7997.56,0.016,6.79,58.0,smart_degen,
2026-04-18,EqS3FuQ1EQs4V5tfmAKw4JmBDwvVJRyJu3x9vCy1vvtA,0.641,52,6441,11366.63,0.013,0.29,53.0,smart_degen,
2026-04-18,81xmRQ78DFWkhuyN6wzzpxN8pSxnAwC4kqXDQzYXk2UV,0.304,50,1849,19448.27,0.169,19.72,17.0,smart_degen,
2026-04-18,HNUE6Wej1mPhE4949vKANZYW5qDnbv4CgaahhNyuqMvi,0.602,10,2352,2973.97,0.021,11.0,,smart_degen,
2026-04-18,77eg8ZALn2CuEs2ErACpBsuzcG5nRoDkK2eyrGQNfxD2,0.697,37,1858,7073.99,0.023,0.32,303.0,smart_degen,
2026-04-18,FTaSBuVj6w2S7XUa8fw19xrLy57DDr6kZDL6sxDXtvTP,0.459,359,809,14472.73,0.053,52.62,95.0,"gmgn,smart_degen",
2026-04-18,AGBeezMQfr2m9ZKyw8npDVFpJzjf1He9fRB25gtQ9zAk,0.573,101,844,26363.04,0.156,7.45,405.0,smart_degen,
2026-04-18,DtVW93ZP44qLvxgNbyDUcHhJFEYUxLD8qEEb5bXJKeWx,0.68,46,2004,8863.76,0.027,0.33,110.0,smart_degen,
2026-04-18,132G9sFk454Y39oePxuyqJNAT1Vy25hWwqNk5RQKk53H,0.3,7,975,1214.81,0.03,1.46,26.0,"padre,smart_degen",
2026-04-18,5y8UkeqUMaN5rnRjDi1AG8wxpQdgJA4mHsx7AUVTVhNp,0.352,0,448,1320.66,0.11,0.0,91.0,"smart_degen,trojan",
2026-04-18,8hfoNZCd2bK9aqCBkhg8f2L1AoL7qfHwd9tMv7x64qui,0.987,169,4860,11337.51,0.041,4.61,406.0,smart_degen,
2026-04-18,ZFAtwikUzRkPYxgtfK3eLif2eBBwDxxC3htMfVHjz2e,0.464,6,1212,5754.88,0.023,60.11,3.0,smart_degen,
2026-04-18,CEUA7zVoDRqRYoeHTP58UHU6TR8yvtVbeLrX1dppqoXJ,0.372,1750,1548,18620.17,0.031,406.42,404.0,"axiom,gmgn,smart_degen",
2026-04-18,9fAHLu6DHtvxk4fMubeGNigEr1Dj1aFxeb1w2ABTLZEJ,0.556,282,280,7243.69,0.071,9.21,126.0,smart_degen,ucsir46296722
2026-04-18,ARC5JvKVCcnitPgTmmqV9xc1FJUPB43AEWPU1iMdYM7k,0.508,213,4813,33881.4,0.085,27.25,157.0,"axiom,gmgn,padre,smart_degen",
2026-04-18,5fHJszey2UdB2nETS1y6NS2wSG4ic9byKtbgJzaYzGeV,0.466,684,4719,28494.35,0.075,22.31,417.0,"axiom,bullx,gmgn,smart_degen",
2026-04-19,852fhBHC6vothi3SThF38pUfKzyFhm2d8zoA6RSEjRis,0.373,4,516,1182.1,0.105,0.0,92.0,smart_degen,
2026-04-19,undwZZbXFTXAizTeeNpmygJDa4pWopEr1UCDSWpyo4y,0.676,28,1056,2607.78,0.013,3.31,8.0,smart_degen,
2026-04-19,5y8UkeqUMaN5rnRjDi1AG8wxpQdgJA4mHsx7AUVTVhNp,0.362,3,511,1356.75,0.104,0.0,92.0,"smart_degen,trojan",
2026-04-19,BQR9GL6FVgNeERPp129AM6hSRPXM6HX1HxMf1z5bWmQn,0.304,3,501,1369.28,0.138,0.0,91.0,"padre,smart_degen",
2026-04-19,AvQuWcqAVnoqRZm6a8XaN9vQfXHNTiJhTSpt6AuX4rGz,0.459,36,2465,13003.6,0.075,53.51,86.0,"gmgn,smart_degen",
2026-04-19,BUjNTwwiwX6r5pcJqy27BQNstLo93Vu7HZNkoeApct6q,0.327,26,611,11231.87,0.106,85.99,9.0,"photon,smart_degen",
2026-04-19,DHvSkhQfpNhEqf7bpFbM3P52JF9MtNeVEiDhn5ZEktF9,0.33,56,990,4470.6,0.035,43.64,168.0,"axiom,fomo,gmgn,padre,smart_degen",
2026-04-19,XJ7tbEKnrwvioTxABhEtwmG4AWkGEDDJASstUzBgh7x,0.627,73,982,10672.76,0.036,1.72,155.0,"fomo,smart_degen,trojan",
2026-04-19,BexkfZSbHodJQBB74fh4QdmDSADbPTrTsUcsAyjV7DD4,0.449,23,586,9936.62,0.104,3.08,29.0,smart_degen,
2026-04-19,RaVenxw8kykBbW7KGBaBsb7fDkkBYK4uJVDSFun6ZxR,0.802,1044,44945,21921.96,0.003,14.99,267.0,sandwich_bot,
2026-04-19,3mfZ8DUzQG4DrEpr74geLnnWwiF2V8a71iS3KAbqG7nF,0.333,3,486,1021.2,0.078,0.0,89.0,smart_degen,
2026-04-19,77eg8ZALn2CuEs2ErACpBsuzcG5nRoDkK2eyrGQNfxD2,0.716,39,1873,7527.67,0.024,0.31,304.0,smart_degen,
2026-04-19,91Tot4afpSsuYQgMRsTms32REKCVZ4GPD35SKoK36Aso,0.536,31,786,3803.15,0.039,3.33,351.0,"axiom,smart_degen",
2026-04-19,5TbRyqrnK4LMStTDqFStv13K41RZiB5PVUiVMGFJzScJ,0.378,3,480,1034.47,0.103,0.0,92.0,"gmgn,smart_degen",
2026-04-19,9yoSimMsWZUdbctcQ8RE4PAirbc6iewRx9pfrGLxwNoB,0.305,35,238,22623.51,0.263,0.1,107.0,smart_degen,
2026-04-19,HQLeWLJRfhnzq4Ucdn3V1vgSw5ZLxRXT6QQa5bASXSdu,0.499,1184,1186,11122.72,0.033,41.79,366.0,"axiom,gmgn,padre,smart_degen",
2026-04-19,BPjz6DvQn559LXyYnRRKmMAkjSgCA9Lrgrkm21Fvbfai,0.333,3,448,1255.06,0.135,0.0,91.0,"smart_degen,trojan",
2026-04-19,HNUE6Wej1mPhE4949vKANZYW5qDnbv4CgaahhNyuqMvi,0.597,16,2422,2855.35,0.019,8.42,,smart_degen,
2026-04-19,Cts62HiDcdkyqnqFxrZxshF7AMWSzeVBAShaXLwzwgt2,0.429,3,532,1721.4,0.163,0.0,92.0,"axiom,smart_degen",
2026-04-19,CqF3gUDojKuVdd6zBk2GZBTG84aAQ2b7tYeeyS18Sd2Z,0.533,256,11405,22186.66,0.007,49.33,51.0,smart_degen,
2026-04-19,PCX1b8exeasEaE8kK5S5XyUC2PXJyqZRCN6pRWxaTdV,0.471,12,146,1158.69,0.047,7.9,10.0,smart_degen,
2026-04-19,HSj9VNgBDvvzfSrgnkq6mUi7AbCGfWZHAx2tBkbT4A35,0.322,3,477,1284.56,0.092,0.0,91.0,smart_degen,
2026-04-19,9jsbFCC819QrQYy1gVcT2sTyKbeRGD2jsdscwvZDs87Q,0.477,4,321,664.74,0.018,0.0,29.0,smart_degen,
2026-04-19,6Qy5E3aGLMQ4bixjZG1UT8gkAN6ToThE9hYV4mm6og8k,0.404,3,501,1499.02,0.114,0.0,92.0,"axiom,smart_degen",
2026-04-19,AWzCfkYVJ24M6QMUEtyjp9QsFyReVhbKypDjb2a5drby,0.407,3,486,1187.78,0.085,0.0,91.0,"axiom,smart_degen",
2026-04-19,HV56TXHsEzNd1bpia84zGkrhvSVuBayG5vh9KjneoYMf,0.468,112,3396,9643.52,0.02,190.65,519.0,"bullx,smart_degen",
2026-04-19,ApeiTAjq3V9grbN2jVbmpLb59wffYmwCBKZnugyuerLZ,0.438,120,2796,3927.64,0.008,149.55,453.0,"axiom,bullx,smart_degen",
2026-04-19,7hDTvCvBGfwFVHjF2LLJu5md6iDRdLgKe7MZUKTR4ySv,0.491,53,1645,4559.95,0.094,1.93,105.0,"padre,smart_degen",
2026-04-19,ARC5JvKVCcnitPgTmmqV9xc1FJUPB43AEWPU1iMdYM7k,0.51,221,4776,32154.98,0.082,15.9,158.0,"axiom,gmgn,padre,smart_degen",
2026-04-19,5fHJszey2UdB2nETS1y6NS2wSG4ic9byKtbgJzaYzGeV,0.467,702,4682,26737.22,0.071,9.56,418.0,"axiom,bullx,gmgn,smart_degen",
2026-04-19,4X77FRfDnQRhER7AmFXSxXRdqobi1Fa7hingewBDVgSc,0.54,14,2234,4020.43,0.035,24.47,403.0,"axiom,gmgn,smart_degen",
2026-04-19,81xmRQ78DFWkhuyN6wzzpxN8pSxnAwC4kqXDQzYXk2UV,0.296,59,2011,19691.91,0.148,5.23,18.0,smart_degen,
2026-04-19,9bh68CX7yQ4bKBZdYqkWxS5WPzAMCyA7bJaFFddwbMZd,0.621,20,2755,561.45,0.005,50.39,18.0,smart_degen,
2026-04-19,CVxUKFrWDYkE3gsZP9gyVmLD6XkXykk2ukKhAfNrJev8,0.541,154,4519,8200.18,0.023,1.45,371.0,smart_degen,
2026-04-20,5pnqWH7PULRM51iEdQdPLi94DWpkdZJNNFDwigJNGtir,0.393,4,517,1158.04,0.08,0.0,91.0,"padre,smart_degen",
2026-04-20,RaVenxw8kykBbW7KGBaBsb7fDkkBYK4uJVDSFun6ZxR,0.802,1044,45979,14306.79,0.002,29.99,268.0,sandwich_bot,
2026-04-20,HV56TXHsEzNd1bpia84zGkrhvSVuBayG5vh9KjneoYMf,0.465,119,3528,9826.0,0.02,170.47,520.0,"bullx,smart_degen",
2026-04-20,CskAmpNFACaFELbVHdgezJu1uda2ivLvH2xFoiKdmPCS,0.671,50,2166,1535.36,0.016,44.04,14.0,smart_degen,
2026-04-20,z9RPuqzWJskcRrhWNfcwmWExbsP6i5ob53raQRF8nFw,0.409,14,6755,6028.49,0.035,29.39,43.0,smart_degen,
2026-04-20,GT4NDJHsGQvjBGatevrEN5NS3GTGYtveMcGYtYgb1wzD,0.416,22,6815,7639.59,0.044,28.13,42.0,smart_degen,
2026-04-20,8CuFCxoGHUMWV8EXcKN25gWkxTiGvkJe4uQpXfRubPYV,0.407,16,6654,5652.57,0.033,28.49,43.0,smart_degen,
2026-04-20,AEqPi4RCD7uRXmMB5ec6V4ehT74Ra2kEdmqVqtHUmyLh,0.358,86,6087,4501.13,0.009,49.73,215.0,"axiom,smart_degen",
2026-04-20,CqF3gUDojKuVdd6zBk2GZBTG84aAQ2b7tYeeyS18Sd2Z,0.52,264,11230,19086.36,0.006,43.42,52.0,smart_degen,
2026-04-20,2LsypdLpNwWiC8N5P1Ut3e1hEdv3aKRiiM8VWGMc6XVJ,0.543,5,4172,1490.45,0.016,16.26,,smart_degen,
2026-04-20,B4b31yfLNPpN4MfwNTUjWRYBcCseN5CMZ3f5UjHd7h9D,0.443,16,329,2084.73,0.043,0.03,83.0,"fomo,smart_degen",
2026-04-20,2nHsHJpkXmHb43BqSjnQFMbUcU2kWEqFqoXsbe2zv2Wi,0.628,199,2915,24005.67,0.056,132.94,203.0,"axiom,padre,smart_degen",
2026-04-20,8tazpZtBjeNscvhniiNe53RAqJBe4XVbztEC2Ckpu49q,0.5,35,12685,12534.98,0.013,89.62,57.0,smart_degen,
2026-04-20,HNUE6Wej1mPhE4949vKANZYW5qDnbv4CgaahhNyuqMvi,0.598,20,2461,2725.11,0.018,6.81,,smart_degen,
2026-04-20,HSsJjkHrxezZ1SdhgdivhDGXbxANicWbKvKsVtrMrJvG,0.574,161,1933,5441.59,0.014,38.42,161.0,"axiom,padre,smart_degen",
2026-04-20,CVxUKFrWDYkE3gsZP9gyVmLD6XkXykk2ukKhAfNrJev8,0.543,157,4535,8048.49,0.022,1.12,372.0,smart_degen,
2026-04-20,ANJekY9fBgLVkfnpMvSWgp9FZ8U7XG6Xp4aPQHBbteno,0.525,11,531,2346.47,0.019,0.19,8.0,smart_degen,
2026-04-20,DiLQWwEicAf96de3BC9DMhVXCdCLQbfWAPvkFcUrwQxX,0.44,0,482,1012.02,0.09,0.0,93.0,"gmgn,smart_degen",
2026-04-20,ApeiTAjq3V9grbN2jVbmpLb59wffYmwCBKZnugyuerLZ,0.436,123,2800,2963.07,0.006,142.33,454.0,"axiom,bullx,smart_degen",
2026-04-20,7sk2oHqqE9wEzDZNPCDsoZTmrCeznJ3hV98fauzB3xPY,0.406,18,2502,3286.5,0.067,22.52,24.0,smart_degen,
2026-04-20,CxWRfadzmKT3vQtX76UXcHVqTd2GrMWuMMNi2jHAVrz4,0.429,39,2529,3620.68,0.07,12.41,320.0,"axiom,smart_degen",
2026-04-20,3nG9zBc6fTne3j9kkS1CB5quyt25CS29GEjvMGNKmDSz,0.645,341,516,20121.76,0.084,20.08,350.0,"app_smart_money,gmgn,smart_degen",
2026-04-20,A43bJbGXMbe5j41wnZgBZd8wBCEEeCeFFKoMgpqY4gf9,0.411,3,559,1410.34,0.092,0.0,89.0,"axiom,smart_degen",
2026-04-21,undwZZbXFTXAizTeeNpmygJDa4pWopEr1UCDSWpyo4y,0.67,35,1347,3123.96,0.012,3.19,10.0,smart_degen,
2026-04-21,HBYfbfZUJEU3d17gmGLVuiJr6hNyDhhkpDeCYKxGVKRX,0.303,129,1628,24396.48,0.074,151.4,292.0,"axiom,smart_degen",
2026-04-21,8LUtQLSVoKewkXXHSsWJA9sio9cH7Q4hSfKVm5cRk7QY,0.524,102,1975,2723.07,0.018,240.73,372.0,"axiom,smart_degen",
2026-04-21,RTYizu6bjvFTBfiS56cEoqkKRqk5xa5VBKsHQUeUNDs,0.658,53,2712,7131.83,0.014,21.03,61.0,smart_degen,
2026-04-21,HV56TXHsEzNd1bpia84zGkrhvSVuBayG5vh9KjneoYMf,0.461,128,3658,9502.23,0.018,177.07,521.0,"bullx,smart_degen",
2026-04-21,CVxUKFrWDYkE3gsZP9gyVmLD6XkXykk2ukKhAfNrJev8,0.54,159,4576,7873.84,0.022,1.71,373.0,smart_degen,
2026-04-21,6qNdKb3A3zTZf4JpNbH6E6gKfwCHkNir4UUycC1eY9eh,0.488,13,915,2890.15,0.03,0.04,231.0,smart_degen,
2026-04-21,GdiM7NF9RC6RDMhyLeWEsGv365x9L9vQfRdXSCwHAYSm,0.482,64,2348,6114.21,0.019,0.12,176.0,"fomo,smart_degen",
2026-04-21,DoXTeHFphimLyLSvrAYMCy7AUGidrhe2A16M33amDG5T,0.396,1,214,1788.66,0.105,24.87,5.0,"fresh_wallet,smart_degen",
2026-04-21,8tazpZtBjeNscvhniiNe53RAqJBe4XVbztEC2Ckpu49q,0.499,38,12542,12119.93,0.013,98.23,58.0,smart_degen,
2026-04-21,AEqPi4RCD7uRXmMB5ec6V4ehT74Ra2kEdmqVqtHUmyLh,0.357,86,6355,5839.67,0.011,60.32,216.0,"axiom,smart_degen",
2026-04-21,ANcjgwPUScahAHTSTqnsfzPipuZNiNnVPjBACGDWmjjg,0.33,44,6461,5094.71,0.017,0.12,407.0,"axiom,bullx,padre,smart_degen",
2026-04-21,2LsypdLpNwWiC8N5P1Ut3e1hEdv3aKRiiM8VWGMc6XVJ,0.542,10,4295,1565.48,0.016,16.44,,smart_degen,
2026-04-21,6ZDv5tTzJyNVu9ZCJQH9taaoptZnHhjsG9JekXfnnqqe,0.551,7,5909,1913.42,0.011,16.03,,smart_degen,
2026-04-21,Ei6dbjMnvgLFSkECrXhTynWbGSMWM7ypzpQt9rhbf8gi,0.426,56,866,4332.59,0.038,1.53,435.0,"bluechip_owner,smart_degen",
2026-04-21,8TCbDN1djL5ss6shBPhjWUDMZg9iqxj7CqFSnKuMe3Qt,0.364,3,521,1246.63,0.115,0.0,93.0,"gmgn,smart_degen",
2026-04-21,J9anv3nW7NvYfYdgEjBhYbEVxPL1AwfVenU2t8FCrasX,0.47,3,2638,1321.7,0.028,10.36,13.0,smart_degen,
2026-04-21,RaVenxw8kykBbW7KGBaBsb7fDkkBYK4uJVDSFun6ZxR,0.804,1044,46362,15962.48,0.002,20.68,269.0,sandwich_bot,
2026-04-21,G9QgVrF6onFT7L3qC2Yu74awhxiTqf3fRpc8QAirN79X,0.513,15,1900,5650.17,0.031,0.05,19.0,"fomo,smart_degen",
2026-04-21,7sk2oHqqE9wEzDZNPCDsoZTmrCeznJ3hV98fauzB3xPY,0.402,17,2536,3621.38,0.072,28.55,25.0,smart_degen,
2026-04-21,CxWRfadzmKT3vQtX76UXcHVqTd2GrMWuMMNi2jHAVrz4,0.426,38,2561,3967.42,0.076,18.63,321.0,"axiom,smart_degen",
2026-04-21,8gV31ab8mT4N4wKdu4rWNA6GgfZtuJtimtvVJrMaH13U,0.412,7,2561,3847.28,0.076,30.01,37.0,smart_degen,
2026-04-21,A43bJbGXMbe5j41wnZgBZd8wBCEEeCeFFKoMgpqY4gf9,0.344,3,597,1355.79,0.078,0.0,90.0,"axiom,smart_degen",
2026-04-21,BCagckXeMChUKrHEd6fKFA1uiWDtcmCXMsqaheLiUPJd,0.396,24122,28543,75622.46,0.087,620.49,407.0,"axiom,bullx,gmgn,top_renamed,wash_trader",vibed333
2026-04-21,teddyYXw7aiNpDuQCeLb2YiBJhqthBid4C54BuWcPxm,0.419,394,3403,31051.12,0.119,52.38,71.0,"padre,smart_degen",
2026-04-21,12uo5K8euPm5Ejfc2NwuqcWbZabsxBK3ED1Fpb1phnns,0.431,15,617,8903.93,0.091,43.68,31.0,smart_degen,
2026-04-21,6QL8F1gKAZWTPikNFQWEQPSWXQiQNUetQvDGiPBNoamJ,0.435,17,594,9424.53,0.098,42.95,19.0,smart_degen,
2026-04-21,5Jtizo6CzN4TJ4pCiZDdGcAq2MfF7ntYnBcbErLbJwKV,0.432,19,597,6864.45,0.071,44.16,19.0,smart_degen,
2026-04-21,5mtbmPwj2SMkxPP9c93s9oD9bmMdByTqepNarM9Y7u7e,0.25,5614,32,-140.01,-0.015,38.54,414.0,"axiom,photon,pump_smart",
2026-04-21,8ZHWmQQQ312PddMTbfNxd4oo4H18jAjUv4V7cbhmXBZx,0.512,13,691,2025.33,0.018,25.15,419.0,"axiom,bullx,smart_degen",
2026-04-21,8AaJxU97iu2FYMq4oG5ccYDJsJjK7XwvzjTcVpotwNZu,0.547,38,1673,4614.4,0.019,25.91,95.0,smart_degen,
2026-04-22,G9QgVrF6onFT7L3qC2Yu74awhxiTqf3fRpc8QAirN79X,0.516,16,1981,5482.27,0.027,0.0,20.0,"fomo,smart_degen",
2026-04-22,HArDKfcLELHAGj37UqBstSe5DzdSZKmFCTxgMbZ4a5Na,0.487,35,710,10461.91,0.104,1.48,51.0,smart_degen,
2026-04-22,J9anv3nW7NvYfYdgEjBhYbEVxPL1AwfVenU2t8FCrasX,0.464,5,2872,1228.06,0.021,8.63,14.0,smart_degen,
2026-04-22,99QbDV2M2x2ovjWgEDTdjVkJRi7BJkALSyYmTvBo7rpg,0.403,71,5145,28993.76,0.037,12.85,31.0,"gmgn,smart_degen",
2026-04-22,651WNqyBNtCnCAnuTehtpVwgp4eJWsoGURwDrV8qGEd5,0.679,52,1201,5745.8,0.012,0.73,419.0,"gmgn,photon,smart_degen",
2026-04-22,GdiM7NF9RC6RDMhyLeWEsGv365x9L9vQfRdXSCwHAYSm,0.476,65,2365,6155.78,0.019,0.0,177.0,"fomo,smart_degen",
2026-04-22,23FuTEa7iUU9tGBBQKAkyYKEGjQiZYN3CE8jHvLJv7Ua,0.406,12,757,3169.0,0.096,2.63,36.0,smart_degen,
2026-04-22,93kgxYKex5wPyEkjH9P4KspLFAi3fdWBkw8vZce51pbp,0.689,489,3912,21631.51,0.011,1.14,66.0,smart_degen,
2026-04-22,4X77FRfDnQRhER7AmFXSxXRdqobi1Fa7hingewBDVgSc,0.527,17,2258,4159.72,0.035,8.44,406.0,"axiom,gmgn,smart_degen",
2026-04-22,8MWFjJ8LNvDcVb5ZFPAAZJ77Box39zdFDjpUsunB33j8,0.667,32,2143,4431.96,0.013,35.69,130.0,smart_degen,
2026-04-22,CskAmpNFACaFELbVHdgezJu1uda2ivLvH2xFoiKdmPCS,0.657,61,2475,1889.9,0.017,51.11,16.0,smart_degen,
2026-04-22,BCagckXeMChUKrHEd6fKFA1uiWDtcmCXMsqaheLiUPJd,0.394,24196,27457,68876.73,0.081,652.91,408.0,"axiom,bullx,gmgn,top_renamed,wash_trader",vibed333
2026-04-22,8AaJxU97iu2FYMq4oG5ccYDJsJjK7XwvzjTcVpotwNZu,0.557,38,1823,4916.58,0.019,17.1,96.0,smart_degen,
2026-04-22,8ZHWmQQQ312PddMTbfNxd4oo4H18jAjUv4V7cbhmXBZx,0.531,17,842,2112.83,0.016,12.98,420.0,"axiom,bullx,smart_degen",
2026-04-22,AEqPi4RCD7uRXmMB5ec6V4ehT74Ra2kEdmqVqtHUmyLh,0.361,87,6239,8523.59,0.017,50.81,218.0,"axiom,smart_degen",
2026-04-22,ARC5JvKVCcnitPgTmmqV9xc1FJUPB43AEWPU1iMdYM7k,0.507,242,4960,32371.02,0.08,14.82,161.0,"axiom,gmgn,padre,smart_degen",
2026-04-22,5fHJszey2UdB2nETS1y6NS2wSG4ic9byKtbgJzaYzGeV,0.462,731,4856,26747.17,0.069,13.14,421.0,"axiom,bullx,gmgn,smart_degen",
2026-04-22,6Qy5E3aGLMQ4bixjZG1UT8gkAN6ToThE9hYV4mm6og8k,0.366,3,580,1430.36,0.102,0.0,95.0,"axiom,smart_degen",
2026-04-22,2nHsHJpkXmHb43BqSjnQFMbUcU2kWEqFqoXsbe2zv2Wi,0.618,208,2971,25012.89,0.057,156.72,205.0,"axiom,padre,smart_degen",
2026-04-22,5GGqDQVr2LasfmWFXSH54V6ryVrXGwkZSjkK6xR473XJ,0.54,238,2453,28594.86,0.045,149.09,318.0,"axiom,smart_degen",
2026-04-22,RaVenxw8kykBbW7KGBaBsb7fDkkBYK4uJVDSFun6ZxR,0.801,1043,46223,12353.22,0.002,25.39,270.0,sandwich_bot,
2026-04-22,BUjNTwwiwX6r5pcJqy27BQNstLo93Vu7HZNkoeApct6q,0.338,34,706,12655.19,0.101,79.4,12.0,"photon,smart_degen",
2026-04-22,Et2Q2HFRSGCMEL5TcjtRNbZ9bFSNzutkA399tNh1VjzF,0.34,13,571,7257.85,0.068,33.46,9.0,smart_degen,
2026-04-22,43QmFc2QPPGyMrSNuPnhvfs8BFW1XVZYFdbwURtWoo9x,0.563,88,5440,1936.33,0.007,1.0,208.0,"gmgn,smart_degen",
2026-04-22,8TxQJKJXFokhTvqSrEeuA4a23vtKicWKtP4WRLDy2yyY,0.37,6,71,6178.91,0.911,0.03,409.0,smart_degen,
2026-04-22,AfnhFpxD2yYCeFYd4Yi8iKi3TmRMbthVF4BzRK81BnAf,0.496,27,506,10302.33,0.103,6.11,66.0,"padre,smart_degen",
2026-04-22,J3ijgCq7Upnzseq6o2tuwgRX23zaFrXAdojnuXW46Cxi,0.324,3,554,1251.87,0.098,0.0,95.0,"gmgn,smart_degen",
2026-04-22,8tazpZtBjeNscvhniiNe53RAqJBe4XVbztEC2Ckpu49q,0.496,40,12323,11372.85,0.012,96.87,59.0,smart_degen,
2026-04-22,Ei6dbjMnvgLFSkECrXhTynWbGSMWM7ypzpQt9rhbf8gi,0.414,59,922,4553.57,0.036,1.4,436.0,"bluechip_owner,smart_degen",
data,address,win_rate,followers,trades_30d,pnl_30d,pnl_ratio,sol_balance,wallet_age_days,tags,twitter
2026-04-22,GoonY5hPo63xAPCwkyWuFmQ57HWq8wj5Bevj2D222U4u,0.478,24,1185,5443.07,0.036,17.32,57.0,smart_degen,
2026-04-22,RaVenxw8kykBbW7KGBaBsb7fDkkBYK4uJVDSFun6ZxR,0.798,1042,47207,10628.86,0.001,14.28,270.0,sandwich_bot,
2026-04-22,undwZZbXFTXAizTeeNpmygJDa4pWopEr1UCDSWpyo4y,0.659,36,1529,3587.81,0.012,2.87,12.0,smart_degen,
2026-04-22,628tuaH9DuYK7W36wW6s9aPpwcUcWoropaWWL3HfeS6f,1.0,20,1913,9095.76,0.045,1.34,27.0,smart_degen,
2026-04-22,9V5ce3a45DDN6H1oKaJLHswBDWFGwU8dEXuRvtzxyaeN,0.517,31,482,8930.47,0.138,18.48,36.0,"gmgn,smart_degen",
2026-04-22,2fNPNJKE3ny6b5Vo1wdfa7J7KqYNjeyBM3PbGGSJ398r,0.676,126,2119,4819.52,0.017,23.79,318.0,"padre,smart_degen",
2026-04-22,XJ7tbEKnrwvioTxABhEtwmG4AWkGEDDJASstUzBgh7x,0.609,78,1013,9947.94,0.032,1.16,159.0,"fomo,smart_degen,trojan",
2026-04-22,6QL8F1gKAZWTPikNFQWEQPSWXQiQNUetQvDGiPBNoamJ,0.432,20,691,13895.87,0.123,60.64,21.0,smart_degen,
2026-04-22,BexkfZSbHodJQBB74fh4QdmDSADbPTrTsUcsAyjV7DD4,0.458,45,747,20290.6,0.155,65.2,33.0,smart_degen,
2026-04-22,12uo5K8euPm5Ejfc2NwuqcWbZabsxBK3ED1Fpb1phnns,0.438,19,715,15006.25,0.132,59.78,33.0,smart_degen,
2026-04-22,5Jtizo6CzN4TJ4pCiZDdGcAq2MfF7ntYnBcbErLbJwKV,0.438,23,694,11165.64,0.099,58.63,21.0,smart_degen,
2026-04-22,8ZHWmQQQ312PddMTbfNxd4oo4H18jAjUv4V7cbhmXBZx,0.528,17,1015,2545.93,0.017,16.37,421.0,"axiom,bullx,smart_degen",
2026-04-22,8AaJxU97iu2FYMq4oG5ccYDJsJjK7XwvzjTcVpotwNZu,0.555,39,1999,5789.78,0.02,22.99,97.0,smart_degen,
2026-04-22,BCagckXeMChUKrHEd6fKFA1uiWDtcmCXMsqaheLiUPJd,0.393,24249,27763,74590.87,0.086,704.79,409.0,"axiom,bullx,gmgn,top_renamed,wash_trader",vibed333
2026-04-22,9fpUmh3Tv3UCdeHLyq3o4QhkTBu5XAbEiKP9FtGaSndb,0.552,612,1281,8954.5,0.035,259.03,0.0,"axiom,bullx,padre,smart_degen",
2026-04-22,8gV31ab8mT4N4wKdu4rWNA6GgfZtuJtimtvVJrMaH13U,0.414,8,2662,3975.55,0.074,22.57,39.0,smart_degen,
2026-04-22,CxWRfadzmKT3vQtX76UXcHVqTd2GrMWuMMNi2jHAVrz4,0.423,39,2663,4060.02,0.073,19.39,323.0,"axiom,smart_degen",
2026-04-22,7sk2oHqqE9wEzDZNPCDsoZTmrCeznJ3hV98fauzB3xPY,0.398,20,2653,3716.66,0.07,18.97,27.0,smart_degen,
2026-04-22,GXecNAvw1wzWoZATM1ki18i8g4PNqkWKGz2kPV4uA5mP,0.398,0,706,2651.91,0.034,11.09,9.0,smart_degen,
2026-04-22,8Xnit4gf2R5cA3XE6KobuyWjiPfTptsJxN7rrAu8YbiW,0.307,46,2924,6359.09,0.085,17.01,249.0,smart_degen,
2026-04-22,Dw5VykxuTNQeh8c9TxUPsaM7Rwxkmy74rLr63wB3LG8j,0.693,14,2820,1838.92,0.018,74.39,,smart_degen,
2026-04-22,zeroDbresTUpHKau1vP4jXrkqtN8Dmh8yuEqyn6GMYh,0.797,90,9815,19732.81,0.034,0.51,61.0,smart_degen,
2026-04-22,456xjxMrRKcp5odo8B1McWiTbvTUffFi5iCV1Ky9Sft7,0.42,133,3008,48777.49,0.084,39.99,63.0,smart_degen,
2026-04-22,8tUwW6UGBtjDAe7fLRsyMc2362v2oKPw6UHLPbyEcatF,0.326,54,1532,8301.94,0.039,45.16,55.0,"padre,smart_degen",
2026-04-22,GdiM7NF9RC6RDMhyLeWEsGv365x9L9vQfRdXSCwHAYSm,0.475,65,2463,6751.21,0.02,0.1,178.0,"fomo,smart_degen",
2026-04-22,gecko1QDvtNHwqY5SjXLzuDmGDUnzu7ZEmtGHRFLr9v,0.507,170,3518,7388.71,0.016,0.48,90.0,smart_degen,
2026-04-22,6bxvSqw7bzRHTPNf2ZRvywLRqJ9LFn47sHaq5sd6bk5o,0.296,396,560,7948.27,0.027,99.11,318.0,"axiom,gmgn,photon,smart_degen",jaystoolate
2026-04-22,GdHwBcMUSnmuUt8dCjE3oySUNHtGRK4WCAh9KKtakScF,0.519,11,380,2508.76,0.031,33.23,37.0,smart_degen,
2026-04-23,8CuFCxoGHUMWV8EXcKN25gWkxTiGvkJe4uQpXfRubPYV,0.416,22,6395,6345.31,0.038,30.14,46.0,smart_degen,
2026-04-23,H2KAvWycyqeHhqkMC1f83Pwju3B2MztLYdXVpNMcDs2V,0.433,328,6905,28545.18,0.113,113.19,409.0,"axiom,smart_degen",
2026-04-23,z9RPuqzWJskcRrhWNfcwmWExbsP6i5ob53raQRF8nFw,0.416,15,6376,6336.89,0.038,29.22,46.0,smart_degen,
2026-04-23,GT4NDJHsGQvjBGatevrEN5NS3GTGYtveMcGYtYgb1wzD,0.42,23,6432,7813.67,0.047,27.78,45.0,smart_degen,
2026-04-23,GdiM7NF9RC6RDMhyLeWEsGv365x9L9vQfRdXSCwHAYSm,0.47,66,2423,6113.75,0.018,0.15,178.0,"fomo,smart_degen",
2026-04-23,RaVenxw8kykBbW7KGBaBsb7fDkkBYK4uJVDSFun6ZxR,0.797,1042,46202,8291.11,0.001,12.73,271.0,sandwich_bot,
2026-04-23,4X77FRfDnQRhER7AmFXSxXRdqobi1Fa7hingewBDVgSc,0.519,17,2272,4059.85,0.033,8.18,0.0,"axiom,gmgn,smart_degen",
2026-04-23,23FuTEa7iUU9tGBBQKAkyYKEGjQiZYN3CE8jHvLJv7Ua,0.409,13,792,3157.2,0.093,2.55,37.0,smart_degen,
2026-04-23,7BVsMqCRoeEtvVeasYGrRhy83gHr5ZSJBnpV7QeCFQs4,0.455,153,2776,13581.6,0.023,20.63,0.0,"axiom,smart_degen",nevdevvv
2026-04-23,AEqPi4RCD7uRXmMB5ec6V4ehT74Ra2kEdmqVqtHUmyLh,0.363,91,6177,5872.89,0.012,24.43,0.0,"axiom,smart_degen",
2026-04-23,BCagckXeMChUKrHEd6fKFA1uiWDtcmCXMsqaheLiUPJd,0.393,24253,25490,66834.65,0.083,705.28,409.0,"axiom,bullx,gmgn,top_renamed,wash_trader",vibed333
2026-04-23,GpJDQbew3J5KhSUMYiHCSJ2ZTxZjoDAxGzqNMjLGwLui,0.612,147,490,21802.46,0.134,25.37,369.0,"gmgn,smart_degen",
2026-04-23,43QmFc2QPPGyMrSNuPnhvfs8BFW1XVZYFdbwURtWoo9x,0.561,89,5305,1908.48,0.007,0.99,209.0,"gmgn,smart_degen",
2026-04-23,Dw5VykxuTNQeh8c9TxUPsaM7Rwxkmy74rLr63wB3LG8j,0.692,15,2601,1675.24,0.018,74.25,,smart_degen,
2026-04-23,HSj9VNgBDvvzfSrgnkq6mUi7AbCGfWZHAx2tBkbT4A35,0.356,3,619,1402.33,0.094,0.0,95.0,smart_degen,
2026-04-23,456xjxMrRKcp5odo8B1McWiTbvTUffFi5iCV1Ky9Sft7,0.421,133,2916,44109.75,0.079,38.45,0.0,smart_degen,
2026-04-23,2YhNurep74dpPavgMnrcYkofcm7AUA7xp8nV22qSYSgp,0.588,85,37,1626.84,0.316,10.29,409.0,"axiom,bullx,smart_degen",
2026-04-23,8J6nEUE5LmjYn8aBBBAnGG3wvHbZ2BzQi9CfRszB3AfD,0.485,10,369,1004.7,0.045,9.47,456.0,"axiom,smart_degen",
2026-04-23,5fHJszey2UdB2nETS1y6NS2wSG4ic9byKtbgJzaYzGeV,0.459,739,4830,27223.22,0.07,39.71,422.0,"axiom,bullx,gmgn,smart_degen",
2026-04-23,ARC5JvKVCcnitPgTmmqV9xc1FJUPB43AEWPU1iMdYM7k,0.506,245,4934,32416.54,0.08,42.03,162.0,"axiom,gmgn,padre,smart_degen",
2026-04-23,6Dt9J7TXM3eqyQBAZMbGJCV6VsP13WVStwPJnLPFtw2Y,0.632,114,1351,13389.13,0.083,33.33,183.0,"gmgn,smart_degen,trojan",
2026-04-23,8LUtQLSVoKewkXXHSsWJA9sio9cH7Q4hSfKVm5cRk7QY,0.547,107,1898,3127.6,0.022,248.39,0.0,"axiom,smart_degen",
2026-04-23,3kSUZ79VEfpy9Uw9sWnB1jG2GwmTQSCcn72NH57s1rCx,0.563,137,3241,24521.56,0.021,0.89,70.0,"fomo,padre,smart_degen",
2026-04-23,14LYvJoKPK9pCuNJqT6cJEaR1q3FNsfCtopbSXD8b8DM,0.534,18,2912,1766.47,0.033,2.3,398.0,"axiom,smart_degen",
2026-04-24,14LYvJoKPK9pCuNJqT6cJEaR1q3FNsfCtopbSXD8b8DM,0.539,19,2930,1749.4,0.032,2.44,399.0,"axiom,smart_degen",
2026-04-24,ARC5JvKVCcnitPgTmmqV9xc1FJUPB43AEWPU1iMdYM7k,0.502,249,4857,31482.96,0.079,12.64,163.0,"axiom,gmgn,padre,smart_degen",
2026-04-24,5fHJszey2UdB2nETS1y6NS2wSG4ic9byKtbgJzaYzGeV,0.455,744,4733,26456.37,0.069,8.12,423.0,"axiom,bullx,gmgn,smart_degen",
2026-04-24,DoboLsfYFqhiC7SrcdJ7Fogp7axnnf6spRpa21LBQT9Z,0.952,33,1553,19186.23,0.039,3.49,290.0,smart_degen,
2026-04-24,HiK8buhCxdD1JLKonZMp29TNpz4KD8M2gTSrxiva5JH9,0.549,276,643,15272.3,0.075,305.06,0.0,"axiom,photon,smart_degen",
2026-04-24,9U6tjPoXMxjWywUnpBjLy9LJ17gGXYVYXPPfDkf2pqy9,0.445,9,787,8541.37,0.057,27.52,25.0,smart_degen,
2026-04-24,2nHsHJpkXmHb43BqSjnQFMbUcU2kWEqFqoXsbe2zv2Wi,0.606,216,3063,22011.18,0.05,127.36,1.0,"axiom,padre,smart_degen",
2026-04-24,BCagckXeMChUKrHEd6fKFA1uiWDtcmCXMsqaheLiUPJd,0.396,24318,24697,58875.36,0.075,707.51,410.0,"axiom,bullx,gmgn,top_renamed,wash_trader",vibed333
2026-04-24,8hfoNZCd2bK9aqCBkhg8f2L1AoL7qfHwd9tMv7x64qui,0.989,169,5201,11381.47,0.041,3.26,412.0,smart_degen,
2026-04-24,GAEvKAnh3uVZg4UErwym2EzyJqwRoqsmaRKjJXgaM4GR,0.467,7,81,3824.58,0.098,0.99,413.0,smart_degen,
2026-04-24,8tUwW6UGBtjDAe7fLRsyMc2362v2oKPw6UHLPbyEcatF,0.321,58,1411,5298.19,0.028,49.6,56.0,"padre,smart_degen",
2026-04-24,GpJDQbew3J5KhSUMYiHCSJ2ZTxZjoDAxGzqNMjLGwLui,0.636,157,492,25883.78,0.146,195.32,370.0,"gmgn,smart_degen",
2026-04-24,4oCkJH5RQMCvgS4qLozDEjmDBPQLmrdzucMoyCPEA2Nn,0.544,31,1835,19522.69,0.032,0.0,76.0,"fomo,smart_degen",
2026-04-24,DJkPJC6N7Hc47HzoeCTm6GnA9uVa3nduyTXavweL4YB8,0.667,1732,13,138.16,0.196,17.68,443.0,,
2026-04-24,5Jtizo6CzN4TJ4pCiZDdGcAq2MfF7ntYnBcbErLbJwKV,0.45,27,763,12150.02,0.101,64.37,22.0,smart_degen,
2026-04-24,73LknRrxQ1AxKPLXWWwZni8M2hFTVQWvEnhkX28hnKwd,0.333,10,251,3515.3,0.136,28.81,1.0,"padre,smart_degen",
2026-04-24,nrzLzxvq1EENDEi5cYp2H8ZscyLKa79yfQ9XWm3zbxt,0.278,1,62,1484.55,0.152,0.31,4.0,"fresh_wallet,smart_degen",
2026-04-24,CxWRfadzmKT3vQtX76UXcHVqTd2GrMWuMMNi2jHAVrz4,0.427,41,2713,3861.37,0.069,13.0,324.0,"axiom,smart_degen",
2026-04-24,8gV31ab8mT4N4wKdu4rWNA6GgfZtuJtimtvVJrMaH13U,0.417,11,2713,3903.84,0.071,16.13,40.0,smart_degen,
2026-04-24,7sk2oHqqE9wEzDZNPCDsoZTmrCeznJ3hV98fauzB3xPY,0.398,25,2704,3634.46,0.066,12.2,29.0,smart_degen,
2026-04-24,4X77FRfDnQRhER7AmFXSxXRdqobi1Fa7hingewBDVgSc,0.529,20,2245,5014.83,0.041,6.37,1.0,"axiom,gmgn,smart_degen",
2026-04-24,2JLTKcECTybkCEp64v7V4P4FijjKiMgKnFkX2WwRWTM6,0.376,4,245,2236.76,0.085,1.89,0.0,"fresh_wallet,smart_degen",
2026-04-24,7fTREYp5bxYYemWMvdnSrdG2FeqppNUi8QUpSZsNe514,0.414,259,1239,16440.8,0.093,0.18,181.0,"fomo,padre,smart_degen",
2026-04-24,AfnhFpxD2yYCeFYd4Yi8iKi3TmRMbthVF4BzRK81BnAf,0.5,32,507,10196.67,0.1,8.0,68.0,"padre,smart_degen",
2026-04-24,zeroDbresTUpHKau1vP4jXrkqtN8Dmh8yuEqyn6GMYh,0.81,95,8762,19253.5,0.035,1.3,62.0,smart_degen,
2026-04-24,8fCBbZrTXSb1kRAUECkFAFKesj9BQ7ShVGnpPVVACLHr,0.7,54,557,3294.27,0.074,40.29,415.0,"bullx,gmgn,smart_degen",
2026-04-24,2dEpwaujMteZsFYCX3hwaavYKkU7kRwAwJe9XGuWNRGA,0.733,529,972,7211.12,0.099,119.48,412.0,"photon,smart_degen",
2026-04-24,RaVenxw8kykBbW7KGBaBsb7fDkkBYK4uJVDSFun6ZxR,0.795,1042,46131,5427.4,0.001,13.96,272.0,sandwich_bot,
2026-04-24,DpNyXh4ys4wLzKA5jMgfn9wLQFcnrVKAQfpihWFD4cXQ,0.577,8,390,7535.54,0.113,0.0,158.0,smart_degen,
2026-04-25,H2n3KZG7kLKK14z18xB1bGocxKdrrNBsryrhw17A1RHd,0.311,5,1118,836.65,0.033,0.04,2.0,smart_degen,
2026-04-25,9U6tjPoXMxjWywUnpBjLy9LJ17gGXYVYXPPfDkf2pqy9,0.437,11,824,8610.81,0.055,15.83,26.0,smart_degen,
2026-04-25,CATjstjdDxqxKdrXQ9R8DWF2oZp8jSd2QX2VJ1zQbT91,0.767,10,279,1992.79,0.038,74.93,8.0,"gmgn,smart_degen",
2026-04-25,YrkmnUv7yZrnWxUaCDeqe3nvKcFittYrCyXRFQdbiP6,0.816,22,297,3680.16,0.091,8.52,8.0,smart_degen,
2026-04-25,4n1cuKwPPKStuDkmHKwCeiyk6aCKNyJPmNybjdRq7tJw,0.54,153,4294,6981.97,0.023,1.83,353.0,smart_degen,
2026-04-25,8CuFCxoGHUMWV8EXcKN25gWkxTiGvkJe4uQpXfRubPYV,0.418,23,5997,6414.15,0.041,32.94,48.0,smart_degen,
2026-04-25,GT4NDJHsGQvjBGatevrEN5NS3GTGYtveMcGYtYgb1wzD,0.423,25,6040,7887.45,0.05,29.75,47.0,smart_degen,
2026-04-25,H2KAvWycyqeHhqkMC1f83Pwju3B2MztLYdXVpNMcDs2V,0.432,332,6475,29166.25,0.122,114.54,0.0,"axiom,smart_degen",
2026-04-25,RaVenxw8kykBbW7KGBaBsb7fDkkBYK4uJVDSFun6ZxR,0.793,1041,46418,5804.82,0.001,4.98,273.0,sandwich_bot,
2026-04-25,8hfoNZCd2bK9aqCBkhg8f2L1AoL7qfHwd9tMv7x64qui,0.989,174,5235,11535.21,0.041,3.01,413.0,smart_degen,
2026-04-25,9fpUmh3Tv3UCdeHLyq3o4QhkTBu5XAbEiKP9FtGaSndb,0.551,618,1352,8970.72,0.034,257.85,0.0,"axiom,bullx,padre,smart_degen",
2026-04-25,Ew6qBU7N34gRNgpgUwhJ3PgrtbPYpLYWLBEG5yuQTceD,0.885,1229,32,9308.17,0.619,43.45,307.0,"axiom,smart_degen,trojan",
2026-04-25,BnnNJJgy9w2MLQ9XBKJKG9FQa2r9qdW7u5VpzEkwUcc3,0.34,514,3138,14874.53,0.063,2.34,261.0,smart_degen,
2026-04-25,zeronaXJsbvPZFmzytV4RPXWBHQGMFcRCvoYaDNPiRL,0.797,68,8122,22411.78,0.042,2.74,53.0,smart_degen,
2026-04-25,xDDHb42oFRQ71pWbwCM4Fqj19WHKxTknMReKy8XUNcg,1.0,9,1707,5581.77,0.042,1.07,13.0,smart_degen,
2026-04-25,BCagckXeMChUKrHEd6fKFA1uiWDtcmCXMsqaheLiUPJd,0.393,24387,24234,50276.53,0.064,702.02,411.0,"axiom,bullx,gmgn,top_renamed,wash_trader",vibed333
2026-04-25,Ei6dbjMnvgLFSkECrXhTynWbGSMWM7ypzpQt9rhbf8gi,0.419,67,999,6117.71,0.045,1.07,439.0,"bluechip_owner,smart_degen",
2026-04-25,LASTvjDWkbXM1RwUCiniHqGLSEH5xJinDRs56wNPQr9,0.916,0,3700,6302.37,0.041,1.76,25.0,smart_degen,
2026-04-25,GdiM7NF9RC6RDMhyLeWEsGv365x9L9vQfRdXSCwHAYSm,0.477,68,2417,6481.5,0.019,0.18,180.0,"fomo,smart_degen",
2026-04-25,DGma4Uxm9JS6yLNdgYaxsZhwk2nxrRGMfMt5buXbiFCm,0.52,152,922,8880.95,0.105,26.85,127.0,"gmgn,smart_degen",
2026-04-25,CT5WRRtZxsoVRBHc6art6HWrM4azWo4ofuiT853PtJTc,0.96,4,2555,14231.35,0.044,3.93,45.0,smart_degen,
2026-04-25,gecko1QDvtNHwqY5SjXLzuDmGDUnzu7ZEmtGHRFLr9v,0.511,176,3714,7874.5,0.017,3.52,92.0,smart_degen,
2026-04-25,8tUwW6UGBtjDAe7fLRsyMc2362v2oKPw6UHLPbyEcatF,0.32,60,1358,6535.45,0.035,63.3,57.0,"padre,smart_degen",
2026-04-26,RaVenxw8kykBbW7KGBaBsb7fDkkBYK4uJVDSFun6ZxR,0.795,1041,46794,9487.51,0.001,12.37,274.0,sandwich_bot,
2026-04-26,ALKV2vKuYyazXSVWPao3KXFkEnhejdSs7Ti5qeZSKENH,0.35,159,1885,11629.79,0.138,9.74,181.0,smart_degen,
2026-04-26,HNUE6Wej1mPhE4949vKANZYW5qDnbv4CgaahhNyuqMvi,0.601,21,2609,3769.61,0.021,21.85,,smart_degen,
2026-04-26,FAX4qRQdiSj2iWDYvkJ21VieVCXGREtwMhEyAHSJ1aqp,0.711,739,226,20840.08,0.38,2.23,87.0,"gmgn,smart_degen",
2026-04-26,GT4NDJHsGQvjBGatevrEN5NS3GTGYtveMcGYtYgb1wzD,0.424,27,6215,9154.47,0.056,42.12,48.0,smart_degen,
2026-04-26,8CuFCxoGHUMWV8EXcKN25gWkxTiGvkJe4uQpXfRubPYV,0.421,23,6172,7738.8,0.047,46.02,49.0,smart_degen,
2026-04-26,z9RPuqzWJskcRrhWNfcwmWExbsP6i5ob53raQRF8nFw,0.42,17,6158,7709.8,0.047,44.16,49.0,smart_degen,
2026-04-26,H2KAvWycyqeHhqkMC1f83Pwju3B2MztLYdXVpNMcDs2V,0.433,337,6586,32051.08,0.134,127.79,1.0,"axiom,smart_degen",
2026-04-26,E59XbFLu1eFE6mNsi1vsAEQKsnnjrvsUJmt6Nsu3grw8,0.416,87,2011,6347.28,0.036,71.59,441.0,"axiom,padre,smart_degen",
2026-04-26,EqS3FuQ1EQs4V5tfmAKw4JmBDwvVJRyJu3x9vCy1vvtA,0.652,70,5104,9149.36,0.015,0.19,61.0,smart_degen,
2026-04-26,7q15WZ4iSUDvqfs5Kdh9bfptkQhs6qKUyCUq6GY6PGxg,0.649,276,4205,18302.37,0.042,7.8,299.0,"axiom,smart_degen",
2026-04-26,zzzCaz9jTFBka6vypB26BeyKK9BTqyFYyFzqZtM6sUa,0.656,8,950,1402.34,0.015,0.74,98.0,smart_degen,
2026-04-26,4n1cuKwPPKStuDkmHKwCeiyk6aCKNyJPmNybjdRq7tJw,0.538,157,4258,7046.34,0.023,1.49,354.0,smart_degen,
2026-04-26,GoonY5hPo63xAPCwkyWuFmQ57HWq8wj5Bevj2D222U4u,0.465,28,1204,6650.77,0.042,30.95,0.0,smart_degen,
2026-04-26,2fNPNJKE3ny6b5Vo1wdfa7J7KqYNjeyBM3PbGGSJ398r,0.664,131,2041,4230.52,0.016,26.85,321.0,"padre,smart_degen",
2026-04-26,9asBCQqp2o5BicHWPJZJ1RBh8hKQR76rejKgkQkzNwPy,0.634,12,2256,4868.34,0.023,1.41,365.0,smart_degen,
2026-04-26,GfWgSGJGCUYS3QfDjZ2fReqo2ZJMeqg73NrAS8T51yjE,0.476,8,547,6148.34,0.071,57.73,3.0,"fresh_wallet,smart_degen",
2026-04-26,HoE9o1jw6ewCsorWDe3Wz2XtdSogAcGHtunZuLLt3Dms,0.49,237,731,6956.7,0.086,0.67,414.0,smart_degen,zuccschini
2026-04-26,4gEahZ7TDyX7SPUQJyoSENWfPugXnQohXDgvpDo7wYuT,0.671,6,294,3258.29,0.095,0.52,52.0,smart_degen,
2026-04-26,AXd4sN54ERMc4ZqhGnJx2vYRmwcDE2PcQGngaudpvsMg,0.489,148,1767,9818.76,0.01,0.56,178.0,"fomo,smart_degen",
2026-04-26,5z8514Nv9kgrTeutSZG7q1CFMB1wZn991oSub4MX4Z5R,0.662,6,383,4111.59,0.059,17.41,1.0,"axiom,smart_degen",
2026-04-27,BxeL9TPWTSrAu72usXPnVREaNjKhkABnbQF3GNV9wR3U,0.366,4,223,3181.29,0.265,0.01,6.0,smart_degen,
2026-04-27,7HrcQySgo95QYV9QE7UjVWu4ckCYZ3X266TmijYo5YKe,0.5,32,249,4282.45,0.276,26.77,98.0,"gmgn,smart_degen",
2026-04-27,4BDfzDbeJHnLc3p1R62GppCXcmPew1jFj3ufqkrykquT,0.411,5,202,1888.3,0.167,0.43,6.0,smart_degen,
2026-04-27,CATjstjdDxqxKdrXQ9R8DWF2oZp8jSd2QX2VJ1zQbT91,0.645,18,419,547.63,0.007,21.33,10.0,"gmgn,smart_degen",
2026-04-27,JBzU99LYekSFhThpv4xHWDo4aC9eM1QKHULhio3owv7T,0.654,78,7056,12000.06,0.017,2.61,38.0,smart_degen,
2026-04-27,F6SMeJdn72vszgAzkTSNyYucKYs3BaA5VqjnKycBC4F8,0.453,8,222,3885.19,0.337,0.44,6.0,smart_degen,
2026-04-27,6gCr4K28MSh8zRBf5SUvWXsi6uVmsosTKKR4PqKKhLbB,0.326,7,207,3843.5,0.346,0.38,7.0,smart_degen,
2026-04-27,DgVwo6ojVpd4rfGAj7K7h98oLowQhFvFdv1AKtJwAotm,0.443,7,223,2556.25,0.213,0.16,6.0,smart_degen,
2026-04-27,DpNyXh4ys4wLzKA5jMgfn9wLQFcnrVKAQfpihWFD4cXQ,0.615,23,405,9276.81,0.113,0.02,161.0,smart_degen,
2026-04-27,GijFWw4oNyh9ko3FaZforNsi3jk6wDovARpkKahPD4o5,0.443,7223,5468,157198.2,0.274,116.14,0.0,"axiom,padre,photon,smart_degen,top_renamed",
2026-04-27,GT4NDJHsGQvjBGatevrEN5NS3GTGYtveMcGYtYgb1wzD,0.422,33,6444,8777.73,0.051,35.24,49.0,smart_degen,
2026-04-27,H2KAvWycyqeHhqkMC1f83Pwju3B2MztLYdXVpNMcDs2V,0.434,344,6567,31339.5,0.135,123.01,0.0,"axiom,smart_degen",
2026-04-27,z9RPuqzWJskcRrhWNfcwmWExbsP6i5ob53raQRF8nFw,0.419,24,6394,7355.04,0.043,37.51,50.0,smart_degen,
2026-04-27,8CuFCxoGHUMWV8EXcKN25gWkxTiGvkJe4uQpXfRubPYV,0.42,31,6401,7458.95,0.043,40.21,50.0,smart_degen,
2026-04-27,4CH1wgHqyirN8KR3o9L8oYNpDtRmDccCtiRJjnjLtnYp,0.465,101,1517,15975.58,0.063,0.07,88.0,"fomo,smart_degen",
2026-04-27,BCagckXeMChUKrHEd6fKFA1uiWDtcmCXMsqaheLiUPJd,0.403,24476,22447,41764.43,0.056,285.06,2.0,"axiom,bullx,gmgn,top_renamed,wash_trader",vibed333
2026-04-27,6Dt9J7TXM3eqyQBAZMbGJCV6VsP13WVStwPJnLPFtw2Y,0.638,129,1475,15518.38,0.088,39.15,187.0,"gmgn,smart_degen,trojan",
2026-04-27,3gXrmvpjxZtPm5erFznwSFPDwsbcMGji3oxsvFBXZJQb,0.307,49,142,9176.17,0.203,82.24,87.0,smart_degen,
2026-04-27,ARC5JvKVCcnitPgTmmqV9xc1FJUPB43AEWPU1iMdYM7k,0.506,266,4792,31139.96,0.079,10.37,166.0,"axiom,gmgn,padre,smart_degen",
2026-04-27,BLj14GfMKSL27a4MmrNDyPVMG2ay7S3kXJCQdyHoXbM,0.468,25,1162,12672.62,0.042,11.73,94.0,smart_degen,
2026-04-27,8zkgFGVZrDLieViwqiXFCydSX6WL5hsxmUu55yBdsNsZ,0.509,1489,1209,10410.78,0.03,112.51,228.0,smart_degen,
2026-04-27,Ew4YAextA2RJjPvJoZxmMZpZJdmcpTBJa2bN1U6Ptb2T,0.401,56,2847,4624.98,0.02,71.63,,smart_degen,
2026-04-27,GpJDQbew3J5KhSUMYiHCSJ2ZTxZjoDAxGzqNMjLGwLui,0.574,183,563,22961.93,0.111,175.64,373.0,"gmgn,smart_degen",tujunjie888
2026-04-27,Ei6dbjMnvgLFSkECrXhTynWbGSMWM7ypzpQt9rhbf8gi,0.423,72,1052,6704.83,0.047,0.99,441.0,"bluechip_owner,smart_degen",
2026-04-27,RaVenxw8kykBbW7KGBaBsb7fDkkBYK4uJVDSFun6ZxR,0.795,1041,48200,16160.47,0.002,3.79,275.0,sandwich_bot,
2026-04-27,CT5WRRtZxsoVRBHc6art6HWrM4azWo4ofuiT853PtJTc,0.956,18,2846,15617.15,0.047,9.24,47.0,smart_degen,
2026-04-27,8HcYptCBAaPFWkmupiSAmysZ6Z8jB7N1c4YhVjhX7zbg,0.552,499,239,85797.25,1.181,0.0,241.0,smart_degen,
2026-04-27,zeronaXJsbvPZFmzytV4RPXWBHQGMFcRCvoYaDNPiRL,0.828,84,7048,23397.04,0.043,0.21,0.0,smart_degen,
2026-04-27,zeroDbresTUpHKau1vP4jXrkqtN8Dmh8yuEqyn6GMYh,0.842,113,7332,20263.4,0.037,0.66,65.0,smart_degen,
2026-04-27,FRfG5nMXphNWrCzSJzr3WT62EuitqpGfqSztLaXrcLq6,0.705,31,399,6202.22,0.056,47.96,59.0,"photon,smart_degen",
2026-04-27,Hm9JAZLvkrmi3fFdAE58sipSYsMsfz8M7mgug4943zJq,0.351,39,761,14066.08,0.132,2.59,2.0,smart_degen,
2026-04-27,FjE4fajsdxowAohNztHL5MTgUEpNbuSR3QZK6tDVfh5t,0.687,21,617,4802.62,0.06,11.49,45.0,smart_degen,
2026-04-27,CVxUKFrWDYkE3gsZP9gyVmLD6XkXykk2ukKhAfNrJev8,0.547,165,4418,8203.21,0.023,1.15,379.0,smart_degen,
2026-04-27,4n1cuKwPPKStuDkmHKwCeiyk6aCKNyJPmNybjdRq7tJw,0.534,164,4304,6908.78,0.022,1.08,355.0,smart_degen,
2026-04-28,GijFWw4oNyh9ko3FaZforNsi3jk6wDovARpkKahPD4o5,0.443,7291,5585,157811.4,0.268,57.59,0.0,"axiom,padre,photon,smart_degen,top_renamed",
2026-04-28,BeUW3MFm5Em8zpReaSrfgRNyHhya7jA5VAJdnfEk7HoU,0.501,5,2994,2013.65,0.014,10.7,18.0,smart_degen,
2026-04-28,57hdTgdcVDyYrZJ3ieeBRn4CDiLWVvBrgjsuDa3gSfzD,0.42,40,2388,14821.0,0.09,15.72,30.0,"gmgn,smart_degen",
2026-04-28,GdiM7NF9RC6RDMhyLeWEsGv365x9L9vQfRdXSCwHAYSm,0.483,77,2521,7238.42,0.019,0.22,183.0,"fomo,smart_degen",
2026-04-28,8zkgFGVZrDLieViwqiXFCydSX6WL5hsxmUu55yBdsNsZ,0.512,1506,1615,13270.44,0.029,101.39,229.0,smart_degen,
2026-04-28,9VL5LaHxAj9irfBDDhikzFRB4qZLu8Xfce3w19rNnNYZ,0.627,147,529,7006.47,0.032,100.04,361.0,"photon,smart_degen",
2026-04-28,4n1cuKwPPKStuDkmHKwCeiyk6aCKNyJPmNybjdRq7tJw,0.534,167,4433,6421.59,0.02,1.12,357.0,smart_degen,
2026-04-28,2Be6LzejBRkgHbWFcbVSAkG9AYncYAJqET7vSuG8C6Gq,0.495,10,276,2928.59,0.062,21.29,431.0,smart_degen,
2026-04-28,CVxUKFrWDYkE3gsZP9gyVmLD6XkXykk2ukKhAfNrJev8,0.55,171,4419,8138.31,0.023,1.69,380.0,smart_degen,
2026-04-28,EkXxonwVB27DoBqSEnYYjNPmF83trANHNZkq6ffkRA62,0.417,13,1133,9249.39,0.111,87.4,3.0,"fresh_wallet,gmgn,smart_degen",
2026-04-28,9U6tjPoXMxjWywUnpBjLy9LJ17gGXYVYXPPfDkf2pqy9,0.443,13,899,9361.27,0.055,4.99,29.0,smart_degen,
2026-04-28,GXRVaUGMUXe4wsF6qjRyMdNvJ57H7Zw9c2Ddzhqc9Y2Q,1.0,71,3669,19030.28,0.054,6.82,512.0,"gmgn,smart_degen",
2026-04-28,RaVenxw8kykBbW7KGBaBsb7fDkkBYK4uJVDSFun6ZxR,0.796,1040,50404,25323.44,0.004,13.32,276.0,sandwich_bot,
2026-04-28,LASTvjDWkbXM1RwUCiniHqGLSEH5xJinDRs56wNPQr9,0.925,12,3828,7054.9,0.041,1.25,28.0,smart_degen,
2026-04-28,DiABLotEDhe6xPv5FSTn64N5sVPWViURFJu7BfLgcfq7,1.0,299,9548,39761.19,0.05,0.23,87.0,smart_degen,
2026-04-28,EsxzsBzzuk3vWfbkpX7spabDDUHHhAqm2PxcchXYvCTu,0.469,65,716,1305.41,0.023,1.0,0.0,"smart_degen,trojan",
2026-04-28,4VaC1fJaTFgsa26TEcs5qinMTdravzywhxvpr8RUmrXw,0.307,4,570,4419.32,0.133,4.14,20.0,smart_degen,
2026-04-28,HNUE6Wej1mPhE4949vKANZYW5qDnbv4CgaahhNyuqMvi,0.603,23,2697,4056.57,0.021,24.2,,smart_degen,
2026-04-28,FjE4fajsdxowAohNztHL5MTgUEpNbuSR3QZK6tDVfh5t,0.679,22,689,5438.96,0.062,16.93,46.0,smart_degen,
2026-04-28,CT5WRRtZxsoVRBHc6art6HWrM4azWo4ofuiT853PtJTc,0.96,25,3149,19066.75,0.055,4.06,48.0,smart_degen,
2026-04-28,BGfPf1ExfmpFjaMC1f9SViP19DsEm3nNJkdFUmdBUs98,0.643,5,53,6515.97,1.031,42.48,5.0,"fresh_wallet,smart_degen",
2026-04-28,ARC5JvKVCcnitPgTmmqV9xc1FJUPB43AEWPU1iMdYM7k,0.5,275,4849,31001.96,0.078,13.88,167.0,"axiom,gmgn,padre,smart_degen",
2026-04-29,RaVenxw8kykBbW7KGBaBsb7fDkkBYK4uJVDSFun6ZxR,0.802,1039,51926,19024.65,0.003,12.75,277.0,sandwich_bot,
2026-04-29,BCagckXeMChUKrHEd6fKFA1uiWDtcmCXMsqaheLiUPJd,0.413,24600,22986,37304.18,0.047,386.26,1.0,"axiom,bullx,gmgn,top_renamed,wash_trader",vibed333
2026-04-29,5z8514Nv9kgrTeutSZG7q1CFMB1wZn991oSub4MX4Z5R,0.655,15,500,4381.34,0.049,14.35,4.0,"axiom,smart_degen",
2026-04-29,FgBxbJ2GMrgYQwPeV35SadNWqTWThxb9KbMLmsgzXCVx,0.506,3,288,1928.73,0.123,19.78,9.0,"axiom,smart_degen",
2026-04-29,A7Nka4vVv4dqv7qCEVBE4eRVNPrnrtf6bcgWifzLPmpx,0.49,4,349,2054.29,0.104,19.82,13.0,"axiom,smart_degen",
2026-04-29,BeUW3MFm5Em8zpReaSrfgRNyHhya7jA5VAJdnfEk7HoU,0.502,11,3313,2029.95,0.013,9.32,19.0,smart_degen,
2026-04-29,GfWgSGJGCUYS3QfDjZ2fReqo2ZJMeqg73NrAS8T51yjE,0.424,45,1234,9053.86,0.043,60.45,6.0,"axiom,fresh_wallet,smart_degen",
2026-04-29,BBStxbUjJUtifFF1zzGz45aXE8y5nSGfWWRkPHd66hLL,0.349,137,7243,9178.74,0.023,34.26,1.0,"axiom,smart_degen",
2026-04-29,XG9rkvsLYD74C6oFhgMWPoQjgCLH5onXv8Kp4pBBEQW,0.707,9,1885,1370.67,0.034,5.92,350.0,smart_degen,
2026-04-29,96tQ3mM7VmHmfAvkdmdLht6ieASKiqaTeMC7E4KdpPUd,0.716,6,709,1259.05,0.083,5.86,6.0,smart_degen,
2026-04-29,Gnzz9AXRBnoxzusAMa1rq47b85jwtGNkE6673Qq82z6N,0.625,26,274,2002.7,0.082,47.66,427.0,"axiom,bullx,smart_degen",
2026-04-29,CUFUXwiDUu3N4uEaXShzkcLcLjo742Mq9xGAhcgNvJUJ,0.402,30,225,10606.2,0.136,41.81,27.0,"axiom,smart_degen,trojan",
2026-04-29,8zkgFGVZrDLieViwqiXFCydSX6WL5hsxmUu55yBdsNsZ,0.514,1534,2015,21745.14,0.038,124.24,230.0,smart_degen,
2026-04-29,6UCTdqC64Z9izLuxn7NTy9oodASFKpenCmd6tWRfEJMx,0.422,6,189,2115.82,0.09,11.2,4.0,"fresh_wallet,smart_degen",
2026-04-29,BxeL9TPWTSrAu72usXPnVREaNjKhkABnbQF3GNV9wR3U,0.33,4,264,3154.02,0.24,0.01,8.0,smart_degen,
2026-04-29,BnnNJJgy9w2MLQ9XBKJKG9FQa2r9qdW7u5VpzEkwUcc3,0.319,556,3413,16998.46,0.06,0.98,265.0,smart_degen,
2026-04-29,BLj14GfMKSL27a4MmrNDyPVMG2ay7S3kXJCQdyHoXbM,0.466,35,1202,14064.05,0.045,36.64,96.0,"axiom,smart_degen",
2026-04-29,2Be6LzejBRkgHbWFcbVSAkG9AYncYAJqET7vSuG8C6Gq,0.505,8,296,2880.88,0.055,2.23,432.0,smart_degen,
2026-04-29,5AxPHM7K7qN11cJ9VJcjcvdWoEyvtCixY2g4yvXL8AeM,0.484,6,1383,3011.67,0.031,20.42,60.0,smart_degen,
2026-04-30,RaVenxw8kykBbW7KGBaBsb7fDkkBYK4uJVDSFun6ZxR,0.806,1038,53090,9924.46,0.002,28.87,278.0,sandwich_bot,
2026-04-30,B4HpqF8sHpU7iGKz3rQmV2oWccDwpuChB9AYTFT7AoQj,0.313,107,2476,25679.44,0.118,34.66,3.0,"axiom,smart_degen",
2026-04-30,8qKH1mmzTqczR5NU4YezVYFTXrHkdtZggdjuSnXavXxS,0.319,8,2125,4551.28,0.031,0.82,28.0,smart_degen,
2026-04-30,8ordpA4kpDeN8d5gU8Rf622jfanaJ4oKqevV9h5XQrWk,0.376,10,230,4552.76,0.378,0.04,9.0,smart_degen,
2026-04-30,EfeMGXrnibG5hUg71qeCLPCQZfQMt9ss6SFR8boc5N1C,0.529,1,80,3210.21,0.33,48.78,14.0,"gmgn,smart_degen",
2026-04-30,teddyYXw7aiNpDuQCeLb2YiBJhqthBid4C54BuWcPxm,0.413,501,2814,28708.81,0.13,96.21,3.0,"axiom,padre,smart_degen",
2026-04-30,CVxUKFrWDYkE3gsZP9gyVmLD6XkXykk2ukKhAfNrJev8,0.536,174,4290,7324.59,0.021,1.32,382.0,smart_degen,
2026-04-30,qcJMRMzxmNmfvCafqX24HS4KqK2qtet8JrivhSXVgQx,0.469,21,565,10649.0,0.122,0.43,25.0,smart_degen,
2026-04-30,5QLUCUFA62q1b2y8TKfFf31rL4Qj8zsKTQzuQ8xbTa1o,0.483,487,968,8285.11,0.055,2.9,3.0,"smart_degen,trojan",
2026-04-30,57hdTgdcVDyYrZJ3ieeBRn4CDiLWVvBrgjsuDa3gSfzD,0.422,59,2425,14592.5,0.088,1.92,32.0,"gmgn,smart_degen",
2026-04-30,3zsrxxcvJxif7eC4nRuRLg5qufxumZo4b2HNwETvuM5B,0.392,25,2771,17674.75,0.085,4.78,2.0,"gmgn,smart_degen",
2026-04-30,9KuTh7Ap29B13LWyDx4W7N5iCCrs9n3Vz3kLQ6ZbwKgW,0.722,5,43,1613.04,0.217,0.65,5.0,"fresh_wallet,gmgn,smart_degen",
2026-04-30,Ew4YAextA2RJjPvJoZxmMZpZJdmcpTBJa2bN1U6Ptb2T,0.399,66,2909,7613.31,0.032,99.91,,smart_degen,
2026-04-30,BXGo9i9bWJPBNyjpfhjGF8NdYaJLeZvmhNsCLZLxZLxD,0.545,9,1523,3283.81,0.045,19.65,224.0,"axiom,padre,photon,smart_degen",
2026-04-30,HNUE6Wej1mPhE4949vKANZYW5qDnbv4CgaahhNyuqMvi,0.594,25,2631,3330.64,0.017,19.49,,smart_degen,
2026-04-30,96tQ3mM7VmHmfAvkdmdLht6ieASKiqaTeMC7E4KdpPUd,0.681,13,894,1272.44,0.066,0.36,7.0,smart_degen,
2026-04-30,763QnBSvcF8QqhbcxnyoQQPA5YEfqghyjK3tM84twao9,0.473,7,143,3004.36,0.078,54.74,7.0,"axiom,fresh_wallet,smart_degen",
2026-04-30,1t3ScLivTwvht7qfdUzq5o92M2hHeXNDQTJRAx1TX4d,0.639,2,793,4710.18,0.11,69.28,3.0,"axiom,fresh_wallet,smart_degen",
2026-04-30,Hne52gVhjZHh2ZgAtCDTe1tGNN8hyJgdcfiKJwi6cJyb,0.59,3,794,4552.9,0.106,75.01,3.0,"axiom,fresh_wallet,smart_degen",
2026-04-30,FjE4fajsdxowAohNztHL5MTgUEpNbuSR3QZK6tDVfh5t,0.676,26,866,6094.08,0.057,8.57,48.0,"axiom,smart_degen",
2026-04-30,JBzU99LYekSFhThpv4xHWDo4aC9eM1QKHULhio3owv7T,0.653,90,7391,12685.55,0.017,0.57,41.0,smart_degen,
2026-04-30,8ujWegzoFDyYuLBxLb5Rc39Ygt1zeAkSK6EMRraEwTMp,0.434,220,501,8858.5,0.153,90.77,2.0,"axiom,smart_degen",
2026-04-30,21vaYvUUE4ND1bVt1tcGiXUXHe41w53unQd5DmCDeLZ1,0.334,154,851,16840.79,0.078,261.31,116.0,"photon,smart_degen",
2026-04-30,Gs4oiYvTkrcWjg9NsQGEZt7pqFn3sRX43KRZK5j21SEL,0.396,136,612,18619.71,0.126,303.7,116.0,"photon,smart_degen",
2026-04-30,GBeuq1LCo7A1VvZ5cwAQWKqXZXwemrLW97qAMF9YKpz7,0.626,206,850,8536.58,0.058,22.05,113.0,"axiom,smart_degen",
2026-04-30,CCFQjicFpmLPBRgxR28XZq9ein67YZQ1ZJQJxNzQFRRB,0.328,17,343,3472.41,0.052,82.68,5.0,"fresh_wallet,photon,smart_degen",
2026-04-30,5AxPHM7K7qN11cJ9VJcjcvdWoEyvtCixY2g4yvXL8AeM,0.489,6,1418,4000.92,0.039,23.89,61.0,smart_degen,
2026-04-30,ARC5JvKVCcnitPgTmmqV9xc1FJUPB43AEWPU1iMdYM7k,0.492,285,4946,32010.52,0.08,18.51,169.0,"axiom,gmgn,padre,smart_degen",
2026-04-30,43QmFc2QPPGyMrSNuPnhvfs8BFW1XVZYFdbwURtWoo9x,0.569,89,4649,1663.43,0.007,0.51,216.0,"gmgn,smart_degen",
2026-04-30,zhYnXqK3MNSmwS3yxSvPmY5kUa1n2WUaCJgYUDrAHkL,0.305,2531,259,-9709.62,-0.084,69.84,4.0,"axiom,bullx,padre,pepeboost",onlyzhynx
2026-04-30,BCagckXeMChUKrHEd6fKFA1uiWDtcmCXMsqaheLiUPJd,0.44,24677,23212,47878.81,0.058,550.86,2.0,"axiom,bullx,gmgn,top_renamed,wash_trader",vibed333
2026-04-30,23RC8CTjZ6VRsFN6eEJaNNaG1Q5pj55H23Sh1phBvZud,0.555,10,610,2969.43,0.039,43.75,91.0,"padre,smart_degen",
2026-04-30,HR9Fjf1vQdq9RJJmEJHNZ7LM66xG3LPdJbzkDYYDArqK,0.333,8,161,2797.95,0.127,38.23,3.0,"fresh_wallet,padre,smart_degen",
2026-04-30,2fNPNJKE3ny6b5Vo1wdfa7J7KqYNjeyBM3PbGGSJ398r,0.673,134,2214,6777.73,0.023,38.46,325.0,"padre,smart_degen",
2026-04-30,9Y57ei7ysfCacBkkTTd1MuTyBmqT6Tfe1VWefMrTv6Qo,0.556,26,577,5727.8,0.117,37.85,280.0,"axiom,smart_degen",
2026-04-30,6Dt9J7TXM3eqyQBAZMbGJCV6VsP13WVStwPJnLPFtw2Y,0.634,140,1635,15815.88,0.081,32.39,190.0,"gmgn,smart_degen,trojan",
2026-04-30,8wq2nhV9YaqTtX3aPMdtmhYrzQyoQCdFpWFNqpySux94,0.341,20,721,6139.13,0.068,67.92,21.0,"axiom,smart_degen",
2026-04-30,7fnSsVNgKwnyPayW4oBP9MNFc5YeTtqEyEhT1Psjqakw,0.329,13,859,7364.33,0.071,68.48,27.0,"axiom,smart_degen",
2026-05-01,43QmFc2QPPGyMrSNuPnhvfs8BFW1XVZYFdbwURtWoo9x,0.568,96,4661,2092.89,0.009,0.5,217.0,"gmgn,smart_degen",
2026-05-01,4X77FRfDnQRhER7AmFXSxXRdqobi1Fa7hingewBDVgSc,0.497,26,2664,7290.02,0.045,5.2,415.0,"axiom,gmgn,smart_degen",
2026-05-01,GijFWw4oNyh9ko3FaZforNsi3jk6wDovARpkKahPD4o5,0.435,7489,5889,193226.9,0.297,92.53,500.0,"axiom,padre,photon,smart_degen,top_renamed",
2026-05-01,4CH1wgHqyirN8KR3o9L8oYNpDtRmDccCtiRJjnjLtnYp,0.468,128,1709,28325.07,0.096,0.17,92.0,"fomo,smart_degen",
2026-05-01,RaVenxw8kykBbW7KGBaBsb7fDkkBYK4uJVDSFun6ZxR,0.805,1038,52716,24144.46,0.005,19.21,279.0,sandwich_bot,
2026-05-01,CArzD8YFcGoL9kwyevuEP6thTUVFqPXjj6qEUPXwcpyp,0.375,3,413,2796.72,0.04,0.76,61.0,"fomo,smart_degen",
2026-05-01,AA4CroVKXUi7fro5gJ7SYD3TR8G1DwVri4LE97rVZvJi,0.286,24,1056,5351.89,0.097,8.06,693.0,"gmgn,pepeboost,smart_degen",
2026-05-01,ARC5JvKVCcnitPgTmmqV9xc1FJUPB43AEWPU1iMdYM7k,0.489,293,5011,31801.04,0.079,20.41,170.0,"axiom,gmgn,padre,smart_degen",
2026-05-01,CkakfbMYpsXd7FRNtz9mZqik1dWjk9EmmxuVhUTQcmq8,0.597,17,1236,5640.41,0.058,2.25,132.0,"axiom,smart_degen",
2026-05-01,6UCTdqC64Z9izLuxn7NTy9oodASFKpenCmd6tWRfEJMx,0.402,7,310,3045.59,0.079,29.01,9.0,smart_degen,
2026-05-01,FjE4fajsdxowAohNztHL5MTgUEpNbuSR3QZK6tDVfh5t,0.671,25,876,6197.47,0.058,9.13,49.0,"axiom,smart_degen",
2026-05-01,93kgxYKex5wPyEkjH9P4KspLFAi3fdWBkw8vZce51pbp,0.685,540,3685,12402.04,0.006,1.83,75.0,smart_degen,
2026-05-01,72NWWbchKdRJKvhG6U4f9363psUttkeEkE4yk15imy8u,0.552,19,900,1130.53,0.007,28.88,340.0,smart_degen,
2026-05-01,5AxPHM7K7qN11cJ9VJcjcvdWoEyvtCixY2g4yvXL8AeM,0.48,10,1445,3805.64,0.036,9.3,66.0,smart_degen,
2026-05-01,g5HcBNwSo2GyeKwdsgLzCrmqeB3KeihLd87nS79kDaG,0.502,38,7211,3610.64,0.006,27.88,30.0,smart_degen,
2026-05-01,CVxUKFrWDYkE3gsZP9gyVmLD6XkXykk2ukKhAfNrJev8,0.537,176,4283,7522.16,0.022,1.44,383.0,smart_degen,
2026-05-01,FFFz6LeDp41sqe5VusaLH7V2HFhidCnqTiYQhE6V2Zco,0.452,759,1433,30017.69,0.08,214.31,298.0,"axiom,smart_degen",
2026-05-01,AKfjA7dEpb8783fVkgzKdAQKUEucQixnqXaAEFFwvbaM,0.523,22,297,16308.0,0.189,13.85,54.0,smart_degen,
2026-05-01,3p12mcu3DtNuCrQdcXp18sjiAWLXMFi545K7advr1WeE,0.41,135,129,2149.78,0.061,24.5,419.0,"pepeboost,smart_degen",DybMehmet
2026-05-01,EgV4MfmqjFGcc94op8cTfxvsW19HSuig8FUBwP7CR9oD,0.47,2,547,5717.16,0.092,24.99,34.0,"axiom,smart_degen",
2026-05-01,57hdTgdcVDyYrZJ3ieeBRn4CDiLWVvBrgjsuDa3gSfzD,0.418,60,2482,15021.86,0.088,7.27,38.0,"gmgn,smart_degen",
2026-05-01,G5DKVX5KdMqZ41eKC4cdsgQaXKvBgJqarMgQXCYmKRXJ,0.372,1,79,5148.17,0.167,26.11,9.0,"axiom,smart_degen",
2026-05-01,3zsrxxcvJxif7eC4nRuRLg5qufxumZo4b2HNwETvuM5B,0.388,27,2844,17755.83,0.084,5.1,38.0,"gmgn,smart_degen",
2026-05-01,5z8514Nv9kgrTeutSZG7q1CFMB1wZn991oSub4MX4Z5R,0.66,15,572,4577.03,0.045,18.27,179.0,"axiom,smart_degen",
2026-05-01,J7Xjni7LLHXMFuPkWcAyPRWaX2L5CHQ2GcYeKA67g4ne,0.376,11,3072,1453.63,0.007,4.6,76.0,smart_degen,
2026-05-02,LazyJbNb2pniNKRxsRYGfuyCr1m4qsf3Mhmn2Umgcrm,0.455,6,217,1504.67,0.061,23.91,4.0,"axiom,fresh_wallet,smart_degen",
2026-05-02,CMWnXmtdmtttMMNu9YrzPfuEauS8sF9RomA1dkrvzdJq,0.633,26,1150,5135.56,0.043,0.0,144.0,"fomo,smart_degen",
2026-05-02,teddyYXw7aiNpDuQCeLb2YiBJhqthBid4C54BuWcPxm,0.424,524,2714,35740.63,0.162,104.4,82.0,"axiom,padre,smart_degen",
2026-05-02,RaVenxw8kykBbW7KGBaBsb7fDkkBYK4uJVDSFun6ZxR,0.804,1037,52847,-10615.43,-0.002,24.23,280.0,sandwich_bot,
2026-05-02,43QmFc2QPPGyMrSNuPnhvfs8BFW1XVZYFdbwURtWoo9x,0.569,100,4651,2428.93,0.01,0.5,218.0,"gmgn,smart_degen",
2026-05-02,g5HcBNwSo2GyeKwdsgLzCrmqeB3KeihLd87nS79kDaG,0.508,43,7334,4310.7,0.007,19.65,31.0,smart_degen,
2026-05-02,8SZnC4nicCmRBz1HZzFS1YrwMFEaEnkVi4k2oh5GEYV9,0.599,27,1017,2632.06,0.011,0.52,194.0,"fomo,smart_degen",
2026-05-02,65kmABTfVidnwPzs5bfeyptpM2ewkkNewnJK6QwUSKXE,0.621,78,399,14696.81,0.19,13.31,210.0,"axiom,padre,smart_degen",
2026-05-02,BCagckXeMChUKrHEd6fKFA1uiWDtcmCXMsqaheLiUPJd,0.446,24815,20511,56012.78,0.072,692.69,4.0,"axiom,bullx,gmgn,top_renamed,wash_trader",vibed333
2026-05-02,3QELEdPBiyzRVNh2bnKbsnXgKfQdmSjg5pscoRJHDb9k,0.398,168,574,13414.93,0.107,195.3,330.0,"axiom,smart_degen",
2026-05-02,BRZiH3jQYyGUiAvfS1h84bQzWa6vKVAX5n4wBM69gGEM,0.529,44,404,15417.29,0.151,95.17,192.0,"axiom,smart_degen",
2026-05-02,9ThkXgRpJ9twXELT2TfvbdaAuJJsbpyHFVVHtocDkWxh,0.589,5,636,2626.32,0.056,0.0,4.0,"fomo,fresh_wallet,smart_degen",
2026-05-02,HtHkKxYN43BdJ8QJU1srMa3bqjpncLFcZgVCX8yU3AJS,0.578,16,723,3864.36,0.083,94.6,4.0,"axiom,photon,smart_degen",
2026-05-02,21vaYvUUE4ND1bVt1tcGiXUXHe41w53unQd5DmCDeLZ1,0.337,166,852,16571.73,0.076,245.38,118.0,"photon,smart_degen",
2026-05-02,5a4m2NSCHfSXVutpoGrJiWjUrh1UqC2GGM8i3JVMuSjP,0.696,3,49,7615.15,0.41,94.54,15.0,"axiom,smart_degen",
2026-05-02,FQa9kwnFMvpC52hcSGNFwK7gyndmxwYmFRonnnyDWwet,0.433,18,1009,2990.01,0.036,9.84,164.0,"axiom,smart_degen",
2026-05-02,E2tVJXu8GFjxxYeFftLSoqz9L15qVoqpDEiFGB7YJC8s,0.498,31,1005,4258.34,0.051,7.84,285.0,"axiom,smart_degen",
2026-05-02,4n1cuKwPPKStuDkmHKwCeiyk6aCKNyJPmNybjdRq7tJw,0.521,183,4713,5218.9,0.016,1.79,361.0,smart_degen,
2026-05-02,58oqG28EYKpQY1VQTfJjruyQ44rajRgZLdqfgGfzsvmS,0.435,600,1055,20517.08,0.238,72.72,141.0,"axiom,smart_degen",
2026-05-02,5gMno8MC7dj7HKmd4TL8C8eqP1ude5XTiUe5381dv5Y2,0.367,39,3458,4377.74,0.021,3.23,102.0,"axiom,padre,smart_degen",
2026-05-03,teddyYXw7aiNpDuQCeLb2YiBJhqthBid4C54BuWcPxm,0.41,546,2621,33254.27,0.159,65.75,83.0,"axiom,padre,smart_degen",
2026-05-03,CkakfbMYpsXd7FRNtz9mZqik1dWjk9EmmxuVhUTQcmq8,0.592,26,1336,6375.94,0.06,3.22,134.0,"axiom,smart_degen",
2026-05-03,8euetkLFsofJVuTZwfcHChhhNjsh5F3wiJeLmdnX5oCs,0.545,14,1563,2069.64,0.019,22.45,517.0,smart_degen,
2026-05-03,2LsypdLpNwWiC8N5P1Ut3e1hEdv3aKRiiM8VWGMc6XVJ,0.54,17,4437,2746.85,0.015,4.0,,smart_degen,
2026-05-03,8Xo7so2GbfBXWb1Z2tdscAx4raMtypMEMjpKRoVo3CS7,0.447,13,1506,1432.46,0.017,10.45,5.0,"axiom,smart_degen",
2026-05-03,7KhwDWw3tSwijPuSzSeb4aoutmVjXTy8f1eTdY3qqmob,0.372,4,480,3790.72,0.197,22.13,26.0,"axiom,smart_degen",
2026-05-03,4oCkJH5RQMCvgS4qLozDEjmDBPQLmrdzucMoyCPEA2Nn,0.551,58,1796,20539.73,0.028,0.0,90.0,"fomo,smart_degen",
2026-05-03,CaZFJsroMgkyCCSpTk8p4jLr4XevuQLuQov9VaZnTnhz,0.459,25,1626,6760.43,0.029,39.35,448.0,"axiom,padre,photon,smart_degen",
2026-05-03,6UCTdqC64Z9izLuxn7NTy9oodASFKpenCmd6tWRfEJMx,0.409,8,395,2550.81,0.054,0.07,11.0,smart_degen,
2026-05-03,EXUzBTmHcYYwoHXjVi4zRBrj92iAcbnDRnsjs5SZ5PoC,0.622,237,396,40478.79,0.517,52.46,15.0,"axiom,padre,smart_degen",
2026-05-03,65kmABTfVidnwPzs5bfeyptpM2ewkkNewnJK6QwUSKXE,0.646,97,478,18668.86,0.219,57.78,211.0,"axiom,padre,smart_degen",
2026-05-03,Fas8M2AFEETYfroWvAsjyM8BZXVR2EnagGfWWNxVCYzo,0.387,5,1053,2218.7,0.043,15.21,196.0,"axiom,smart_degen",
2026-05-03,9ThkXgRpJ9twXELT2TfvbdaAuJJsbpyHFVVHtocDkWxh,0.592,10,703,17872.39,0.346,0.42,5.0,"fomo,fresh_wallet,smart_degen",
2026-05-03,AYa3gJuN7PPQbLbNmxY1G7bp6JxV5EBUDoD1B5mPQgct,0.421,9,3363,1525.83,0.007,3.18,33.0,smart_degen,
2026-05-03,BN5UW6MaLRfqV5SqrC2qFeBipDbsefMrQtfhx91JMKJ6,0.389,56,1209,2655.85,0.13,22.71,274.0,"axiom,smart_degen",
2026-05-03,DGma4Uxm9JS6yLNdgYaxsZhwk2nxrRGMfMt5buXbiFCm,0.517,170,1570,15161.45,0.106,38.24,135.0,"gmgn,smart_degen",
2026-05-03,HiK8buhCxdD1JLKonZMp29TNpz4KD8M2gTSrxiva5JH9,0.53,300,788,24088.22,0.105,153.21,447.0,"axiom,photon,smart_degen",
2026-05-03,RaVenxw8kykBbW7KGBaBsb7fDkkBYK4uJVDSFun6ZxR,0.804,1037,53258,-14741.97,-0.003,15.86,281.0,sandwich_bot,
2026-05-03,21vaYvUUE4ND1bVt1tcGiXUXHe41w53unQd5DmCDeLZ1,0.333,174,849,20406.24,0.093,359.33,119.0,"photon,smart_degen",
2026-05-03,43QmFc2QPPGyMrSNuPnhvfs8BFW1XVZYFdbwURtWoo9x,0.569,101,4619,2560.92,0.011,0.5,219.0,"gmgn,smart_degen",
2026-05-03,J2ECnk4MJQ8boxN77ss8fTkQRQxG7JmEUEGbARjxBPaz,0.51,30,1861,4574.38,0.038,6.92,88.0,"axiom,smart_degen",
2026-05-03,2ssgEJ3g9WCCSXZQfCBoVD3vYGYKSXUtDKoVSgd6Z5bg,0.634,786,276,17880.28,0.241,0.07,292.0,"axiom,padre,smart_degen",
2026-05-03,6dZSQTb4LLH9gtM6Qm5bKpen4o1wk4gb5tEDQtiCfquX,0.454,18,311,2648.07,0.068,3.06,122.0,"axiom,smart_degen",
2026-05-03,9iMx2T4arVfNFyXmJtM8WJuBXm2Q5MnLgkFaNkFihWDG,0.34,3,564,1192.8,0.068,12.72,19.0,smart_degen,
2026-05-03,DTmCAADcmgu5yMc7tqNegryFNpMAkSJzV6EGLWftwGSt,0.52,17,864,15892.07,0.086,1.3,219.0,smart_degen,
2026-05-03,5gMno8MC7dj7HKmd4TL8C8eqP1ude5XTiUe5381dv5Y2,0.369,39,3598,4479.05,0.021,4.32,103.0,"axiom,padre,smart_degen",
2026-05-03,CRehX3UNi4MyyQagMz7MyfiWrN9ZynE6v2eNZ2ffrPD1,0.505,5,2058,2605.28,0.025,18.23,95.0,smart_degen,
2026-05-04,7bStznDD61wKjvQkjQRcwe9T5zgVHTZ8Qq95MexoPKtX,0.374,221,708,9874.85,0.068,37.94,221.0,"gmgn,smart_degen",xiansheng382051
2026-05-04,RaVenxw8kykBbW7KGBaBsb7fDkkBYK4uJVDSFun6ZxR,0.796,1036,53530,-36654.31,-0.008,12.47,282.0,sandwich_bot,
2026-05-04,8fcpKabenaFrm53uB2jaMk9vpUVHa626KKcSYTiTCAf2,0.5,12,6259,2111.18,0.023,3.77,31.0,smart_degen,
2026-05-04,5Jtizo6CzN4TJ4pCiZDdGcAq2MfF7ntYnBcbErLbJwKV,0.456,29,1072,18866.73,0.103,40.34,44.0,"axiom,smart_degen",
2026-05-04,2LsypdLpNwWiC8N5P1Ut3e1hEdv3aKRiiM8VWGMc6XVJ,0.536,19,4789,3068.83,0.016,1.99,,smart_degen,
2026-05-04,PCX1b8exeasEaE8kK5S5XyUC2PXJyqZRCN6pRWxaTdV,0.534,19,411,2841.73,0.038,10.95,25.0,smart_degen,
2026-05-04,3nG9zBc6fTne3j9kkS1CB5quyt25CS29GEjvMGNKmDSz,0.63,447,533,39034.26,0.146,36.36,364.0,"app_smart_money,gmgn,smart_degen",
2026-05-04,FcYZvPjoH2JvWUCoUkVDV4HLsBdd3woYGULXi8Q9doHf,0.371,97,5282,5952.8,0.024,8.01,6.0,"gmgn,smart_degen",_insider___
2026-05-04,B4HpqF8sHpU7iGKz3rQmV2oWccDwpuChB9AYTFT7AoQj,0.316,118,2343,24969.87,0.117,9.45,68.0,"axiom,smart_degen",
2026-05-04,CCFQjicFpmLPBRgxR28XZq9ein67YZQ1ZJQJxNzQFRRB,0.32,27,571,7678.13,0.068,93.47,9.0,"photon,smart_degen",
2026-05-04,teddyYXw7aiNpDuQCeLb2YiBJhqthBid4C54BuWcPxm,0.417,565,2660,37619.11,0.176,128.3,84.0,"axiom,padre,smart_degen",
2026-05-04,JCwwCqnpaEZfDUwbksy4u8HXSXxzMtYSD5A2x4wbnf6c,0.483,3,253,4013.13,0.104,53.78,6.0,"axiom,fresh_wallet,smart_degen",
2026-05-04,9wPXjFNv1FGbm6dTH8pM9s99bsfN1Dc6paGA4ZyzW4GT,0.473,3,241,2073.29,0.06,28.92,7.0,"axiom,fresh_wallet,smart_degen",
2026-05-04,65kmABTfVidnwPzs5bfeyptpM2ewkkNewnJK6QwUSKXE,0.66,114,576,21657.56,0.238,42.24,212.0,"axiom,padre,smart_degen",
2026-05-04,3jSHyFJjkWnz73niuzRnjsxSEA6MV3kwKu4ZAFEXGN6f,0.669,33,369,6638.0,0.142,45.47,11.0,"padre,smart_degen",
2026-05-04,BXGo9i9bWJPBNyjpfhjGF8NdYaJLeZvmhNsCLZLxZLxD,0.531,20,1586,3084.54,0.027,8.46,228.0,"axiom,padre,photon,smart_degen",
2026-05-04,CVxUKFrWDYkE3gsZP9gyVmLD6XkXykk2ukKhAfNrJev8,0.538,183,4041,8755.27,0.026,1.17,386.0,smart_degen,
2026-05-04,58oqG28EYKpQY1VQTfJjruyQ44rajRgZLdqfgGfzsvmS,0.438,614,1137,20502.95,0.223,55.13,143.0,"axiom,smart_degen",
2026-05-04,4X77FRfDnQRhER7AmFXSxXRdqobi1Fa7hingewBDVgSc,0.477,37,2624,8009.69,0.05,6.42,418.0,"axiom,gmgn,smart_degen",
2026-05-04,9LxMdvs1m8QRFvFuhvzzMXykAkpaHTJhktULdpBztUMm,0.325,470,2018,90113.87,0.167,417.09,123.0,"axiom,smart_degen",
2026-05-04,CRehX3UNi4MyyQagMz7MyfiWrN9ZynE6v2eNZ2ffrPD1,0.541,9,2065,2747.18,0.027,18.8,96.0,smart_degen,
2026-05-04,EXUzBTmHcYYwoHXjVi4zRBrj92iAcbnDRnsjs5SZ5PoC,0.62,246,446,40488.1,0.496,7.87,16.0,"axiom,padre,smart_degen",
2026-05-04,GV3xVMBcrHoUaq9daSkff9byhq1eiHjbC5z6dbdTEUpA,0.616,44,338,26951.25,0.232,51.36,6.0,"axiom,smart_degen",
2026-05-05,2LsypdLpNwWiC8N5P1Ut3e1hEdv3aKRiiM8VWGMc6XVJ,0.537,27,5087,3032.01,0.015,2.02,,smart_degen,
2026-05-05,2xTAbVhrFdHybZnxjkwfkQHLvkRKMfggL641mFKj8xWD,0.3,3,670,4270.12,0.183,22.8,13.0,"axiom,fresh_wallet,smart_degen",
2026-05-05,8oXTSEXe4btkGhgJmYYThnwGcTpwL8MFMY45Nxfxoooo,0.533,6,625,1431.95,0.077,18.57,7.0,"axiom,smart_degen",
2026-05-05,CkakfbMYpsXd7FRNtz9mZqik1dWjk9EmmxuVhUTQcmq8,0.58,29,1418,5948.96,0.052,0.88,136.0,"axiom,smart_degen",
2026-05-05,Gs4oiYvTkrcWjg9NsQGEZt7pqFn3sRX43KRZK5j21SEL,0.399,144,690,17759.96,0.108,332.91,121.0,"photon,smart_degen",
2026-05-05,BCagckXeMChUKrHEd6fKFA1uiWDtcmCXMsqaheLiUPJd,0.467,24981,19832,54476.67,0.071,313.7,7.0,"axiom,bullx,gmgn,top_renamed,wash_trader",vibed333
2026-05-05,FRfG5nMXphNWrCzSJzr3WT62EuitqpGfqSztLaXrcLq6,0.688,49,508,7704.67,0.058,62.15,67.0,"photon,smart_degen",
2026-05-05,AdmuNy6KJgYa8GoJXDqCknBte57WQEf8khQG9iu9cY5,0.682,10,984,3623.75,0.019,11.57,20.0,smart_degen,
2026-05-05,DXMR7EsE7NbQAvrTiYjiTka3zkjX2pGky2R4JKTeJWzn,0.677,11,995,3591.31,0.03,14.75,56.0,smart_degen,
2026-05-05,RaVenxw8kykBbW7KGBaBsb7fDkkBYK4uJVDSFun6ZxR,0.792,1036,53500,-31737.84,-0.007,24.28,283.0,sandwich_bot,
2026-05-05,GQhCQkMcFJXJRRysccenkUPeUrYQH3yPYntLGevCTY4s,0.628,28,896,3566.89,0.053,22.59,30.0,"axiom,smart_degen",
2026-05-05,FogrFSazri3LBBkhZZVznKbhsKwzHMUggyHc13fMgMHx,0.678,12,309,2136.75,0.059,40.16,14.0,"axiom,smart_degen",
2026-05-05,EU3bDZLYp3jRfQvpgBG3MbWfCmUoR9wV6gx28gu9BiqD,0.533,8,75,1959.86,0.263,5.01,13.0,"axiom,smart_degen",
2026-05-05,FjE4fajsdxowAohNztHL5MTgUEpNbuSR3QZK6tDVfh5t,0.68,32,880,6782.56,0.063,7.83,53.0,"axiom,smart_degen",
2026-05-05,58oqG28EYKpQY1VQTfJjruyQ44rajRgZLdqfgGfzsvmS,0.43,619,1176,20439.61,0.217,53.62,144.0,"axiom,smart_degen",
2026-05-05,mh9XHevMtp3jpKx3nw4YwTcDYdWF2xUqk2johRAaSWs,0.371,8,1894,16596.04,0.176,97.26,15.0,"axiom,smart_degen",
2026-05-05,FYsgcNSoqZNcCXsyVvr2NWQToMJUqB2ZbTK7N1E8cqM,0.362,10,1840,23650.78,0.305,113.54,15.0,"axiom,smart_degen",
2026-05-05,8fcpKabenaFrm53uB2jaMk9vpUVHa626KKcSYTiTCAf2,0.497,18,6223,2141.79,0.021,2.72,32.0,smart_degen,
2026-05-05,3dRwg3RnU2UMy5FoSceEWX7dBgFs5RfM4VxrBAQrefbi,0.409,3,362,1378.58,0.095,0.05,353.0,"axiom,smart_degen",
2026-05-05,CXVJewdc79TYR55sz4SGLSWUPz3r4LBJ9Mn93bZ8ZyAz,0.397,310,2696,6163.44,0.019,40.56,488.0,"axiom,bullx,gmgn,padre,smart_degen",
2026-05-05,CCFQjicFpmLPBRgxR28XZq9ein67YZQ1ZJQJxNzQFRRB,0.3,32,623,4010.18,0.03,82.17,10.0,"photon,smart_degen",
2026-05-05,tCPHCKBKPmVvDCPiv3JmTeXXc7ivPpTRfvPZuzTodir,0.42,20,454,6957.27,0.155,49.72,17.0,"axiom,smart_degen",
2026-05-05,Ejhe74yR9VedNNPJvHAwrmvVwQPkTQ8x6ykzYCL88LfN,0.391,21,454,5867.52,0.13,36.3,17.0,"axiom,smart_degen",
2026-05-05,FdwVhbBQhY9rwF5yaZwVH2SK6jhtxj67idgVrrGgAmKS,0.44,29,457,7233.63,0.161,50.37,17.0,"axiom,smart_degen",
2026-05-05,CVxUKFrWDYkE3gsZP9gyVmLD6XkXykk2ukKhAfNrJev8,0.541,189,3966,8791.47,0.027,1.67,387.0,smart_degen,
2026-05-05,43QmFc2QPPGyMrSNuPnhvfs8BFW1XVZYFdbwURtWoo9x,0.58,108,4490,3120.41,0.013,0.51,221.0,"gmgn,smart_degen",
2026-05-05,GkCG1KQcTuhHg8BBiqM2Xbyo4cWKSet4Vv6KmKvBHddz,0.535,3,43,1816.78,0.136,51.19,4.0,"fresh_wallet,padre,smart_degen",
2026-05-05,G7q2tvN68RhiZr3fgvawjJPxfG9VaDygcrZxQacrqgex,0.54,93,1428,1131.51,0.01,5.18,76.0,smart_degen,
2026-05-05,teddyYXw7aiNpDuQCeLb2YiBJhqthBid4C54BuWcPxm,0.414,592,2770,41330.78,0.187,49.71,85.0,"axiom,padre,smart_degen",
2026-05-05,BXGo9i9bWJPBNyjpfhjGF8NdYaJLeZvmhNsCLZLxZLxD,0.523,21,1563,2343.88,0.02,3.11,229.0,"axiom,padre,photon,smart_degen",
2026-05-05,8zws4rkYZGFX7G7uJ8x7WHFh5JLkSb5KePgwSVNkzsxu,0.477,130,3361,8706.15,0.036,25.46,425.0,"axiom,photon,smart_degen",
2026-05-06,2tMtxBCdF7NWZxVdmBU2DFYBapEAruJVR7KWmZYSkroi,0.636,8,835,1346.57,0.024,1.23,252.0,"gmgn,smart_degen",
2026-05-06,RaVenxw8kykBbW7KGBaBsb7fDkkBYK4uJVDSFun6ZxR,0.783,1036,53227,-30299.03,-0.006,14.71,284.0,sandwich_bot,
2026-05-06,DTmCAADcmgu5yMc7tqNegryFNpMAkSJzV6EGLWftwGSt,0.538,33,967,18787.11,0.095,1.17,222.0,smart_degen,
2026-05-06,8fcpKabenaFrm53uB2jaMk9vpUVHa626KKcSYTiTCAf2,0.492,22,6235,1947.15,0.017,0.36,33.0,smart_degen,
2026-05-06,E4cWmHxVufS21fSAg2eFkXiJqtis28P68y5S86UKi7xu,0.368,49,522,1904.89,0.081,9.48,102.0,"padre,smart_degen",
2026-05-06,43QmFc2QPPGyMrSNuPnhvfs8BFW1XVZYFdbwURtWoo9x,0.578,109,4444,3475.12,0.015,0.51,222.0,"gmgn,smart_degen",
2026-05-06,2fnp6XUrJea36F4bGR7him4zS4Tg8FE17hgKgQWSuPP7,0.453,11,631,2871.13,0.07,7.7,5.0,"axiom,fresh_wallet,smart_degen",
2026-05-06,4BRiPjfVeAehyxMw78Cw9Jsa8NMwy8TBgJ1RNMGcexpA,0.487,9,637,4903.64,0.116,8.29,5.0,"axiom,fresh_wallet,smart_degen",
2026-05-06,2xygiSjkrvpc4rNjpg6dzeBhk3wvQaaWRSMAK4x2Tyyn,0.534,5,428,1748.56,0.095,8.91,3.0,"axiom,fresh_wallet,smart_degen",
2026-05-06,PCX1b8exeasEaE8kK5S5XyUC2PXJyqZRCN6pRWxaTdV,0.526,22,457,2908.99,0.036,10.82,27.0,smart_degen,
2026-05-06,4n1cuKwPPKStuDkmHKwCeiyk6aCKNyJPmNybjdRq7tJw,0.523,188,4942,4641.33,0.015,0.97,365.0,smart_degen,
2026-05-06,GJeokToNY8yqcXgPHCDnKUCFzEaBD4oohKsfZcc5Xa8i,0.497,40,648,1438.81,0.031,4.02,743.0,"smart_degen,trojan",
2026-05-06,teddyYXw7aiNpDuQCeLb2YiBJhqthBid4C54BuWcPxm,0.404,600,2812,40658.13,0.183,19.94,86.0,"axiom,padre,smart_degen",
2026-05-06,GExMN6extw7JyLe3jENEZwULyyqbDxxcrfF44VFLvFAT,0.462,209,230,40834.86,0.263,46.41,24.0,"axiom,smart_degen",
2026-05-06,undwZZbXFTXAizTeeNpmygJDa4pWopEr1UCDSWpyo4y,0.654,67,3145,8180.71,0.013,2.98,25.0,smart_degen,
2026-05-06,GWM5CZhJ8CppvLC7JGMhcK4DHbK2x6jJp9i34puczZDc,0.6,22,3148,2386.76,0.019,24.47,,smart_degen,
2026-05-06,HtHkKxYN43BdJ8QJU1srMa3bqjpncLFcZgVCX8yU3AJS,0.568,25,978,4942.04,0.077,106.94,8.0,"axiom,photon,smart_degen",
2026-05-06,E5XH7MGazFEkb2YrJAWYBFvjRr3tDE8kozWmvzR4Cyv2,0.667,15,155,2499.81,0.249,25.1,106.0,smart_degen,
2026-05-06,39RBACr1ijDzQwDUbWBv4cRoDKGxWwCxdJ9udA8Jhu6W,0.472,18,82,6431.83,0.259,85.53,19.0,"padre,smart_degen",
2026-05-06,2rCQQtyrEKTLT5ofNNWvC5UQ911NHs9s2qEUeF3Dckgi,0.304,0,1237,2135.91,0.027,13.77,8.0,smart_degen,
2026-05-06,4X77FRfDnQRhER7AmFXSxXRdqobi1Fa7hingewBDVgSc,0.47,39,2624,7956.47,0.05,7.62,420.0,"axiom,gmgn,smart_degen",
2026-05-06,BCagckXeMChUKrHEd6fKFA1uiWDtcmCXMsqaheLiUPJd,0.475,25022,19477,49750.66,0.066,323.18,8.0,"axiom,bullx,gmgn,top_renamed,wash_trader",vibed333
2026-05-06,2NuAgVk3hcb7s4YvP4GjV5fD8eDvZQv5wuN6ZC8igRfV,0.487,2320,13103,10798.9,0.01,99.28,271.0,"smart_degen,top_renamed",
2026-05-06,FjE4fajsdxowAohNztHL5MTgUEpNbuSR3QZK6tDVfh5t,0.655,32,921,6609.2,0.058,6.7,54.0,"axiom,smart_degen",
2026-05-06,DknQuSA3PvfcuNiF46mJDE4fX6HPNkJKXovRfkV2eqoR,0.636,21,167,4332.86,0.17,0.43,105.0,"fomo,smart_degen",
2026-05-06,GkCG1KQcTuhHg8BBiqM2Xbyo4cWKSet4Vv6KmKvBHddz,0.529,3,53,2012.26,0.124,53.41,5.0,"fresh_wallet,padre,smart_degen",
2026-05-06,5gMno8MC7dj7HKmd4TL8C8eqP1ude5XTiUe5381dv5Y2,0.366,49,4016,4478.46,0.019,1.99,106.0,"axiom,padre,smart_degen",
2026-05-07,7q15WZ4iSUDvqfs5Kdh9bfptkQhs6qKUyCUq6GY6PGxg,0.647,309,4071,19675.0,0.044,4.69,553.0,"axiom,smart_degen",
2026-05-07,undwZZbXFTXAizTeeNpmygJDa4pWopEr1UCDSWpyo4y,0.658,70,3293,8524.49,0.013,2.67,26.0,smart_degen,
2026-05-07,6kPn3FEAUxMP5t8Ed5Y65GyZkWMNKwcCMRSqKeMWSfPq,0.369,5,189,1748.91,0.072,8.54,10.0,"axiom,gmgn,smart_degen",
2026-05-07,2NuAgVk3hcb7s4YvP4GjV5fD8eDvZQv5wuN6ZC8igRfV,0.486,2334,11895,9453.27,0.01,98.25,272.0,"smart_degen,top_renamed",
2026-05-07,teddyYXw7aiNpDuQCeLb2YiBJhqthBid4C54BuWcPxm,0.411,614,3025,41943.6,0.177,30.05,87.0,"axiom,padre,smart_degen",
2026-05-07,RaVenxw8kykBbW7KGBaBsb7fDkkBYK4uJVDSFun6ZxR,0.778,1036,54531,-18237.31,-0.004,13.08,285.0,sandwich_bot,
2026-05-07,tuyuNoNBoij3FTkHmjkiEa4d8Nus4bjaCHfKRGgfLEs,0.425,165,986,16762.43,0.078,211.11,89.0,"axiom,smart_degen",
2026-05-07,DGma4Uxm9JS6yLNdgYaxsZhwk2nxrRGMfMt5buXbiFCm,0.516,191,1830,18456.9,0.111,57.1,139.0,"gmgn,smart_degen",
2026-05-07,MeskxyRYaBhYERcNP2zLVTqFVR43TMX4MihyH7AU4XN,0.582,68,3137,219.91,0.0,2.75,90.0,"axiom,smart_degen",
2026-05-07,G997psqnoXBkorTPpyJfLwt4ZUxywijQJEQLBvBuNd2B,0.496,2,3753,792.01,0.013,1.74,34.0,smart_degen,
2026-05-07,BCagckXeMChUKrHEd6fKFA1uiWDtcmCXMsqaheLiUPJd,0.473,25084,20134,52686.07,0.067,379.65,9.0,"axiom,bullx,gmgn,top_renamed,wash_trader",vibed333
2026-05-07,8fcpKabenaFrm53uB2jaMk9vpUVHa626KKcSYTiTCAf2,0.502,24,6210,2235.5,0.017,6.63,34.0,smart_degen,
2026-05-07,jvLu6T62NxqxytnKTCppzMuSYTXwfkFDgzCU88g8wWi,0.533,18,77,1613.79,0.215,1.13,12.0,"pepeboost,smart_degen,trojan",
2026-05-07,FFFz6LeDp41sqe5VusaLH7V2HFhidCnqTiYQhE6V2Zco,0.45,797,1345,33140.15,0.093,243.41,304.0,"axiom,smart_degen",
2026-05-07,zephyrni115ZD4MvotSF8Xi92yennkdpT5nJkAjGdSU,0.451,47,4605,16003.86,0.028,4.29,38.0,"padre,smart_degen",
2026-05-07,BPmu618RfhC7BV2npKzGmHHBrpf3U1oLJRtvhgJkWr8b,0.553,3,478,7896.98,0.069,0.38,35.0,smart_degen,
2026-05-07,4n1cuKwPPKStuDkmHKwCeiyk6aCKNyJPmNybjdRq7tJw,0.525,190,4941,4565.83,0.015,1.1,366.0,smart_degen,
2026-05-07,CRehX3UNi4MyyQagMz7MyfiWrN9ZynE6v2eNZ2ffrPD1,0.541,14,2359,3392.81,0.03,5.91,99.0,smart_degen,
2026-05-07,DWja6UWwLhX3uK4joHd7JwGHU2cpZP4cvevEQ69rxxqu,0.537,6,5474,2268.48,0.008,1.55,389.0,smart_degen,
2026-05-07,GoonY5hPo63xAPCwkyWuFmQ57HWq8wj5Bevj2D222U4u,0.453,38,1631,8994.33,0.038,21.21,71.0,"axiom,smart_degen",
2026-05-07,hnu69n6P5CgYXCtUKii9wgamqtDeTVHY3TVJ6HKt7wC,0.822,170,1383,38510.46,0.036,6.55,225.0,"padre,smart_degen",
2026-05-07,GExMN6extw7JyLe3jENEZwULyyqbDxxcrfF44VFLvFAT,0.456,215,249,41762.72,0.249,69.31,25.0,"axiom,smart_degen",
2026-05-07,AYa3gJuN7PPQbLbNmxY1G7bp6JxV5EBUDoD1B5mPQgct,0.436,15,3374,1792.51,0.008,3.22,37.0,smart_degen,
2026-05-08,2NuAgVk3hcb7s4YvP4GjV5fD8eDvZQv5wuN6ZC8igRfV,0.48,2340,10984,8720.91,0.01,97.28,273.0,"smart_degen,top_renamed",
2026-05-08,RaVenxw8kykBbW7KGBaBsb7fDkkBYK4uJVDSFun6ZxR,0.777,1036,51683,-9344.09,-0.002,18.06,286.0,sandwich_bot,
2026-05-08,8zws4rkYZGFX7G7uJ8x7WHFh5JLkSb5KePgwSVNkzsxu,0.502,135,3370,6424.57,0.025,15.89,428.0,"axiom,photon,smart_degen",
2026-05-08,J6kZjUBfRhgxXjcQWTyLJimZWKHT4evAJSmhN9rHAQkr,0.563,73,3004,10398.32,0.065,28.88,246.0,"axiom,smart_degen",
2026-05-08,7Ff9bMujNXue8obmfdBYcn32mB5G1tSSk8ffUJ1J8Roq,0.304,3,120,3166.9,0.371,18.0,56.0,"axiom,smart_degen",
2026-05-08,undwZZbXFTXAizTeeNpmygJDa4pWopEr1UCDSWpyo4y,0.666,74,3470,9620.14,0.014,5.77,27.0,smart_degen,
2026-05-08,RTYizu6bjvFTBfiS56cEoqkKRqk5xa5VBKsHQUeUNDs,0.703,95,2565,8036.91,0.016,3.88,85.0,smart_degen,
2026-05-08,4pkCyvj7KjpyYtHCgaxN4dbeyeNa67dtp1JncauU4MFh,0.446,17,7480,1687.08,0.001,105.26,14.0,smart_degen,
2026-05-08,CqB9P9K2dKjKmJx1k9qAJr8ucPKXgv45qP1G74JUwxwF,0.689,29,1206,10590.89,0.165,0.16,240.0,smart_degen,
2026-05-08,9488N1xhqspsRwSHJJdUJxvApZxgTbLStbGZAT9H12H3,0.455,2,1950,3494.04,0.021,9.81,10.0,"axiom,smart_degen,trojan",
2026-05-08,43QmFc2QPPGyMrSNuPnhvfs8BFW1XVZYFdbwURtWoo9x,0.586,110,4392,4175.77,0.018,0.5,224.0,"gmgn,smart_degen",
2026-05-08,2oYNaFL8ZAy8kKKEBZ6uHY2aCMdujk7LG7ggX2Fm3zBa,0.337,270,1032,24972.83,0.075,70.1,176.0,"axiom,gmgn,smart_degen",makupnl
2026-05-08,zzzCaz9jTFBka6vypB26BeyKK9BTqyFYyFzqZtM6sUa,0.649,29,4117,4209.65,0.011,5.53,110.0,smart_degen,
2026-05-08,BCagckXeMChUKrHEd6fKFA1uiWDtcmCXMsqaheLiUPJd,0.468,25142,20414,58372.98,0.073,437.5,10.0,"axiom,bullx,gmgn,top_renamed,wash_trader",vibed333
2026-05-08,J2ECnk4MJQ8boxN77ss8fTkQRQxG7JmEUEGbARjxBPaz,0.504,32,1809,4324.73,0.035,9.57,93.0,"axiom,smart_degen",
2026-05-08,HtHkKxYN43BdJ8QJU1srMa3bqjpncLFcZgVCX8yU3AJS,0.582,27,1054,5527.87,0.08,114.05,10.0,"axiom,photon,smart_degen",
2026-05-08,8fcpKabenaFrm53uB2jaMk9vpUVHa626KKcSYTiTCAf2,0.503,26,6262,2053.97,0.014,5.02,35.0,smart_degen,
2026-05-08,hnu69n6P5CgYXCtUKii9wgamqtDeTVHY3TVJ6HKt7wC,0.83,181,1408,38811.94,0.035,6.86,226.0,"padre,smart_degen",
2026-05-08,FX2MjjFCMkKWupyCQR49gdtSwEpc7fpGJKkFX4J9hjfs,0.518,55,3493,14067.48,0.054,23.42,110.0,smart_degen,
2026-05-08,5uez2R1fXyJ6YW1wVPqFoEq91WJufuWceVQy647qVYHF,0.59,24,922,27727.64,0.056,311.98,33.0,smart_degen,
2026-05-08,H2KAvWycyqeHhqkMC1f83Pwju3B2MztLYdXVpNMcDs2V,0.399,375,7127,28497.58,0.054,10.33,427.0,"axiom,smart_degen",
2026-05-09,5iFfo44ffJM1JA45QsdVWaP1UbK7U6sML3pjGk4hNn4E,0.611,7,845,3250.54,0.081,21.51,43.0,"axiom,smart_degen",
2026-05-09,RaVenxw8kykBbW7KGBaBsb7fDkkBYK4uJVDSFun6ZxR,0.783,1036,51676,-4522.77,-0.001,15.0,287.0,sandwich_bot,
2026-05-09,AWr1gkz19aGuWm2p3hYCuL2Hq2oHwuMK4rF6w3VctQAZ,0.42,4,467,3050.02,0.11,2.86,383.0,smart_degen,
2026-05-09,H2KAvWycyqeHhqkMC1f83Pwju3B2MztLYdXVpNMcDs2V,0.395,384,7096,37035.37,0.063,10.46,428.0,"axiom,smart_degen",
2026-05-09,CqB9P9K2dKjKmJx1k9qAJr8ucPKXgv45qP1G74JUwxwF,0.686,30,1284,11795.73,0.17,1.77,241.0,smart_degen,
2026-05-09,Bapcdwy318WjUcQhUiZWgUksdZpRSWWWsXfvWKf31nH9,0.48,21,2108,9451.18,0.035,97.74,16.0,"axiom,smart_degen",
2026-05-09,8AaJxU97iu2FYMq4oG5ccYDJsJjK7XwvzjTcVpotwNZu,0.511,45,3372,5883.26,0.012,69.9,113.0,"axiom,smart_degen",
2026-05-09,FEawALsm5KT6UHySiFPDwAanvUWXzMadJSMxncdebnge,0.523,10,980,1673.8,0.044,14.49,6.0,"axiom,smart_degen",
2026-05-09,J6kZjUBfRhgxXjcQWTyLJimZWKHT4evAJSmhN9rHAQkr,0.559,78,3187,11111.19,0.062,15.97,247.0,"axiom,smart_degen",
2026-05-09,6Dt9J7TXM3eqyQBAZMbGJCV6VsP13WVStwPJnLPFtw2Y,0.639,163,1384,13078.7,0.075,24.36,199.0,"gmgn,smart_degen,trojan",
2026-05-09,AdcmMagw4y7wYbux9TWRTLSDR8MLUp4ZbsMSHHquuMpg,0.575,3,400,1712.25,0.06,0.33,9.0,smart_degen,
2026-05-09,BPmu618RfhC7BV2npKzGmHHBrpf3U1oLJRtvhgJkWr8b,0.537,5,583,10633.68,0.075,0.31,37.0,smart_degen,
2026-05-09,9LxMdvs1m8QRFvFuhvzzMXykAkpaHTJhktULdpBztUMm,0.322,575,2072,120954.85,0.184,455.92,128.0,"axiom,smart_degen",
2026-05-09,5yz7Q9VAt1Qjrs82YgXyzHYAEiQTMpgJtSmUkAsapLhH,0.669,11,736,6080.37,0.127,9.6,12.0,"axiom,smart_degen",
2026-05-09,43QmFc2QPPGyMrSNuPnhvfs8BFW1XVZYFdbwURtWoo9x,0.586,112,4486,4452.82,0.019,0.51,225.0,"gmgn,smart_degen",
2026-05-09,GLsbNnV9QBmVgppCitN5pM8MjW8ncuRaogxHvTxfVfki,0.602,23,233,10087.84,0.33,101.19,389.0,"axiom,smart_degen",
2026-05-09,FFFz6LeDp41sqe5VusaLH7V2HFhidCnqTiYQhE6V2Zco,0.477,803,823,37382.91,0.131,238.63,306.0,"axiom,smart_degen",
2026-05-09,BCagckXeMChUKrHEd6fKFA1uiWDtcmCXMsqaheLiUPJd,0.48,25190,20593,66178.36,0.082,548.72,11.0,"axiom,bullx,gmgn,top_renamed,wash_trader",vibed333
2026-05-09,8jXp48s2Lv3eVv3rgXaqHhAAD3iys6WYtmFCPjEZYNbb,0.352,62,1006,3035.64,0.027,1.97,405.0,smart_degen,
2026-05-09,9488N1xhqspsRwSHJJdUJxvApZxgTbLStbGZAT9H12H3,0.465,4,2092,4362.39,0.025,9.93,11.0,"axiom,smart_degen,trojan",
2026-05-09,CRehX3UNi4MyyQagMz7MyfiWrN9ZynE6v2eNZ2ffrPD1,0.55,17,2616,3787.55,0.03,6.04,101.0,smart_degen,
2026-05-09,4a7WtQ7dPCyoa6dU2E7apLiUFSYFYhPW4M831DNTxPLt,0.536,4,411,1346.53,0.02,6.06,427.0,smart_degen,
2026-05-10,RaVenxw8kykBbW7KGBaBsb7fDkkBYK4uJVDSFun6ZxR,0.778,1036,50520,-5871.83,-0.001,110.99,288.0,sandwich_bot,
2026-05-10,CRehX3UNi4MyyQagMz7MyfiWrN9ZynE6v2eNZ2ffrPD1,0.512,23,2630,2917.68,0.022,5.22,102.0,smart_degen,
2026-05-10,6X7Ln5KPurRfNiNroyZxxi7VstEzuhd4jMefNEqAu7uV,0.419,30,1881,17694.47,0.053,103.0,43.0,"axiom,smart_degen",
2026-05-10,9LxMdvs1m8QRFvFuhvzzMXykAkpaHTJhktULdpBztUMm,0.317,610,2472,117837.43,0.16,360.32,129.0,"axiom,smart_degen",
2026-05-10,CXVJewdc79TYR55sz4SGLSWUPz3r4LBJ9Mn93bZ8ZyAz,0.401,339,3084,9958.56,0.026,54.23,493.0,"axiom,bullx,gmgn,padre,smart_degen",
2026-05-10,AsVTFhFYxFBUHLXXDKP1SYUnm5G5HAHoprxMYqfiMWT4,0.524,15,387,27321.36,0.177,93.36,17.0,smart_degen,
2026-05-10,43QmFc2QPPGyMrSNuPnhvfs8BFW1XVZYFdbwURtWoo9x,0.593,120,4546,5031.19,0.021,0.49,226.0,"gmgn,smart_degen",
2026-05-10,2g7ucyLawrQ9FZJv22xYZJwsY3DTLHxVnkEqXooUVWyt,0.447,23,3067,12352.72,0.067,18.74,46.0,"axiom,smart_degen",
2026-05-10,G4dZH7s2KZz1DJk1eJcsAAmMqtPrmeT2dbgrz5UNMYxq,0.411,18,3046,9877.29,0.054,17.49,39.0,"axiom,smart_degen",
2026-05-10,AdcmMagw4y7wYbux9TWRTLSDR8MLUp4ZbsMSHHquuMpg,0.575,10,479,2030.4,0.059,0.29,10.0,smart_degen,
2026-05-10,BCagckXeMChUKrHEd6fKFA1uiWDtcmCXMsqaheLiUPJd,0.487,25241,21854,68202.13,0.08,568.13,12.0,"axiom,bullx,gmgn,top_renamed,wash_trader",vibed333
2026-05-10,undwZZbXFTXAizTeeNpmygJDa4pWopEr1UCDSWpyo4y,0.665,85,3783,10498.77,0.014,4.12,29.0,smart_degen,
2026-05-10,RTYizu6bjvFTBfiS56cEoqkKRqk5xa5VBKsHQUeUNDs,0.71,97,2390,7219.93,0.015,8.56,87.0,smart_degen,
2026-05-10,FVugAb5gWb6vz3zUppNoC5gWvbVA5xDGKnL9tTmTnxsU,0.422,707,968,36827.65,0.084,3.2,198.0,"fomo,smart_degen",
2026-05-10,5uez2R1fXyJ6YW1wVPqFoEq91WJufuWceVQy647qVYHF,0.582,32,943,27367.07,0.054,306.38,35.0,smart_degen,
2026-05-11,7GsNmZKY7LvjC878No73NBeZmmkfKEyWSkKQXR8YbvwP,0.464,40,1370,7425.41,0.066,4.14,13.0,"axiom,smart_degen",goofy__dev
2026-05-11,2ZpoGvETk1nkGHEnqaGBHScYEsYXL3qeKWjZPFqx4Q7x,0.529,99,284,27756.01,0.312,212.02,10.0,"axiom,smart_degen",
2026-05-11,A1wRAMAQLuCfAQNUjnAa2Q4Ci5CQv2fGmhtSooGvBAaW,0.631,54,476,1712.94,0.048,14.34,452.0,"axiom,bullx,smart_degen",
2026-05-11,2HpEemeT7HawRakzj3ckwfPxmgPnji6z7z9yox1sNR8D,0.556,90,1102,2541.37,0.015,7.55,451.0,smart_degen,
2026-05-11,AqSTgWq3tCKRuJCRN3ssVn8cFuQNASVxvpBwaLVmfKgP,0.42,98,2094,8143.26,0.045,45.17,13.0,"axiom,gmgn,padre,smart_degen",
2026-05-11,RaVenxw8kykBbW7KGBaBsb7fDkkBYK4uJVDSFun6ZxR,0.779,1036,51069,819.38,0.0,73.81,289.0,sandwich_bot,
2026-05-11,4n1cuKwPPKStuDkmHKwCeiyk6aCKNyJPmNybjdRq7tJw,0.529,196,5386,5459.26,0.016,1.37,370.0,smart_degen,
2026-05-11,CXVJewdc79TYR55sz4SGLSWUPz3r4LBJ9Mn93bZ8ZyAz,0.403,349,3196,14338.79,0.034,33.94,494.0,"axiom,bullx,gmgn,padre,smart_degen",
2026-05-11,2tMtxBCdF7NWZxVdmBU2DFYBapEAruJVR7KWmZYSkroi,0.583,18,1512,1692.98,0.015,0.85,257.0,"gmgn,smart_degen",
2026-05-11,F38K1E7VqYfjQsvRY2FZY6NWTzW3ro3NG3odmoxmyfg8,0.407,11,919,6320.05,0.042,98.15,22.0,"padre,smart_degen",
2026-05-11,KEY3ajWMKUufUZw2ibaTxNfBdHco85pzGZgrYwPPsk1,0.354,3,316,766.66,0.07,0.74,8.0,"axiom,fresh_wallet,padre,smart_degen",
2026-05-11,95hRJTZ2V6Lsb1x74bJHnrvr4hQdtdftDHZ1jgaCEci,0.309,8,371,12581.75,0.362,3.92,283.0,"bullx,smart_degen",
2026-05-11,FVugAb5gWb6vz3zUppNoC5gWvbVA5xDGKnL9tTmTnxsU,0.422,722,965,34511.15,0.077,3.72,199.0,"fomo,smart_degen",
2026-05-11,43QmFc2QPPGyMrSNuPnhvfs8BFW1XVZYFdbwURtWoo9x,0.595,124,4649,5228.84,0.021,0.51,227.0,"gmgn,smart_degen",
2026-05-11,2d7S15beAPZsUDpwD1pmDv7cf4jHibQd3CgGkbkowNPf,0.409,13,1536,4969.69,0.039,5.34,128.0,smart_degen,
2026-05-11,7gZ3LHoFfxagH81pkn77NpVDVtkgvEEKBhsXFpuXkw9j,0.359,5,310,3706.97,0.043,26.17,9.0,"axiom,smart_degen",
2026-05-11,DM9ou9St8L2P3GioqNJsnwEquxum9v2tcGkdA4QKvPHn,0.791,196,243,4953.55,0.229,4.88,127.0,"gmgn,smart_degen",FranTs_Hunter
2026-05-11,GgDGFZzrweSj3yRQUQnDpnmPFMP3zK54Pzogm4WF3GW1,0.373,1042,955,6327.46,0.037,51.11,795.0,"gmgn,smart_degen",
2026-05-11,A1SEox6HhEA92UohEuA7vqwR2Vn75MnkmLvzfsCaCaLQ,0.379,7,632,1058.61,0.014,4.93,8.0,"smart_degen,trojan",
2026-05-11,bTiNAiDWsAzuDvqf1vGcv3GuvgLxVvaj76KABoqkJa6,0.357,152,2119,16503.67,0.053,26.61,141.0,"axiom,padre,smart_degen",
2026-05-11,H2fNE5Xn9ZgUALtG3c5S6XvETJjvdVhkghyhjy7JnF9r,0.51,131,188,16443.58,0.387,1.5,233.0,smart_degen,
2026-05-11,6X7Ln5KPurRfNiNroyZxxi7VstEzuhd4jMefNEqAu7uV,0.419,38,2050,18777.37,0.051,96.57,44.0,"axiom,smart_degen",
2026-05-11,2oYNaFL8ZAy8kKKEBZ6uHY2aCMdujk7LG7ggX2Fm3zBa,0.342,295,1023,32131.96,0.094,46.76,179.0,"axiom,gmgn,smart_degen",makupnl
2026-05-11,8aXuJ2X76cDF2wfWWfyzGnscbomZt3w15b2vqaPGpCE,0.33,74,384,4663.19,0.136,29.52,61.0,"axiom,smart_degen",
2026-05-11,DQEB8Pkhs4dfniRKw3f4n8ny7fDSn8iWASXLQGx6yVQ8,0.427,5,275,1185.9,0.031,16.8,3.0,"axiom,fresh_wallet,smart_degen",
2026-05-11,2FCVqwSpvjpf7YSCe7a5PHkCYaTwjYJZ1an9XGEuTBha,0.575,47,118,17650.27,0.242,40.12,28.0,"axiom,smart_degen",
2026-05-12,Tq9FfKdMhnMyBZiyXAGCXb3m6RsyX2WhfXq8DZykafU,0.504,1,2551,1179.34,0.01,5.41,41.0,smart_degen,
2026-05-12,RaVenxw8kykBbW7KGBaBsb7fDkkBYK4uJVDSFun6ZxR,0.784,1036,51691,18343.34,0.004,59.36,290.0,sandwich_bot,
2026-05-12,AdHmAXchDLi6Niqx3h4QzipFSMu1Dm1yh7RwvGBKJPJa,0.522,50,280,23688.31,0.209,173.83,36.0,"axiom,smart_degen",
2026-05-12,5aLiNkoAwoWwjp1CpBhrAmPpRGTk4igx9wLoe2TuYkhe,0.639,23,127,5994.16,0.293,47.57,43.0,"axiom,smart_degen",
2026-05-12,EyhySk7bWCt3qu56HDZb1PxNzPsq9UBhvQXLecAn5QQ9,0.44,5,482,3355.28,0.059,5.06,13.0,smart_degen,
2026-05-12,HZyJNKiMYYgpvd7xK36tGkdG1xf9SkNQjNy8koSDcGyA,0.41,170,1176,9424.64,0.038,54.95,128.0,"padre,smart_degen",
2026-05-12,HqVJEkbMb2PPkBsnjxXUUrLRtACj7CTFaxyk85Jno1pi,0.398,64,399,11631.29,0.333,7.81,47.0,"photon,smart_degen",
2026-05-12,F38K1E7VqYfjQsvRY2FZY6NWTzW3ro3NG3odmoxmyfg8,0.405,10,977,5802.17,0.036,71.97,23.0,"padre,smart_degen",
2026-05-12,tuyuNoNBoij3FTkHmjkiEa4d8Nus4bjaCHfKRGgfLEs,0.444,238,1255,46501.05,0.164,451.64,94.0,"axiom,smart_degen",
2026-05-12,BCagckXeMChUKrHEd6fKFA1uiWDtcmCXMsqaheLiUPJd,0.475,25324,22144,67308.33,0.077,574.48,14.0,"axiom,bullx,gmgn,top_renamed,wash_trader",vibed333
2026-05-12,BPRWMvwVn3NRC2cQN7tHjqxc7Lsmob4Wtr3GTfrNxHFS,0.443,4,985,3258.57,0.042,15.97,19.0,"axiom,fomo,gmgn,padre,smart_degen",
2026-05-12,2HpEemeT7HawRakzj3ckwfPxmgPnji6z7z9yox1sNR8D,0.516,96,1462,3930.05,0.016,0.69,452.0,smart_degen,
2026-05-12,FYsgcNSoqZNcCXsyVvr2NWQToMJUqB2ZbTK7N1E8cqM,0.359,33,2507,34098.94,0.318,138.54,22.0,"axiom,smart_degen",
2026-05-12,6M5RVmYj4FNoiYKbcXKo8QV3soYwCfbTY8VwAemCvjMq,0.532,104,900,5909.83,0.044,0.45,463.0,"axiom,smart_degen",
2026-05-12,2pWawfDhMdeF5eK4smRbsNkuknpc1xqqcuAVLihiYjxL,0.577,0,1631,2443.94,0.033,10.55,33.0,"axiom,smart_degen",
2026-05-12,5XjVpF6CTwvESRoxm72oBmL1b4XaTXRDbrjgGQCMvtR6,0.404,7,292,2866.01,0.109,43.57,182.0,"gmgn,smart_degen",
2026-05-12,CyehxLtyh7RNcLLKHbLLvsR1ap3hAJ5Lvei1GH3Wm6Li,0.462,38,583,4933.69,0.139,94.86,398.0,"axiom,smart_degen",
2026-05-13,9sXfwUu9ahDkLV58xz6Cb8VDSbi5UQ9it5oT1fS2S6L7,0.538,15,457,4284.43,0.1,19.4,43.0,"axiom,smart_degen",
2026-05-13,64ozFG3EAKga6PugXZjdoU5uvbNiN3r1RsTodJvpBShH,0.444,5,661,2735.68,0.058,3.34,19.0,"axiom,gmgn,photon,smart_degen",
2026-05-13,FC3XEX8aNC42mg1ZCU3hoepXLwjF7vUUUumQQB1PVtMQ,0.6,6,866,3177.31,0.04,66.62,81.0,"gmgn,smart_degen",
2026-05-13,43QmFc2QPPGyMrSNuPnhvfs8BFW1XVZYFdbwURtWoo9x,0.595,131,4901,5327.8,0.02,0.5,229.0,"gmgn,smart_degen",
2026-05-13,4n1cuKwPPKStuDkmHKwCeiyk6aCKNyJPmNybjdRq7tJw,0.521,199,5822,4729.38,0.012,1.48,372.0,smart_degen,
2026-05-13,tuyuNoNBoij3FTkHmjkiEa4d8Nus4bjaCHfKRGgfLEs,0.44,265,1370,52201.72,0.167,455.12,95.0,"axiom,smart_degen",
2026-05-13,8aXuJ2X76cDF2wfWWfyzGnscbomZt3w15b2vqaPGpCE,0.332,92,442,5662.34,0.14,18.46,63.0,"axiom,smart_degen",
2026-05-13,7kzBcoNfka6FWxZnXbxiHwtzkzJxR75hx5nTJbDmk9VB,0.417,6,67,786.2,0.067,0.2,255.0,"gmgn,smart_degen,trojan",
2026-05-13,39RBACr1ijDzQwDUbWBv4cRoDKGxWwCxdJ9udA8Jhu6W,0.398,33,173,9684.82,0.161,35.32,26.0,"padre,smart_degen",
2026-05-13,7XPu5j9LPRi9CythzNeC8EDbSHounnFY6tD7duJrqbKz,0.537,72,12225,6869.87,0.011,4.49,127.0,smart_degen,
2026-05-13,FYsgcNSoqZNcCXsyVvr2NWQToMJUqB2ZbTK7N1E8cqM,0.376,41,2728,35974.47,0.316,150.07,23.0,"axiom,smart_degen",
2026-05-13,EwnkxBuhKSqFaee7GY9AXbhpkSAQtEvnrcLEJ7cxVh6N,0.556,6,606,4280.17,0.054,25.27,104.0,"gmgn,smart_degen",
2026-05-13,B4HpqF8sHpU7iGKz3rQmV2oWccDwpuChB9AYTFT7AoQj,0.314,140,2114,20482.0,0.101,33.39,77.0,"axiom,smart_degen",
2026-05-13,3oB4kFkceZmmXPYZT9WJfTYvjkUBS4upr1ssWpV5aa1A,0.565,518,801,11252.44,0.076,55.03,321.0,"axiom,gmgn,padre,smart_degen",nba_Basti
2026-05-13,RaVenxw8kykBbW7KGBaBsb7fDkkBYK4uJVDSFun6ZxR,0.789,1035,52364,20919.64,0.004,49.35,291.0,sandwich_bot,
2026-05-13,Bg8S899R2r5g7qy3zdoyFnZqvBCDt338qP8mbGNZXVxB,0.483,114,1152,3522.17,0.02,8.25,153.0,"axiom,padre,smart_degen",
2026-05-13,3SA869Axyteo9ncUN75MUNScutzgZu874VjtyxfaSE6f,0.298,7,393,4200.95,0.072,14.06,13.0,"axiom,smart_degen",
2026-05-13,teddyYXw7aiNpDuQCeLb2YiBJhqthBid4C54BuWcPxm,0.423,663,3263,39758.88,0.158,18.33,93.0,"axiom,padre,smart_degen",
2026-05-13,EyhySk7bWCt3qu56HDZb1PxNzPsq9UBhvQXLecAn5QQ9,0.442,11,505,3303.32,0.054,0.04,14.0,smart_degen,
2026-05-13,3jSHyFJjkWnz73niuzRnjsxSEA6MV3kwKu4ZAFEXGN6f,0.639,89,851,10257.3,0.083,58.55,20.0,"padre,smart_degen",
2026-05-13,65kmABTfVidnwPzs5bfeyptpM2ewkkNewnJK6QwUSKXE,0.664,183,1034,24427.02,0.153,23.99,221.0,"axiom,padre,smart_degen",
2026-05-13,8fsKLLtvKNanL4ginCaiRS6UfeemY11rSf8U8fN1dJw4,0.416,1199,2441,17493.51,0.032,124.22,337.0,"axiom,padre,smart_degen",Stigman__
2026-05-13,9LxMdvs1m8QRFvFuhvzzMXykAkpaHTJhktULdpBztUMm,0.318,662,2815,127175.78,0.14,409.01,132.0,"axiom,smart_degen",
2026-05-13,DkFwYqaUH4C3Ajciq4JVA6DQQbCBb5YWihwBTAbSJzyv,0.456,2,357,1403.6,0.149,12.6,79.0,"smart_degen,trojan",
2026-05-13,5YAsmiwtjarawyom4Jfgto6W94BvzWqFTUB54Uzjn5Rc,0.572,11,1718,4907.01,0.045,5.61,20.0,"axiom,padre,smart_degen",
2026-05-13,AfnhFpxD2yYCeFYd4Yi8iKi3TmRMbthVF4BzRK81BnAf,0.51,43,663,12561.28,0.092,51.35,89.0,"padre,smart_degen",
2026-05-13,7fnSsVNgKwnyPayW4oBP9MNFc5YeTtqEyEhT1Psjqakw,0.338,48,1050,17879.3,0.118,93.52,40.0,"axiom,smart_degen",
2026-05-13,81wSbGM8wwf61q5rgFpoJjaruPhUmpstqFj3Hyueb59g,0.36,32,1045,19057.24,0.125,93.03,40.0,"axiom,smart_degen",
2026-05-13,8wq2nhV9YaqTtX3aPMdtmhYrzQyoQCdFpWFNqpySux94,0.362,51,1039,15050.52,0.098,68.11,34.0,"axiom,smart_degen",
2026-05-13,AtFjYrCLRZMwEXFr4pK3NShq58CGZFXZ21LDeWMUUoF4,0.398,37,1042,18828.83,0.12,101.05,40.0,"axiom,smart_degen",
2026-05-13,BCagckXeMChUKrHEd6fKFA1uiWDtcmCXMsqaheLiUPJd,0.47,25406,21156,63016.15,0.075,266.39,15.0,"axiom,bullx,gmgn,top_renamed,wash_trader",vibed333
2026-05-14,BDotbyn3kKoT5RGqstDnq9VwssyL7eYN23gqgfXke7Sr,0.288,14,87,939.66,0.264,18.71,11.0,"padre,smart_degen",
2026-05-14,BCagckXeMChUKrHEd6fKFA1uiWDtcmCXMsqaheLiUPJd,0.457,25444,21549,64331.61,0.076,248.92,16.0,"axiom,bullx,gmgn,top_renamed,wash_trader",vibed333
2026-05-14,5yz7Q9VAt1Qjrs82YgXyzHYAEiQTMpgJtSmUkAsapLhH,0.68,38,1050,7216.17,0.104,2.96,17.0,"axiom,smart_degen",
2026-05-14,45G8ZSdXFigi1782k4EsYBPC6vTdxGKUEEPQmXDUR2nM,0.409,78,628,20543.76,0.3,0.03,430.0,"bullx,smart_degen",
2026-05-14,H4xqKevdcQ8PUoku8FMifTdUQrVJVkReqkVzrpoYNT1P,0.379,62,4871,2918.24,0.011,12.98,155.0,"axiom,padre,smart_degen",_zeldr1ss
2026-05-14,5gMno8MC7dj7HKmd4TL8C8eqP1ude5XTiUe5381dv5Y2,0.372,55,3883,4509.03,0.019,13.08,114.0,"axiom,padre,smart_degen",
2026-05-14,C937MwaPmo2d6zxysoGeEERZZit7EC7H1R3Mem3BfUKZ,0.605,73,583,3124.92,0.054,28.5,133.0,"axiom,padre,smart_degen",
2026-05-14,EYcE44UpYv3yHqeLSF7zrD17huAHTFEi4rWdX7odyhdF,0.304,3,1247,2436.76,0.158,0.0,117.0,"gmgn,smart_degen",
2026-05-14,J6kZjUBfRhgxXjcQWTyLJimZWKHT4evAJSmhN9rHAQkr,0.559,94,3582,11208.5,0.055,29.15,252.0,"axiom,smart_degen",
2026-05-14,C54VjFRKp65azsxWyCHaFBZeZ9Z9Hu595fqFmDU3Z6mp,0.479,34,1352,13343.45,0.204,0.01,343.0,"axiom,smart_degen",
2026-05-14,RaVenxw8kykBbW7KGBaBsb7fDkkBYK4uJVDSFun6ZxR,0.792,1035,53396,31327.95,0.006,29.97,292.0,sandwich_bot,
2026-05-14,DXbZugG3hkX6o2cbNuKnUtDTQdjRRUx9uvtoE9FQCc3i,0.325,84,400,2100.28,0.126,13.79,405.0,"axiom,smart_degen",
2026-05-14,8m6dY81H1YR5CsyjHfAwQcVintwPGHrRgBYJ2SXXBtpw,0.527,4,214,2493.33,0.151,9.33,13.0,smart_degen,
2026-05-14,FC3XEX8aNC42mg1ZCU3hoepXLwjF7vUUUumQQB1PVtMQ,0.596,11,983,3211.48,0.037,103.1,82.0,"gmgn,smart_degen",
2026-05-14,FdwVhbBQhY9rwF5yaZwVH2SK6jhtxj67idgVrrGgAmKS,0.434,43,815,11654.5,0.118,30.85,26.0,"axiom,smart_degen",
2026-05-14,E7QJkVrYXk2v8LrPGB5ZkLT7rBUHnrsQZnJpRijXnSE7,0.555,2,1357,1853.69,0.03,8.0,14.0,smart_degen,
2026-05-14,Cts62HiDcdkyqnqFxrZxshF7AMWSzeVBAShaXLwzwgt2,0.375,6,1227,2767.28,0.21,0.0,117.0,"axiom,smart_degen",
2026-05-14,8Xo7so2GbfBXWb1Z2tdscAx4raMtypMEMjpKRoVo3CS7,0.439,36,2914,3004.07,0.019,8.66,16.0,"axiom,smart_degen",
2026-05-14,AqSTgWq3tCKRuJCRN3ssVn8cFuQNASVxvpBwaLVmfKgP,0.417,111,2260,8898.76,0.043,54.49,16.0,"axiom,gmgn,padre,smart_degen",
2026-05-14,FkT7sXCo9GRCPMNsMXynBnTaUQ8fUdY5wG8SBGfo8JTh,0.235,1199,188,-29758.4,-0.286,28.03,453.0,trojan,
2026-05-14,H5dTMLNQ8mRAAnYHWyQZMVoocEwinD9DjHcwi1RoPZgD,0.325,1,1182,1571.19,0.103,0.0,112.0,smart_degen,
2026-05-14,G4dZH7s2KZz1DJk1eJcsAAmMqtPrmeT2dbgrz5UNMYxq,0.418,25,2979,10682.86,0.053,10.0,43.0,"axiom,smart_degen",
2026-05-14,2K7XytbeWL9CGtqF2Swr4d4gxXM4fKvWByFUscT9G6Wa,0.578,33,1236,8239.39,0.176,59.97,34.0,"axiom,gmgn,smart_degen",
2026-05-14,43QmFc2QPPGyMrSNuPnhvfs8BFW1XVZYFdbwURtWoo9x,0.597,132,5053,5579.9,0.02,0.51,230.0,"gmgn,smart_degen",
2026-05-14,5kTMRBxmE9TmBjwehaZt1eF3wqx8Qv2GNyjKfdajqtBN,0.656,96,1076,4381.35,0.037,5.25,225.0,"axiom,smart_degen",
2026-05-15,CqB9P9K2dKjKmJx1k9qAJr8ucPKXgv45qP1G74JUwxwF,0.681,46,1504,12305.65,0.16,2.31,247.0,smart_degen,
2026-05-15,9EMid2bjMS9pedxRCasM9pNSMWXVfqAzyBkYbeDDw35f,0.379,85,959,3919.49,0.045,10.22,385.0,"axiom,gmgn,smart_degen",
2026-05-15,CLXbT4AcDS6DXyRH9BgfAz9YasF4CktjUT8s53AmsU7n,0.466,6,465,1307.51,0.049,8.07,8.0,"axiom,fresh_wallet,smart_degen",
2026-05-15,teddyYXw7aiNpDuQCeLb2YiBJhqthBid4C54BuWcPxm,0.421,680,3540,37680.24,0.138,49.59,95.0,"axiom,padre,smart_degen",
2026-05-15,AdHmAXchDLi6Niqx3h4QzipFSMu1Dm1yh7RwvGBKJPJa,0.479,71,324,25131.71,0.159,129.58,39.0,"axiom,smart_degen",
2026-05-15,5yz7Q9VAt1Qjrs82YgXyzHYAEiQTMpgJtSmUkAsapLhH,0.686,48,1101,8339.69,0.115,16.54,18.0,"axiom,smart_degen",
2026-05-15,FFEjC9MHhpQViBPrD2iU6LmV2hEigyhLJaL7MZUZzyD4,0.626,465,541,25116.48,0.217,70.58,344.0,"axiom,smart_degen",
2026-05-15,CXVJewdc79TYR55sz4SGLSWUPz3r4LBJ9Mn93bZ8ZyAz,0.409,378,3941,13852.97,0.026,14.3,498.0,"axiom,bullx,gmgn,padre,smart_degen",
2026-05-15,RaVenxw8kykBbW7KGBaBsb7fDkkBYK4uJVDSFun6ZxR,0.793,1034,53769,32695.34,0.006,24.63,293.0,sandwich_bot,
2026-05-15,kfu5jkMzu4kYg7GzQnq2bJv14QaMxGmv8jSTCcJxc31,0.452,13,173,5830.04,0.17,13.9,32.0,"padre,smart_degen",
2026-05-15,8Xo7so2GbfBXWb1Z2tdscAx4raMtypMEMjpKRoVo3CS7,0.447,38,3120,3583.37,0.021,12.2,17.0,"axiom,smart_degen",
2026-05-15,7hDYei9f6XznPmGPPNqjSi1wgfeVZs5DZFigzV5rpa5J,0.639,15,524,10338.81,0.099,4.56,15.0,"axiom,smart_degen",
2026-05-15,2K7XytbeWL9CGtqF2Swr4d4gxXM4fKvWByFUscT9G6Wa,0.591,37,1187,8867.73,0.18,66.46,35.0,"axiom,gmgn,smart_degen",
2026-05-15,5gh5SNxU7yrAv3sNYhBXqyCgNdz7gtQpAz7WWw666666,0.492,4,853,1952.01,0.053,13.29,120.0,smart_degen,
2026-05-15,FFFz6LeDp41sqe5VusaLH7V2HFhidCnqTiYQhE6V2Zco,0.494,821,757,39336.33,0.131,141.17,312.0,"axiom,smart_degen",
2026-05-15,6ANGS6SSCxkv6hV3iymHHMESqDz7EFaecCwHA8qTswpr,0.457,134,698,31469.35,0.133,136.63,122.0,"axiom,smart_degen",
2026-05-15,7GsNmZKY7LvjC878No73NBeZmmkfKEyWSkKQXR8YbvwP,0.483,42,1439,8334.1,0.069,6.54,17.0,"axiom,smart_degen",goofy__dev
2026-05-15,43QmFc2QPPGyMrSNuPnhvfs8BFW1XVZYFdbwURtWoo9x,0.595,143,5121,5271.49,0.019,0.5,231.0,"gmgn,smart_degen",
2026-05-15,5kTMRBxmE9TmBjwehaZt1eF3wqx8Qv2GNyjKfdajqtBN,0.647,102,1152,4602.1,0.037,8.07,226.0,"axiom,smart_degen",
2026-05-15,FYsgcNSoqZNcCXsyVvr2NWQToMJUqB2ZbTK7N1E8cqM,0.37,40,2867,35436.32,0.294,154.47,25.0,"axiom,smart_degen",
2026-05-15,mh9XHevMtp3jpKx3nw4YwTcDYdWF2xUqk2johRAaSWs,0.357,28,2884,26546.45,0.194,102.5,25.0,"axiom,smart_degen",
2026-05-15,3nG9zBc6fTne3j9kkS1CB5quyt25CS29GEjvMGNKmDSz,0.602,624,672,64087.75,0.153,37.64,375.0,"app_smart_money,gmgn,smart_degen",
2026-05-15,Bg8S899R2r5g7qy3zdoyFnZqvBCDt338qP8mbGNZXVxB,0.48,120,1419,5414.01,0.024,3.13,155.0,"axiom,padre,smart_degen",
2026-05-15,7BWy2mtHNdnWLMZejk5E5sfDDSQfXsjzjy9jPzeDyYk5,0.588,24,3446,8575.35,0.041,16.37,17.0,"axiom,padre,smart_degen",
2026-05-15,84k6bNa3WSEzifavuSnBRQRK9hJHEcZBLbihC6ZsYkSq,0.498,9,623,3870.51,0.04,13.43,28.0,"axiom,smart_degen",
2026-05-15,EYcE44UpYv3yHqeLSF7zrD17huAHTFEi4rWdX7odyhdF,0.308,5,1234,2417.22,0.161,0.0,118.0,"gmgn,smart_degen",
2026-05-15,63o5KLK8uJEAkaYEvUyrEFNi9L19RPtmHrB8uLUf2i4p,0.499,33,993,3925.86,0.029,18.35,20.0,"padre,smart_degen",
2026-05-15,8wq2nhV9YaqTtX3aPMdtmhYrzQyoQCdFpWFNqpySux94,0.361,50,1000,19852.22,0.14,70.4,36.0,"axiom,smart_degen",
2026-05-15,7fnSsVNgKwnyPayW4oBP9MNFc5YeTtqEyEhT1Psjqakw,0.339,50,1014,22004.39,0.155,66.54,42.0,"axiom,smart_degen",
2026-05-15,81wSbGM8wwf61q5rgFpoJjaruPhUmpstqFj3Hyueb59g,0.363,32,1008,23020.08,0.162,58.62,42.0,"axiom,smart_degen",
2026-05-16,8p8zJrGP41CbPSB5cS6s8stZkJEkjQVw86KgzgQGfHYT,0.619,6,1079,1728.69,0.034,15.68,123.0,"axiom,smart_degen",
2026-05-16,8NyxveaiU7KJiUiixj8eXeWeJiNu2Pm5cqEySdVT8hku,0.406,18,545,6604.12,0.147,14.09,14.0,"axiom,smart_degen",
2026-05-16,5kTMRBxmE9TmBjwehaZt1eF3wqx8Qv2GNyjKfdajqtBN,0.648,107,1214,4883.97,0.037,14.53,227.0,"axiom,smart_degen",
2026-05-16,3gXrmvpjxZtPm5erFznwSFPDwsbcMGji3oxsvFBXZJQb,0.333,73,233,7028.43,0.078,78.5,106.0,"axiom,smart_degen",
2026-05-16,BCagckXeMChUKrHEd6fKFA1uiWDtcmCXMsqaheLiUPJd,0.451,25543,20798,71884.33,0.088,348.75,18.0,"axiom,bullx,gmgn,top_renamed,wash_trader",vibed333
2026-05-16,RaVenxw8kykBbW7KGBaBsb7fDkkBYK4uJVDSFun6ZxR,0.793,1034,53704,37484.2,0.007,39.37,294.0,sandwich_bot,
2026-05-16,8m6dY81H1YR5CsyjHfAwQcVintwPGHrRgBYJ2SXXBtpw,0.479,8,279,2386.79,0.111,8.59,15.0,smart_degen,
2026-05-16,6N5sBzXRDWMK2tfkfxvF6b7kMcEDKdTXjJtF1x2GP9CU,0.345,3,1194,2203.48,0.207,0.0,115.0,"gmgn,smart_degen",
2026-05-16,9488N1xhqspsRwSHJJdUJxvApZxgTbLStbGZAT9H12H3,0.471,11,2555,4648.93,0.022,10.41,18.0,"axiom,smart_degen,trojan",
2026-05-16,7BWy2mtHNdnWLMZejk5E5sfDDSQfXsjzjy9jPzeDyYk5,0.594,36,3438,8754.2,0.042,18.58,18.0,"axiom,padre,smart_degen",
2026-05-16,Bg8S899R2r5g7qy3zdoyFnZqvBCDt338qP8mbGNZXVxB,0.478,125,1567,5167.27,0.021,10.12,156.0,"axiom,padre,smart_degen",
2026-05-16,FFFz6LeDp41sqe5VusaLH7V2HFhidCnqTiYQhE6V2Zco,0.49,828,737,36710.38,0.124,147.11,313.0,"axiom,smart_degen",
2026-05-16,8rvAsDKeAcEjEkiZMug9k8v1y8mW6gQQiMobd89Uy7qR,0.407,28140,1235,47306.51,0.081,94.37,599.0,"app_smart_money,axiom,bullx,gmgn,padre,smart_degen,trojan,wash_trader",casino847
2026-05-16,64ozFG3EAKga6PugXZjdoU5uvbNiN3r1RsTodJvpBShH,0.458,8,679,2965.23,0.06,6.22,22.0,"axiom,gmgn,photon,smart_degen",
2026-05-16,27fUFoLBd81AHtvqYLdeV8bzNg4mwMU127Kc9VxJkv5n,0.298,0,1205,1062.69,0.074,0.0,119.0,"gmgn,smart_degen",
2026-05-16,F6N8nuLyDLYFkgLchu1z7oEoHRyTTqjEW5oh67Ed8Azc,0.488,4,214,4804.33,0.255,19.89,7.0,"axiom,fresh_wallet,smart_degen",
2026-05-16,T4Rr39DGzCHYHZBxWvoKcL2vmpjfjjHsThUMV7zpQMJ,0.396,21,1477,4153.35,0.045,31.6,18.0,"axiom,smart_degen",
2026-05-16,5QLUCUFA62q1b2y8TKfFf31rL4Qj8zsKTQzuQ8xbTa1o,0.492,551,1090,11425.8,0.083,10.92,800.0,"smart_degen,trojan",
2026-05-16,D2LA7fJXmPHA4xaJGj9GgZKy4cGZAHemFPVdkogjYS8p,0.326,6,1201,2185.32,0.168,0.0,117.0,"gmgn,smart_degen",
2026-05-16,6wP8YZWgusgZBvFFpVG8ptnemk6LYTKFxLyVeZh4BHCF,0.368,0,1166,1853.22,0.141,0.0,119.0,"axiom,smart_degen",
2026-05-16,Bb7dKbhUVkCFdTRx9HXqvBzGo9GvmpYXQh8Hzktpbw7x,0.403,7,802,7395.26,0.056,34.93,5.0,"axiom,fresh_wallet,smart_degen",
2026-05-17,RaVenxw8kykBbW7KGBaBsb7fDkkBYK4uJVDSFun6ZxR,0.794,1034,52541,31582.86,0.006,30.0,295.0,sandwich_bot,
2026-05-17,8NyxveaiU7KJiUiixj8eXeWeJiNu2Pm5cqEySdVT8hku,0.411,18,580,6709.69,0.139,13.88,15.0,"axiom,smart_degen",
2026-05-17,F6N8nuLyDLYFkgLchu1z7oEoHRyTTqjEW5oh67Ed8Azc,0.469,4,239,4914.34,0.227,14.89,8.0,"axiom,fresh_wallet,smart_degen",
2026-05-17,3Nomfu3wAh11ozJsDg8PXWCyHUPtfTQrwRQvGFCBymdB,0.385,16,910,11617.04,0.085,57.19,12.0,"axiom,smart_degen",
2026-05-17,8Xo7so2GbfBXWb1Z2tdscAx4raMtypMEMjpKRoVo3CS7,0.443,39,3283,3198.52,0.018,8.26,19.0,"axiom,smart_degen",
2026-05-17,7dt9V3DfKkhzmk8eyCyBFFjaAo2oRpR9w13JLAAs7j5u,0.738,125,6694,5642.58,0.259,6.38,19.0,"bluechip_owner,smart_degen",
2026-05-17,21vaYvUUE4ND1bVt1tcGiXUXHe41w53unQd5DmCDeLZ1,0.324,288,780,39905.31,0.161,304.96,133.0,"photon,smart_degen",
2026-05-17,teddyYXw7aiNpDuQCeLb2YiBJhqthBid4C54BuWcPxm,0.423,691,3456,35651.86,0.132,48.9,97.0,"axiom,padre,smart_degen",
2026-05-17,8GdZXuw6EptCsZes8s2DNsspQfjZ1ommz2ahsYrjm979,0.451,8,781,4883.88,0.112,0.19,40.0,smart_degen,
2026-05-17,g5HcBNwSo2GyeKwdsgLzCrmqeB3KeihLd87nS79kDaG,0.555,97,7630,9359.91,0.01,5.22,46.0,smart_degen,
2026-05-17,B4HpqF8sHpU7iGKz3rQmV2oWccDwpuChB9AYTFT7AoQj,0.333,152,1797,19559.13,0.107,66.32,81.0,"axiom,smart_degen",
2026-05-17,8wq2nhV9YaqTtX3aPMdtmhYrzQyoQCdFpWFNqpySux94,0.362,54,1050,16319.06,0.112,40.5,38.0,"axiom,smart_degen",
2026-05-17,7fnSsVNgKwnyPayW4oBP9MNFc5YeTtqEyEhT1Psjqakw,0.34,55,1052,17173.94,0.118,26.11,44.0,"axiom,smart_degen",
2026-05-17,BzNNTsonCsicfQHTKdyjyPQ2AxBTbfYBTBnMntAwsiz5,0.791,73,379,2337.07,0.057,13.49,20.0,"axiom,gmgn,smart_degen",
2026-05-17,BCagckXeMChUKrHEd6fKFA1uiWDtcmCXMsqaheLiUPJd,0.448,25616,20450,73228.56,0.093,378.68,19.0,"axiom,bullx,gmgn,top_renamed,wash_trader",vibed333
2026-05-17,H2KAvWycyqeHhqkMC1f83Pwju3B2MztLYdXVpNMcDs2V,0.398,421,6543,19535.83,0.029,12.41,436.0,"axiom,smart_degen",
2026-05-17,2oYNaFL8ZAy8kKKEBZ6uHY2aCMdujk7LG7ggX2Fm3zBa,0.354,322,1022,31081.28,0.086,124.68,185.0,"axiom,gmgn,smart_degen",makupnl
2026-05-17,45G8ZSdXFigi1782k4EsYBPC6vTdxGKUEEPQmXDUR2nM,0.396,92,634,19486.32,0.265,2.02,433.0,"bullx,smart_degen",
2026-05-17,3za6B9NytgMp9sdHg8ZppqxaqssTjdMrbfHCQgZronXn,0.473,8,220,4238.85,0.209,13.48,18.0,"gmgn,smart_degen",
2026-05-17,6XUfMpJmSsSPGFLDdwv1Y9tUZTFwygXTKmsPErV54hEB,0.529,64,685,7987.07,0.113,6.72,24.0,"gmgn,smart_degen",
2026-05-17,8xAQgWZL1a2dWLZXUmrCtX33dtibcvJn4SihBFFXiRuM,0.621,17,165,1797.11,0.094,4.01,479.0,smart_degen,
2026-05-17,57oXfdK8RgacPaiyKGGj8Fdfw8m5EKhmKfKdWwKnS94Q,0.323,1,1215,2065.85,0.147,0.0,115.0,"smart_degen,trojan",
2026-05-18,2brgd9zioc3ksEwA7HhgL9p6qm3piWFpm7s5j8t9GSLh,0.448,6,470,2584.8,0.054,22.67,5.0,"axiom,fresh_wallet,smart_degen",
2026-05-18,UhMHicHS1tKqdYMbg3hxQE78JANTTr9ie5NUa5CFgmb,0.467,5,470,2711.87,0.057,24.51,5.0,"axiom,fresh_wallet,smart_degen",
2026-05-18,8RNp2qn6woyD33BmpXwqbtFPTn9bF7D9XvxrkvckGANS,0.444,1,123,1252.95,0.119,36.23,7.0,"axiom,fresh_wallet,smart_degen",
2026-05-18,Bb7dKbhUVkCFdTRx9HXqvBzGo9GvmpYXQh8Hzktpbw7x,0.415,9,1191,8432.92,0.046,25.23,7.0,"axiom,fresh_wallet,smart_degen",
2026-05-18,AzWnNS9isJR9HZ6WAEAUwqVMu5SAwHsPNmrmEVCroyMS,0.474,70,5659,7932.66,0.01,41.5,20.0,"axiom,gmgn,smart_degen",
2026-05-18,Bg8S899R2r5g7qy3zdoyFnZqvBCDt338qP8mbGNZXVxB,0.473,131,1797,7491.84,0.027,9.98,158.0,"axiom,padre,smart_degen",
2026-05-18,CLXbT4AcDS6DXyRH9BgfAz9YasF4CktjUT8s53AmsU7n,0.487,6,641,1679.0,0.05,7.44,11.0,"axiom,fresh_wallet,smart_degen",
2026-05-18,RaVenxw8kykBbW7KGBaBsb7fDkkBYK4uJVDSFun6ZxR,0.797,1034,50956,24611.04,0.005,25.94,296.0,sandwich_bot,
2026-05-18,6XUfMpJmSsSPGFLDdwv1Y9tUZTFwygXTKmsPErV54hEB,0.526,69,708,8132.23,0.108,20.29,25.0,"gmgn,smart_degen",
2026-05-18,F6N8nuLyDLYFkgLchu1z7oEoHRyTTqjEW5oh67Ed8Azc,0.448,7,267,4774.64,0.198,10.94,9.0,"axiom,fresh_wallet,smart_degen",
2026-05-18,Ev7kp4NfhVjvUqKMwhKCcvXRb2t828gDaSqWsD2gtPzT,0.369,112,2180,37757.01,0.144,9.75,20.0,"axiom,smart_degen",
2026-05-18,3Fq9icKNRfooDf3HwYERYuitQzxDsZ3FNfxFosqLhJMB,0.314,10,385,1641.24,0.067,32.21,440.0,"padre,photon,smart_degen",
2026-05-18,EW1BMaF3AUnu9anjUmu8p3EY5F33ZhMESi7V2DJHNgNw,0.616,366,510,27872.13,0.265,102.96,386.0,"axiom,smart_degen",
2026-05-18,THXcGyTMLSKWmvpDpdgL8G224xfMXksCfA29LBoJfUJ,0.578,357,497,25241.75,0.239,118.53,397.0,"axiom,bullx,smart_degen",
2026-05-18,Gghj6515zeefxS2Dv7vwSSGyWqtASJFojuLwVMFsc6FN,0.588,476,498,28658.95,0.265,130.7,360.0,"axiom,bullx,smart_degen",
2026-05-18,FFEjC9MHhpQViBPrD2iU6LmV2hEigyhLJaL7MZUZzyD4,0.597,492,498,29329.5,0.271,126.2,347.0,"axiom,smart_degen",
2026-05-18,9KmoLHXeun6MbH3vCERjv4CiELAWhEEMxyqDVeqqcDc5,0.571,13,106,5176.47,0.662,3.07,15.0,"axiom,smart_degen",
2026-05-18,E7VuSENyVNGKd6GVUQnSZDRV8wBVtB5kTa1PkwJ2B1PP,0.724,27,299,7891.49,0.188,10.67,108.0,"photon,smart_degen",
2026-05-18,BbYZnUraNVgDAbtmh6oi4wXjZPr5NKRhovHKF1nEfcdv,0.707,82,292,7170.41,0.083,11.38,442.0,smart_degen,
2026-05-18,63o5KLK8uJEAkaYEvUyrEFNi9L19RPtmHrB8uLUf2i4p,0.457,34,1169,3729.7,0.023,5.25,23.0,"padre,smart_degen",
2026-05-18,99999RfvTTJkSTUAXGEW8UzyK2H9K3VfuoewTWDaDevv,0.487,32,539,2947.3,0.071,54.66,97.0,"gmgn,smart_degen",V5000dw
2026-05-18,FhaYN5TDH6JGdkAU1q3vvVeWa7Snbz4dAk53g2XMv9go,0.371,525,1070,15445.21,0.047,113.35,395.0,"axiom,gmgn,padre,smart_degen",
2026-05-18,B4HpqF8sHpU7iGKz3rQmV2oWccDwpuChB9AYTFT7AoQj,0.334,157,1748,18533.62,0.107,77.91,82.0,"axiom,smart_degen",
2026-05-18,2fNPNJKE3ny6b5Vo1wdfa7J7KqYNjeyBM3PbGGSJ398r,0.712,195,2440,11445.76,0.028,7.21,343.0,"padre,smart_degen",
2026-05-18,Aq3hx2wxPVNKdfvcGmvieYDHkAMt8ng84MFThSFNwxd8,0.348,91,218,20999.39,0.224,16.02,194.0,"axiom,smart_degen",
2026-05-18,C54VjFRKp65azsxWyCHaFBZeZ9Z9Hu595fqFmDU3Z6mp,0.448,41,1971,9480.19,0.093,3.68,347.0,"axiom,smart_degen",
2026-05-19,7q15WZ4iSUDvqfs5Kdh9bfptkQhs6qKUyCUq6GY6PGxg,0.69,368,3490,15965.68,0.029,4.41,565.0,"axiom,smart_degen",
2026-05-19,RaVenxw8kykBbW7KGBaBsb7fDkkBYK4uJVDSFun6ZxR,0.796,1033,50511,32857.75,0.007,21.23,297.0,sandwich_bot,
2026-05-19,AqSTgWq3tCKRuJCRN3ssVn8cFuQNASVxvpBwaLVmfKgP,0.419,117,2302,9213.32,0.042,53.28,21.0,"axiom,gmgn,padre,smart_degen",
2026-05-19,MeskxyRYaBhYERcNP2zLVTqFVR43TMX4MihyH7AU4XN,0.616,92,3474,4051.1,0.008,6.99,102.0,"axiom,smart_degen",
2026-05-19,8wq2nhV9YaqTtX3aPMdtmhYrzQyoQCdFpWFNqpySux94,0.379,57,1101,18501.32,0.123,47.44,40.0,"axiom,smart_degen",
2026-05-19,7fnSsVNgKwnyPayW4oBP9MNFc5YeTtqEyEhT1Psjqakw,0.349,58,1104,18840.11,0.125,41.62,46.0,"axiom,smart_degen",
2026-05-19,FZq4muokC9HHf2mLAEiHWrvNVLxs2m8o1e68XU54J8ok,0.589,15,825,2278.27,0.03,15.95,334.0,"axiom,smart_degen",
2026-05-19,9rYR2Y9ob8zP2oxgqtGxynakerQcSW55ZhPmRJA3C1gz,0.505,11,273,1683.47,0.09,0.77,435.0,smart_degen,
2026-05-19,2rY3CKZAMVuwcfWmGkwJHttPhYnL3cFEaBrpKYp7Z28f,0.578,69,542,5289.49,0.095,78.73,97.0,"axiom,smart_degen",
2026-05-19,THXcGyTMLSKWmvpDpdgL8G224xfMXksCfA29LBoJfUJ,0.585,397,510,26035.79,0.245,63.07,398.0,"axiom,bullx,smart_degen",
2026-05-19,Gghj6515zeefxS2Dv7vwSSGyWqtASJFojuLwVMFsc6FN,0.59,517,510,28931.3,0.266,57.07,361.0,"axiom,bullx,smart_degen",
2026-05-19,FFEjC9MHhpQViBPrD2iU6LmV2hEigyhLJaL7MZUZzyD4,0.597,529,511,29800.28,0.273,60.15,348.0,"axiom,smart_degen",
2026-05-19,EW1BMaF3AUnu9anjUmu8p3EY5F33ZhMESi7V2DJHNgNw,0.616,385,523,28884.41,0.272,66.95,387.0,"axiom,smart_degen",
2026-05-19,63o5KLK8uJEAkaYEvUyrEFNi9L19RPtmHrB8uLUf2i4p,0.447,37,1164,6078.72,0.038,22.42,24.0,"padre,smart_degen",
2026-05-19,6ANGS6SSCxkv6hV3iymHHMESqDz7EFaecCwHA8qTswpr,0.459,142,681,28585.47,0.12,162.51,126.0,"axiom,smart_degen",
2026-05-19,FFFz6LeDp41sqe5VusaLH7V2HFhidCnqTiYQhE6V2Zco,0.502,843,748,37001.66,0.122,176.38,316.0,"axiom,smart_degen",
2026-05-19,AzWnNS9isJR9HZ6WAEAUwqVMu5SAwHsPNmrmEVCroyMS,0.474,87,5696,4873.88,0.006,0.01,21.0,"axiom,gmgn,smart_degen",
2026-05-19,G3roAktSm8fQkm9sS4ca9XZiCEfmmmzxyd6eGvoKa1z9,0.312,4,1053,1567.61,0.041,12.5,21.0,"axiom,smart_degen",
2026-05-19,2tbU66PD6LZ6UARCRTEBHmmTA386JmJdHxGsL5jpos4H,0.299,4,1136,1701.4,0.037,16.54,21.0,"axiom,smart_degen",
2026-05-19,BzNNTsonCsicfQHTKdyjyPQ2AxBTbfYBTBnMntAwsiz5,0.803,89,391,2428.41,0.057,7.08,22.0,"axiom,gmgn,smart_degen",
2026-05-19,BCagckXeMChUKrHEd6fKFA1uiWDtcmCXMsqaheLiUPJd,0.431,25727,21492,71632.57,0.091,399.86,21.0,"axiom,bullx,gmgn,top_renamed,wash_trader",vibed333
2026-05-19,3ppaEJonuswyi88SmoY82Q7BVwh5hmTD5qaQosHexsii,0.361,15,351,3217.28,0.108,2.88,161.0,"padre,smart_degen",
2026-05-19,4gBdqDCpvP97tdi63mC8tsd2td9ev1kfhuSchqe6wBc4,0.42,47,226,13406.5,0.292,53.87,40.0,"axiom,smart_degen",
2026-05-19,677ENjudnpGmmNGjoKQsnRJcFULwhpXqDdsmpneeFP12,0.46,18,841,1302.68,0.019,0.33,138.0,smart_degen,
2026-05-19,84k6bNa3WSEzifavuSnBRQRK9hJHEcZBLbihC6ZsYkSq,0.484,13,732,4355.23,0.038,13.7,32.0,"axiom,smart_degen",
2026-05-19,CDL22EuTKoWeXpiStMWu9pLqLNSn5NkMG3nKoz1YRVUf,0.438,1203,372,55543.62,0.149,1.54,48.0,"fomo,gmgn,padre,smart_degen",thokani
2026-05-19,9sXfwUu9ahDkLV58xz6Cb8VDSbi5UQ9it5oT1fS2S6L7,0.495,39,983,6383.29,0.08,23.57,49.0,"axiom,smart_degen",
2026-05-19,bcFc2qeLcPp2jDCLh4G2RWUbKEBrheCHb1Dnd5dNny7,0.394,6,6033,1061.81,0.033,0.03,310.0,"axiom,smart_degen",
2026-05-19,93kgxYKex5wPyEkjH9P4KspLFAi3fdWBkw8vZce51pbp,0.728,648,3869,36345.13,0.019,1.09,93.0,smart_degen,
2026-05-20,zzzCaz9jTFBka6vypB26BeyKK9BTqyFYyFzqZtM6sUa,0.677,36,6309,7261.87,0.012,7.37,122.0,smart_degen,
2026-05-20,B4HpqF8sHpU7iGKz3rQmV2oWccDwpuChB9AYTFT7AoQj,0.323,158,1627,15376.14,0.09,81.05,84.0,"axiom,smart_degen",
2026-05-20,JBzU99LYekSFhThpv4xHWDo4aC9eM1QKHULhio3owv7T,0.678,122,7174,13682.45,0.018,0.74,65.0,smart_degen,
2026-05-20,GCxRVYmx7639heNoUWSuzca8bYAb488kTJ4dBjUY7jdy,0.341,45,1110,3143.76,0.031,4.81,202.0,smart_degen,
2026-05-20,RaVenxw8kykBbW7KGBaBsb7fDkkBYK4uJVDSFun6ZxR,0.794,1032,50093,27355.91,0.006,53.9,298.0,sandwich_bot,
2026-05-20,DVB6vVhLpBtp93nUSMF4tFcL4XFHbAP9zL2gWekDPg3Y,0.494,15,159,1900.09,0.057,38.41,21.0,"axiom,smart_degen",
2026-05-20,BQnDLp4iw5ykB8MoGAdagPJ5EjoPNdfaiUyJhZduPQuy,0.432,2,123,6410.19,0.346,73.05,10.0,"fresh_wallet,gmgn,smart_degen",
2026-05-20,MeskxyRYaBhYERcNP2zLVTqFVR43TMX4MihyH7AU4XN,0.616,96,3535,3970.54,0.007,6.99,103.0,"axiom,smart_degen",
2026-05-20,4LWXdfSb13EemLs9DqEUcPFs9LM8xvMNwxWibyt57tw5,0.4,1076,215,25338.82,0.18,0.27,27.0,"fomo,padre,smart_degen",TRADER
2026-05-20,9GTdaoJRGoVxgwYgJLHF2KXAn1DXKCDPPZpZ3Dgkdx6H,0.717,4,310,1144.46,0.087,14.78,7.0,"fresh_wallet,padre,smart_degen",
2026-05-20,2K7XytbeWL9CGtqF2Swr4d4gxXM4fKvWByFUscT9G6Wa,0.6,52,1027,9702.55,0.188,49.5,40.0,"axiom,gmgn,smart_degen",
2026-05-20,Eh2odq3L4QDtR8RgNJF8mnFa8BkKQKD4J9UCRicJjpFS,0.522,25,10686,4793.28,0.009,1.06,28.0,smart_degen,
2026-05-20,E7VuSENyVNGKd6GVUQnSZDRV8wBVtB5kTa1PkwJ2B1PP,0.732,33,298,7661.95,0.179,8.78,110.0,"photon,smart_degen",
2026-05-20,G3roAktSm8fQkm9sS4ca9XZiCEfmmmzxyd6eGvoKa1z9,0.311,5,1161,1788.81,0.041,12.2,22.0,"axiom,smart_degen",
2026-05-20,8fsKLLtvKNanL4ginCaiRS6UfeemY11rSf8U8fN1dJw4,0.398,1292,3044,10699.1,0.016,43.76,344.0,"axiom,padre,smart_degen",Stigman__
2026-05-20,FVugAb5gWb6vz3zUppNoC5gWvbVA5xDGKnL9tTmTnxsU,0.449,858,930,38821.71,0.08,1.2,208.0,"fomo,smart_degen",
2026-05-20,6bxvSqw7bzRHTPNf2ZRvywLRqJ9LFn47sHaq5sd6bk5o,0.346,535,626,16170.19,0.048,93.38,345.0,"axiom,gmgn,photon,smart_degen",jaystoolate
2026-05-20,E93PRtfG7Ngutk6MCpLTktkXGDGv3ec2k4XhA1vyBSD2,0.43,17,1093,8412.01,0.14,62.31,39.0,"padre,smart_degen",
2026-05-20,CkakfbMYpsXd7FRNtz9mZqik1dWjk9EmmxuVhUTQcmq8,0.566,60,1447,8392.31,0.061,3.3,151.0,"axiom,smart_degen",
2026-05-20,3wERCwv3tht8ZtQurP2or8KGon6Q8nWXcBKxAuXcBS9G,0.62,29,313,1465.61,0.036,14.69,27.0,"axiom,smart_degen",
2026-05-20,9488N1xhqspsRwSHJJdUJxvApZxgTbLStbGZAT9H12H3,0.472,21,3172,5903.95,0.023,12.52,22.0,"axiom,smart_degen,trojan",
2026-05-20,HAkNbHQJ5LqzYnWaiQyTYAaDGows4KX51oKcdkiLBM5m,0.778,7,58,1411.43,0.159,21.57,12.0,"fresh_wallet,smart_degen,trojan",
2026-05-20,CDL22EuTKoWeXpiStMWu9pLqLNSn5NkMG3nKoz1YRVUf,0.438,1207,385,58171.13,0.148,25.41,49.0,"fomo,gmgn,padre,smart_degen",thokani
2026-05-20,Bapcdwy318WjUcQhUiZWgUksdZpRSWWWsXfvWKf31nH9,0.49,47,3248,12107.96,0.028,43.48,27.0,"axiom,smart_degen",
2026-05-20,8AaJxU97iu2FYMq4oG5ccYDJsJjK7XwvzjTcVpotwNZu,0.507,79,3254,7509.02,0.017,50.97,124.0,"axiom,smart_degen",
2026-05-21,teddyYXw7aiNpDuQCeLb2YiBJhqthBid4C54BuWcPxm,0.433,732,3370,33923.19,0.129,12.21,101.0,"axiom,padre,smart_degen",
2026-05-21,Bg8S899R2r5g7qy3zdoyFnZqvBCDt338qP8mbGNZXVxB,0.478,140,2072,10039.88,0.032,11.94,161.0,"axiom,padre,smart_degen",
2026-05-21,Eh2odq3L4QDtR8RgNJF8mnFa8BkKQKD4J9UCRicJjpFS,0.523,32,10872,4963.21,0.009,0.69,29.0,smart_degen,
2026-05-21,RaVenxw8kykBbW7KGBaBsb7fDkkBYK4uJVDSFun6ZxR,0.801,1032,49995,32365.12,0.007,45.22,299.0,sandwich_bot,
2026-05-21,DtVW93ZP44qLvxgNbyDUcHhJFEYUxLD8qEEb5bXJKeWx,0.67,62,1956,3963.53,0.013,0.62,143.0,smart_degen,
2026-05-21,HrtVLLCBM4LXfRGLGcXBYvkkJ9xnbiJ3ob1MxKdmNs7o,0.616,390,1593,20684.71,0.055,30.83,302.0,"axiom,smart_degen",
2026-05-21,M8fe7UqgeFzw2arbSHCTLKyi5qW9KiC8bigC1TGS3G9,0.389,30,903,7556.08,0.105,27.81,247.0,"axiom,padre,smart_degen",
2026-05-21,E93PRtfG7Ngutk6MCpLTktkXGDGv3ec2k4XhA1vyBSD2,0.441,20,1162,8934.37,0.14,68.04,40.0,"padre,smart_degen",
2026-05-21,CAVcuDJssdTeaC5cpRSGvkgMG98QCcgbcYQqAqWehowa,0.511,13,456,4379.83,0.08,16.58,17.0,"axiom,smart_degen",
2026-05-21,2K7XytbeWL9CGtqF2Swr4d4gxXM4fKvWByFUscT9G6Wa,0.59,53,1017,9715.67,0.173,49.41,41.0,"axiom,gmgn,smart_degen",
2026-05-21,FskgHQ5a3H7cMLjkfAtzyb2UboQbF5iBx6qxTGWUqjF5,0.484,134,667,8053.98,0.067,39.96,139.0,"axiom,padre,smart_degen",
2026-05-21,HtHkKxYN43BdJ8QJU1srMa3bqjpncLFcZgVCX8yU3AJS,0.572,47,1337,7821.29,0.086,118.64,23.0,"axiom,photon,smart_degen",
2026-05-21,9tTM4ntGtfNAFctnNWbYfij9m9HALKYfpKk9FobWDzBK,0.411,7,1596,2528.45,0.05,3.53,50.0,"axiom,smart_degen",
2026-05-21,FcmnUbZLATgMc1xsq2mqDNijMXjJGZp796SPqgk3wZHW,0.36,13,1289,10169.09,0.056,92.0,13.0,"axiom,fresh_wallet,smart_degen",
2026-05-21,CNDXkovjrP5otMJor1hwSpKWpmY1Qq4vgjBAtQS3Z2TY,0.45,16,644,5721.35,0.182,4.77,19.0,"padre,smart_degen",
2026-05-21,6corVZLVKhUHyPAMW217oMrg44duge2xh67F4Q4KQLvK,0.457,10,1846,4421.21,0.035,0.36,35.0,"fomo,smart_degen",
2026-05-21,7q15WZ4iSUDvqfs5Kdh9bfptkQhs6qKUyCUq6GY6PGxg,0.693,370,3225,15262.94,0.029,4.98,567.0,"axiom,smart_degen",
2026-05-21,RTYizu6bjvFTBfiS56cEoqkKRqk5xa5VBKsHQUeUNDs,0.736,117,1745,6187.46,0.017,16.85,98.0,"axiom,smart_degen",
2026-05-21,2fNPNJKE3ny6b5Vo1wdfa7J7KqYNjeyBM3PbGGSJ398r,0.722,204,2324,10846.93,0.027,7.22,346.0,"padre,smart_degen",
2026-05-21,E7VuSENyVNGKd6GVUQnSZDRV8wBVtB5kTa1PkwJ2B1PP,0.724,39,294,7698.7,0.181,6.86,111.0,"photon,smart_degen",
2026-05-21,9488N1xhqspsRwSHJJdUJxvApZxgTbLStbGZAT9H12H3,0.475,30,3432,6697.38,0.025,15.25,23.0,"axiom,smart_degen,trojan",
2026-05-21,4wHgqdAfERor2tGcWCvHKuJASvZfbAS9YzPUuArGAtZ7,0.305,21,626,8647.91,0.079,16.37,22.0,"axiom,smart_degen",
2026-05-21,5QLUCUFA62q1b2y8TKfFf31rL4Qj8zsKTQzuQ8xbTa1o,0.481,589,1262,11626.78,0.076,4.49,805.0,"smart_degen,trojan",
2026-05-21,93kgxYKex5wPyEkjH9P4KspLFAi3fdWBkw8vZce51pbp,0.733,670,3818,38812.28,0.02,1.49,95.0,smart_degen,
2026-05-21,JBzU99LYekSFhThpv4xHWDo4aC9eM1QKHULhio3owv7T,0.675,125,7225,13689.42,0.018,0.87,66.0,smart_degen,
2026-05-21,CQJXJfVGpKXoc2i2KQ68PVx8TWzA33qAgJAW34iwPiXT,0.386,77,1610,9498.2,0.022,32.7,83.0,"axiom,smart_degen",
2026-05-21,J6kZjUBfRhgxXjcQWTyLJimZWKHT4evAJSmhN9rHAQkr,0.554,110,4095,12864.89,0.054,24.14,259.0,"axiom,smart_degen",
2026-05-21,CqB9P9K2dKjKmJx1k9qAJr8ucPKXgv45qP1G74JUwxwF,0.673,60,1717,12748.64,0.154,0.13,253.0,smart_degen,
2026-05-22,6X7Ln5KPurRfNiNroyZxxi7VstEzuhd4jMefNEqAu7uV,0.413,86,2840,20559.83,0.035,15.12,55.0,"axiom,smart_degen",
2026-05-22,GijFWw4oNyh9ko3FaZforNsi3jk6wDovARpkKahPD4o5,0.41,8320,4152,75828.53,0.14,150.43,521.0,"axiom,padre,photon,smart_degen,top_renamed",
2026-05-22,RaVenxw8kykBbW7KGBaBsb7fDkkBYK4uJVDSFun6ZxR,0.804,1032,49602,31219.33,0.007,39.68,300.0,sandwich_bot,
2026-05-22,hnu69n6P5CgYXCtUKii9wgamqtDeTVHY3TVJ6HKt7wC,0.85,263,1869,42163.5,0.029,6.13,240.0,"padre,smart_degen",
2026-05-22,9fpUmh3Tv3UCdeHLyq3o4QhkTBu5XAbEiKP9FtGaSndb,0.543,717,4644,30693.56,0.031,138.99,509.0,"axiom,bullx,padre,smart_degen",
2026-05-22,GGjSUonDLxoVpDYgJa9ZuudyRvHsRbtHegezdgwsf7be,0.416,13,469,5576.78,0.096,6.2,25.0,smart_degen,
2026-05-22,JBzU99LYekSFhThpv4xHWDo4aC9eM1QKHULhio3owv7T,0.676,138,7255,13627.1,0.018,1.13,67.0,smart_degen,
2026-05-22,CqB9P9K2dKjKmJx1k9qAJr8ucPKXgv45qP1G74JUwxwF,0.678,66,1773,13123.84,0.157,0.21,254.0,smart_degen,
2026-05-22,Hd5wMoiypHWRQmkus5SHu6ECH27fXVqkhg3d5rGhvLAL,0.709,16,930,2293.6,0.021,0.22,4.0,"fresh_wallet,smart_degen",
2026-05-22,HPZRuC47Rxb4EA6uR5NoSXGm6QFmkoMswcdZnyNY7SAU,0.451,4,1256,2268.87,0.015,0.0,,"fomo,fresh_wallet,smart_degen",
2026-05-22,E93PRtfG7Ngutk6MCpLTktkXGDGv3ec2k4XhA1vyBSD2,0.418,26,1365,8909.59,0.125,71.42,41.0,"padre,smart_degen",
2026-05-22,2xREcoGwqoXNpwqL4cXHhxLJutAcif8Vwa89WY3WNF4n,0.387,7,412,2953.35,0.061,4.98,15.0,"axiom,fomo,smart_degen",
2026-05-22,HrtVLLCBM4LXfRGLGcXBYvkkJ9xnbiJ3ob1MxKdmNs7o,0.614,399,1679,21573.52,0.055,38.65,303.0,"axiom,smart_degen",
2026-05-22,CbpnbXAD9PUAwVcYjHY96qooq6eNnoLiZzif766gqLPH,0.608,114,2620,18223.34,0.031,10.1,379.0,"axiom,gmgn,smart_degen",
2026-05-22,AST3aC79LxJDyjtsem3m3bszQyWz1V3ozgC6KFVDaop,0.5,13,203,3747.97,0.194,0.0,10.0,"axiom,fresh_wallet,smart_degen",
2026-05-22,7vz1fK5YU9Jq8KCwgwpa5xN3a1HFxgt2qLyghYVtznR3,0.488,9,187,2331.33,0.147,0.0,10.0,"axiom,fresh_wallet,smart_degen",
2026-05-22,DoXTeHFphimLyLSvrAYMCy7AUGidrhe2A16M33amDG5T,0.444,20,1159,3173.56,0.032,1.74,37.0,smart_degen,
2026-05-22,CYYpBmQ1D2oqNbfcuXjjgDbRAa1v8oRkXx5pKB2F6JWC,0.517,22,817,2391.82,0.035,27.91,56.0,smart_degen,
2026-05-22,7q15WZ4iSUDvqfs5Kdh9bfptkQhs6qKUyCUq6GY6PGxg,0.689,377,3185,14649.86,0.028,2.59,568.0,"axiom,smart_degen",
2026-05-22,63o5KLK8uJEAkaYEvUyrEFNi9L19RPtmHrB8uLUf2i4p,0.421,42,1200,6326.95,0.037,22.66,27.0,"padre,smart_degen",
2026-05-22,6bxvSqw7bzRHTPNf2ZRvywLRqJ9LFn47sHaq5sd6bk5o,0.348,544,668,17225.37,0.05,66.08,347.0,"axiom,gmgn,padre,photon,smart_degen",jaystoolate
2026-05-22,3nG9zBc6fTne3j9kkS1CB5quyt25CS29GEjvMGNKmDSz,0.576,706,664,69648.6,0.159,22.33,382.0,"app_smart_money,gmgn,smart_degen",
2026-05-22,EWDfReqMMvs3M1wtk6Wy5SUm75vv1YawbKbjmRKCx46o,0.514,23,626,7383.62,0.081,0.01,42.0,smart_degen,
2026-05-22,5uez2R1fXyJ6YW1wVPqFoEq91WJufuWceVQy647qVYHF,0.679,54,987,18506.98,0.034,257.45,47.0,smart_degen,
2026-05-22,J2ECnk4MJQ8boxN77ss8fTkQRQxG7JmEUEGbARjxBPaz,0.505,59,1279,6428.69,0.065,37.6,107.0,"axiom,smart_degen",
2026-05-23,2dEpwaujMteZsFYCX3hwaavYKkU7kRwAwJe9XGuWNRGA,0.678,631,1505,7873.3,0.074,92.8,803.0,"axiom,photon,smart_degen",
2026-05-23,RaVenxw8kykBbW7KGBaBsb7fDkkBYK4uJVDSFun6ZxR,0.808,1032,49533,28219.85,0.006,33.21,301.0,sandwich_bot,
2026-05-23,7eiTuokXZB6KpjZMWtv6BGVTSVWns8Pim3q4etQRBE6q,0.614,53,204,5757.83,0.381,0.17,50.0,"fomo,smart_degen",
2026-05-23,BC8yiFFQWFEKrEEj75zYsuK3ZDCfv6QEeMRif9oZZ9TW,0.483,15189,118,90877.38,1.342,0.03,440.0,"app_smart_money,top_renamed",
2026-05-23,D3C1Lh9x88kTBdysNiZ7QRfYZTC8T5u1Sjj7f7G64Bah,0.31,305,1092,5960.65,0.07,52.6,394.0,"axiom,smart_degen",
2026-05-23,JBzU99LYekSFhThpv4xHWDo4aC9eM1QKHULhio3owv7T,0.678,143,7299,13689.78,0.018,0.47,68.0,smart_degen,
2026-05-23,HqVJEkbMb2PPkBsnjxXUUrLRtACj7CTFaxyk85Jno1pi,0.372,77,462,9667.48,0.246,0.59,58.0,"photon,smart_degen",
2026-05-23,J6kZjUBfRhgxXjcQWTyLJimZWKHT4evAJSmhN9rHAQkr,0.549,119,3892,11796.51,0.052,36.95,261.0,"axiom,smart_degen",
2026-05-23,DAPinE1xNmXCCHYYpFCUX5t5qjMFhdV9tn1p5Fva8V98,0.419,7,718,2029.76,0.055,5.4,305.0,"axiom,smart_degen",
2026-05-23,Bg8S899R2r5g7qy3zdoyFnZqvBCDt338qP8mbGNZXVxB,0.477,151,2359,11487.19,0.034,12.99,163.0,"axiom,padre,smart_degen",
2026-05-23,6Dt9J7TXM3eqyQBAZMbGJCV6VsP13WVStwPJnLPFtw2Y,0.621,187,1418,9599.16,0.059,38.27,213.0,"gmgn,smart_degen,trojan",
2026-05-23,BCagckXeMChUKrHEd6fKFA1uiWDtcmCXMsqaheLiUPJd,0.427,25873,20296,68440.6,0.098,504.98,25.0,"axiom,bullx,gmgn,top_renamed,wash_trader",vibed333
2026-05-23,BEo245MAhGBXiiUBWhnTDTyrWZLNzZKamnrbAx9F5bPn,0.381,1,439,1502.19,0.036,36.16,21.0,"axiom,smart_degen",
2026-05-23,8RNp2qn6woyD33BmpXwqbtFPTn9bF7D9XvxrkvckGANS,0.418,6,255,2810.25,0.137,33.6,12.0,"axiom,fresh_wallet,smart_degen",
2026-05-23,herkMe1sn5jbYR977tUYUJ7CGBbVdpggpJ16tQzbvfB,0.359,6,631,1901.1,0.103,2.21,8.0,"axiom,fresh_wallet,smart_degen",
2026-05-23,BQnDLp4iw5ykB8MoGAdagPJ5EjoPNdfaiUyJhZduPQuy,0.381,17,167,7003.71,0.297,53.46,13.0,"fresh_wallet,gmgn,smart_degen",
2026-05-23,DapzyxBSTFWSHEKfQMwW2wChb8BNjq52shFCDEnt13s5,0.547,41,528,5981.46,0.138,33.17,125.0,smart_degen,
2026-05-23,CqB9P9K2dKjKmJx1k9qAJr8ucPKXgv45qP1G74JUwxwF,0.665,70,1820,13225.67,0.151,0.23,255.0,smart_degen,
2026-05-23,EW1BMaF3AUnu9anjUmu8p3EY5F33ZhMESi7V2DJHNgNw,0.602,428,516,32808.36,0.315,74.26,391.0,"axiom,smart_degen",
2026-05-23,FFEjC9MHhpQViBPrD2iU6LmV2hEigyhLJaL7MZUZzyD4,0.579,562,505,31504.16,0.297,68.06,352.0,"axiom,smart_degen",
2026-05-23,teddyYXw7aiNpDuQCeLb2YiBJhqthBid4C54BuWcPxm,0.436,760,3317,33241.94,0.121,47.16,103.0,"axiom,padre,smart_degen",
2026-05-23,81wSbGM8wwf61q5rgFpoJjaruPhUmpstqFj3Hyueb59g,0.378,41,1268,22238.65,0.128,42.59,50.0,"axiom,smart_degen",
2026-05-23,7fnSsVNgKwnyPayW4oBP9MNFc5YeTtqEyEhT1Psjqakw,0.346,62,1278,21043.84,0.121,42.4,50.0,"axiom,smart_degen",
2026-05-23,8wq2nhV9YaqTtX3aPMdtmhYrzQyoQCdFpWFNqpySux94,0.374,71,1270,23354.28,0.135,39.66,44.0,"axiom,smart_degen",
2026-05-23,HDjAVJEVT8ghqzwQE9KorJGezQmPeyGgWttGSBENR7tH,0.421,3,223,4438.02,0.065,0.52,32.0,"fomo,smart_degen",
2026-05-23,5J7X24oGReMMAHqtGL51dZL4vVEEqR7Xj5qWFhFYvM8x,0.404,5,1059,3686.86,0.083,15.39,451.0,smart_degen,
2026-05-23,6bxvSqw7bzRHTPNf2ZRvywLRqJ9LFn47sHaq5sd6bk5o,0.351,545,690,18002.49,0.051,105.12,348.0,"axiom,gmgn,padre,photon,smart_degen",jaystoolate
2026-05-24,Age9deJTm5LDQpaNcVhPw4NGhbbHcvrkv8MndvfcYsLw,0.401,31,1656,5547.2,0.048,22.94,26.0,"axiom,smart_degen",
2026-05-24,7dt9V3DfKkhzmk8eyCyBFFjaAo2oRpR9w13JLAAs7j5u,0.723,158,6638,6678.84,0.324,6.77,26.0,"bluechip_owner,smart_degen",
2026-05-24,5XHjE9ySZsnLxYoVQbaiPMb6MjXzLgYYpuwRRMmUFeNp,0.318,10,685,2641.24,0.081,12.31,24.0,"gmgn,smart_degen",
2026-05-24,FL3QRCJDkYvBeQ7jYyGTaCZk4cobj3GaG4a1YSYoMAmP,0.319,10,616,4103.6,0.137,36.2,24.0,"gmgn,smart_degen",
2026-05-24,7pfP6SKRsWpr1Smg4tWnHLvEfBrJz5aELPFdefzL11je,0.477,14,857,7732.38,0.073,43.42,50.0,"axiom,smart_degen",
2026-05-24,5E4oT69vhZ3hCHn76JoZRngKiqhgVFaAxQQ8KxREw58v,0.421,206,560,6080.74,0.155,0.08,208.0,"fresh_wallet,smart_degen",
2026-05-24,RaVenxw8kykBbW7KGBaBsb7fDkkBYK4uJVDSFun6ZxR,0.812,1032,49038,25332.08,0.005,28.21,302.0,sandwich_bot,
2026-05-24,6FZ1RasKHCPa9DnNYzg2v6ppDBhMigPM9X3L5fUY8kab,0.403,7,4012,4011.99,0.01,83.43,26.0,"padre,smart_degen",
2026-05-24,T4Rr39DGzCHYHZBxWvoKcL2vmpjfjjHsThUMV7zpQMJ,0.416,46,2048,13254.88,0.084,107.59,26.0,"axiom,smart_degen",
2026-05-24,DzNeAPumaqotS4AFdymM5cpsyuAXmK3D9AuHonqz6m3,0.369,217,262,10015.87,0.251,69.54,290.0,"axiom,smart_degen",
2026-05-24,Go4XP8yKrPstP1zx7N98pB4j7QCeo4jvem4eBtwYhZQe,0.479,15,307,3552.74,0.074,7.87,27.0,"smart_degen,trojan",
2026-05-24,63o5KLK8uJEAkaYEvUyrEFNi9L19RPtmHrB8uLUf2i4p,0.422,48,1169,6611.18,0.038,2.73,29.0,"padre,smart_degen",
2026-05-24,6X7Ln5KPurRfNiNroyZxxi7VstEzuhd4jMefNEqAu7uV,0.406,98,2863,17780.67,0.03,54.14,57.0,"axiom,smart_degen",
2026-05-24,Hd5wMoiypHWRQmkus5SHu6ECH27fXVqkhg3d5rGhvLAL,0.695,31,1335,3411.09,0.021,0.26,6.0,"fresh_wallet,smart_degen",
2026-05-24,HArDKfcLELHAGj37UqBstSe5DzdSZKmFCTxgMbZ4a5Na,0.499,65,585,12725.13,0.156,42.06,83.0,"axiom,smart_degen",
2026-05-24,93kgxYKex5wPyEkjH9P4KspLFAi3fdWBkw8vZce51pbp,0.735,699,3988,40893.97,0.021,1.06,98.0,smart_degen,
2026-05-24,4rbocGJUHkhoXvVfd3z23JcmPFZywMyerVGmZZcvedKp,0.404,1,80,1303.97,0.291,0.03,30.0,"padre,smart_degen",
2026-05-24,3YonHL3UNTv53MYFxyYAuaUwFjERNTJ8sUrgQS7BHuYq,0.455,20,804,16053.05,0.069,0.41,16.0,"fomo,fresh_wallet,smart_degen",
2026-05-24,58fnGhQQSLQebaXysboqY8Ske487j2KminKtyoyAkFRf,0.481,1085,169,24823.6,0.489,107.35,522.0,"axiom,padre,photon,smart_degen",
2026-05-24,H2KAvWycyqeHhqkMC1f83Pwju3B2MztLYdXVpNMcDs2V,0.418,433,6259,18252.19,0.025,3.21,443.0,"axiom,smart_degen",
2026-05-24,4TVd4Zdfc8CLGYyMqn3YXtYdXPfBAcSgix8GcbhBURg5,0.362,5,1161,4055.67,0.062,12.64,11.0,"axiom,fresh_wallet,smart_degen",
2026-05-24,HKQ7qLPytA9EuXPbPef7y9m94AonbcY2dwQqHrGKxNao,0.568,708,150,9914.39,0.382,13.21,124.0,"axiom,smart_degen",
2026-05-24,C54VjFRKp65azsxWyCHaFBZeZ9Z9Hu595fqFmDU3Z6mp,0.464,51,2597,13572.7,0.102,2.56,353.0,"axiom,smart_degen",
2026-05-24,D3C1Lh9x88kTBdysNiZ7QRfYZTC8T5u1Sjj7f7G64Bah,0.311,311,1217,6759.58,0.075,49.49,395.0,"axiom,smart_degen",
2026-05-24,9488N1xhqspsRwSHJJdUJxvApZxgTbLStbGZAT9H12H3,0.474,36,3426,6508.47,0.025,9.33,26.0,"axiom,smart_degen,trojan",
2026-05-24,HByYwMBn59Hn7A9JiLwmHCv4T2UsfDHefwaEShNo1oY6,0.545,7,334,6202.1,1.077,164.85,3.0,"fresh_wallet,smart_degen",
2026-05-25,BQnDLp4iw5ykB8MoGAdagPJ5EjoPNdfaiUyJhZduPQuy,0.338,16,191,5267.99,0.192,17.62,15.0,"fresh_wallet,gmgn,smart_degen",
2026-05-25,D3C1Lh9x88kTBdysNiZ7QRfYZTC8T5u1Sjj7f7G64Bah,0.321,318,1486,10488.86,0.106,90.62,396.0,"axiom,smart_degen",
2026-05-25,8Xo7so2GbfBXWb1Z2tdscAx4raMtypMEMjpKRoVo3CS7,0.458,41,3613,4159.52,0.021,8.39,27.0,"axiom,smart_degen",
2026-05-25,2net6etAtTe3Rbq2gKECmQwnzcKVXRaLcHy2Zy1iCiWz,0.31,1403,535,14888.62,0.197,38.08,412.0,"axiom,padre,smart_degen,trojan",
2026-05-25,FcmnUbZLATgMc1xsq2mqDNijMXjJGZp796SPqgk3wZHW,0.35,21,1474,11650.93,0.056,39.43,17.0,"axiom,fresh_wallet,smart_degen",
2026-05-25,RaVenxw8kykBbW7KGBaBsb7fDkkBYK4uJVDSFun6ZxR,0.814,1032,48592,24674.7,0.005,21.22,303.0,sandwich_bot,
2026-05-25,5cWqnZydwGZ6ABTm5hxVNxsYsZQDVuv8sXWw6Kh3AM5Q,0.838,29,2169,18969.15,0.026,0.67,47.0,smart_degen,
2026-05-25,C937MwaPmo2d6zxysoGeEERZZit7EC7H1R3Mem3BfUKZ,0.592,91,686,3935.99,0.043,19.32,144.0,"axiom,padre,smart_degen",
2026-05-25,9LxMdvs1m8QRFvFuhvzzMXykAkpaHTJhktULdpBztUMm,0.298,869,2998,144691.78,0.145,246.31,144.0,"axiom,smart_degen",
2026-05-25,hahaA2GjzZbwgAwwryjmTb8VkmLt68hdZVHhtcpknpT,0.334,372,1650,5283.47,0.021,63.99,27.0,"axiom,gmgn,padre,smart_degen",AspectOnChain
2026-05-25,8ZieSX9ZkoxiVt2dPbiDMDz4bVqcAv9gYYGHkSzqqVgP,0.28,49,1307,41701.08,0.344,11.24,28.0,smart_degen,
2026-05-25,ARARAw1AL4kKnuwFyU534yoGv5ytexxeVpbcuEvpqi89,0.599,57,8419,15724.36,0.012,2.37,29.0,"axiom,gmgn,padre,smart_degen",
2026-05-25,BCagckXeMChUKrHEd6fKFA1uiWDtcmCXMsqaheLiUPJd,0.437,25937,20925,72304.27,0.105,182.45,27.0,"axiom,bullx,gmgn,top_renamed,wash_trader",vibed333
2026-05-25,JBzU99LYekSFhThpv4xHWDo4aC9eM1QKHULhio3owv7T,0.673,152,7228,13189.79,0.017,0.85,70.0,smart_degen,
2026-05-25,Hd5wMoiypHWRQmkus5SHu6ECH27fXVqkhg3d5rGhvLAL,0.703,37,1549,4407.17,0.023,0.2,7.0,"fresh_wallet,smart_degen",
2026-05-25,81wSbGM8wwf61q5rgFpoJjaruPhUmpstqFj3Hyueb59g,0.382,46,1269,23918.23,0.135,24.02,52.0,"axiom,smart_degen",
2026-05-25,8wq2nhV9YaqTtX3aPMdtmhYrzQyoQCdFpWFNqpySux94,0.38,75,1269,24804.01,0.14,26.01,46.0,"axiom,smart_degen",
2026-05-25,7fnSsVNgKwnyPayW4oBP9MNFc5YeTtqEyEhT1Psjqakw,0.354,69,1276,23192.44,0.131,33.02,52.0,"axiom,smart_degen",
2026-05-25,AtFjYrCLRZMwEXFr4pK3NShq58CGZFXZ21LDeWMUUoF4,0.404,47,1250,23887.16,0.13,23.16,52.0,"axiom,smart_degen",
2026-05-25,9qcHMAe2TD1JXzztJrQdCCCcRoPM3CmGsZuP7zGJ3sdS,0.395,106,458,12023.9,0.07,39.98,379.0,"axiom,gmgn,smart_degen",
2026-05-25,uyEsESVmqtzJfbYLvpmSpVqXhHhkW7uFWsgVSaY5DGd,0.41,7,1984,15368.07,0.185,0.34,258.0,smart_degen,
2026-05-25,3ricXXziD22sZFyecy12L3dbYLH5Dep6scaHVdL8JdFz,0.505,69,1550,5572.32,0.035,6.84,27.0,"gmgn,smart_degen",
2026-05-25,FFEjC9MHhpQViBPrD2iU6LmV2hEigyhLJaL7MZUZzyD4,0.59,574,494,31721.45,0.309,68.15,354.0,"axiom,smart_degen",
2026-05-25,EW1BMaF3AUnu9anjUmu8p3EY5F33ZhMESi7V2DJHNgNw,0.605,438,505,32183.99,0.319,65.52,393.0,"axiom,smart_degen",
2026-05-25,Frd4Twb5sPXbWhjyCQJ84rgHZ7G7AnA3BJrcuNeTNdVS,0.514,19,336,13065.77,0.216,0.0,97.0,"fomo,smart_degen",
2026-05-25,teddyYXw7aiNpDuQCeLb2YiBJhqthBid4C54BuWcPxm,0.429,770,3287,31023.63,0.114,32.48,105.0,"axiom,padre,smart_degen",
2026-05-25,9bh68CX7yQ4bKBZdYqkWxS5WPzAMCyA7bJaFFddwbMZd,0.624,53,3411,4220.07,0.022,41.77,150.0,smart_degen,
2026-05-26,JBzU99LYekSFhThpv4xHWDo4aC9eM1QKHULhio3owv7T,0.672,158,7206,13116.1,0.017,0.76,71.0,smart_degen,
2026-05-26,CXVJewdc79TYR55sz4SGLSWUPz3r4LBJ9Mn93bZ8ZyAz,0.415,447,5374,26440.62,0.038,85.96,509.0,"axiom,bullx,gmgn,padre,smart_degen",
2026-05-26,HqVJEkbMb2PPkBsnjxXUUrLRtACj7CTFaxyk85Jno1pi,0.371,76,447,8144.22,0.216,2.28,61.0,"photon,smart_degen",
2026-05-26,3vNb7Lo9Xc8DBKhBfvzq8q1zUUca42BTDATRJmYrwrJK,0.579,124,12349,11092.35,0.017,6.15,140.0,smart_degen,
2026-05-26,teddyYXw7aiNpDuQCeLb2YiBJhqthBid4C54BuWcPxm,0.429,783,3313,30450.24,0.11,19.45,106.0,"axiom,padre,smart_degen",
2026-05-26,CNDXkovjrP5otMJor1hwSpKWpmY1Qq4vgjBAtQS3Z2TY,0.436,25,812,6559.8,0.162,18.25,24.0,"padre,smart_degen",
2026-05-26,HrtVLLCBM4LXfRGLGcXBYvkkJ9xnbiJ3ob1MxKdmNs7o,0.615,416,1768,24858.45,0.061,45.78,307.0,"axiom,smart_degen",
2026-05-26,2QeJByxhX4cqbkmZ1KwFRRacpW2Fh1J2YtuBiRTLd75D,0.661,19,1921,10453.49,0.032,2.17,70.0,smart_degen,
2026-05-26,J6kZjUBfRhgxXjcQWTyLJimZWKHT4evAJSmhN9rHAQkr,0.542,128,3660,10608.2,0.051,24.56,264.0,"axiom,smart_degen",
2026-05-26,Hd5wMoiypHWRQmkus5SHu6ECH27fXVqkhg3d5rGhvLAL,0.721,47,1764,5268.02,0.024,0.24,8.0,"fresh_wallet,smart_degen",
2026-05-26,6Dt9J7TXM3eqyQBAZMbGJCV6VsP13WVStwPJnLPFtw2Y,0.61,196,1336,7774.53,0.052,28.34,216.0,"gmgn,smart_degen,trojan",
2026-05-26,6Gg47vBQqdLRuk6Y65QGd6nCw1eU7nPkEwSc5BpeHkE3,0.507,8,195,2557.76,0.055,0.19,202.0,"fomo,smart_degen",
2026-05-26,RaVenxw8kykBbW7KGBaBsb7fDkkBYK4uJVDSFun6ZxR,0.817,1032,47384,23913.68,0.005,15.46,304.0,sandwich_bot,
2026-05-26,2net6etAtTe3Rbq2gKECmQwnzcKVXRaLcHy2Zy1iCiWz,0.309,1414,548,15068.38,0.192,46.79,413.0,"axiom,padre,smart_degen,trojan",
2026-05-26,5cWqnZydwGZ6ABTm5hxVNxsYsZQDVuv8sXWw6Kh3AM5Q,0.829,45,2103,19966.79,0.027,1.82,48.0,smart_degen,
2026-05-26,AEqPi4RCD7uRXmMB5ec6V4ehT74Ra2kEdmqVqtHUmyLh,0.377,111,5654,6662.59,0.013,71.58,252.0,"axiom,smart_degen",
2026-05-26,81wSbGM8wwf61q5rgFpoJjaruPhUmpstqFj3Hyueb59g,0.392,47,1429,25792.45,0.137,41.41,53.0,"axiom,smart_degen",
2026-05-26,7fnSsVNgKwnyPayW4oBP9MNFc5YeTtqEyEhT1Psjqakw,0.357,70,1437,24912.17,0.132,49.51,53.0,"axiom,smart_degen",
2026-05-26,AtFjYrCLRZMwEXFr4pK3NShq58CGZFXZ21LDeWMUUoF4,0.407,51,1429,26202.66,0.134,44.89,53.0,"axiom,smart_degen",
2026-05-26,FJwDHKZvdWw3grZCraEpFYG39atTzmqeMYj8PdVNbvjw,0.674,54,1893,3392.43,0.022,0.37,319.0,"gmgn,smart_degen",
2026-05-26,7VC1krBKUYQBQBFpfcTnavNhEExYbG3SAC4hkX13Kzsn,0.423,12,57,2216.28,0.311,0.13,42.0,"fomo,smart_degen",
2026-05-26,HJy6dDpTybNYoeDJoNtSP1xSzqpBAaGGF321edcrBbfH,0.667,6,137,1620.48,0.084,1.7,,"fresh_wallet,smart_degen",
2026-05-26,CqTLb1gNgwmDP21d9xfoFMzCLV3W8iSj9eCx86ySWXkh,0.4,6,761,6978.63,0.183,21.39,24.0,"padre,smart_degen",
2026-05-26,BEo245MAhGBXiiUBWhnTDTyrWZLNzZKamnrbAx9F5bPn,0.367,6,533,1247.87,0.025,29.52,24.0,"axiom,smart_degen",
2026-05-27,3kSUZ79VEfpy9Uw9sWnB1jG2GwmTQSCcn72NH57s1rCx,0.478,195,2899,20354.81,0.02,0.0,111.0,"fomo,padre,smart_degen",
2026-05-27,4TVd4Zdfc8CLGYyMqn3YXtYdXPfBAcSgix8GcbhBURg5,0.365,12,1407,8118.25,0.095,11.65,14.0,"axiom,fresh_wallet,smart_degen",
2026-05-27,CRehX3UNi4MyyQagMz7MyfiWrN9ZynE6v2eNZ2ffrPD1,0.495,19,3065,2210.94,0.014,8.56,119.0,smart_degen,
2026-05-27,RaVenxw8kykBbW7KGBaBsb7fDkkBYK4uJVDSFun6ZxR,0.816,1032,45721,14206.22,0.003,8.77,305.0,sandwich_bot,
2026-05-27,HPZRuC47Rxb4EA6uR5NoSXGm6QFmkoMswcdZnyNY7SAU,0.446,8,1497,2524.87,0.013,0.0,,"fomo,fresh_wallet,smart_degen",
2026-05-27,5cWqnZydwGZ6ABTm5hxVNxsYsZQDVuv8sXWw6Kh3AM5Q,0.821,52,2070,17102.99,0.022,1.09,49.0,smart_degen,
2026-05-27,2QeJByxhX4cqbkmZ1KwFRRacpW2Fh1J2YtuBiRTLd75D,0.649,19,1928,11349.56,0.034,0.83,71.0,smart_degen,
2026-05-27,FdHEV7sRsHJch6LmnEBtzLtU28zK3Dogb9tbhXLNyyGT,0.715,984,4571,34057.18,0.02,26.49,531.0,smart_degen,
2026-05-27,AEqPi4RCD7uRXmMB5ec6V4ehT74Ra2kEdmqVqtHUmyLh,0.377,115,5510,8214.17,0.016,73.69,253.0,"axiom,smart_degen",
2026-05-27,6bxvSqw7bzRHTPNf2ZRvywLRqJ9LFn47sHaq5sd6bk5o,0.36,570,728,22333.93,0.064,77.08,352.0,"axiom,gmgn,padre,photon,smart_degen",jaystoolate
2026-05-27,FzfK4Z2mApPiQuVXoLSSTuBVjNxj8LxjqqPxb2nSHW1q,0.566,15,200,2904.7,0.066,18.3,29.0,smart_degen,
2026-05-27,93kgxYKex5wPyEkjH9P4KspLFAi3fdWBkw8vZce51pbp,0.743,724,3983,41639.29,0.022,1.14,101.0,smart_degen,
2026-05-27,6LLhj1Qs2eEWN5NBpmuaYNkN9zhfVJwnn3MFfSwQhqk7,0.507,14,332,3951.92,0.102,1.61,27.0,"axiom,padre,smart_degen",
2026-05-27,JBzU99LYekSFhThpv4xHWDo4aC9eM1QKHULhio3owv7T,0.671,163,7193,13243.7,0.017,0.41,72.0,smart_degen,
2026-05-27,uyEsESVmqtzJfbYLvpmSpVqXhHhkW7uFWsgVSaY5DGd,0.415,9,2195,16084.32,0.172,0.04,260.0,smart_degen,
2026-05-27,AarL4R5B6jFMU7CFYk9B5fNRFK4mVQjwGMBUQjoEwuHY,0.65,19,71,1669.55,0.252,11.13,445.0,"smart_degen,trojan",
2026-05-27,2i5RNHQFmiEWFqwvmRsGK6iaV6YqiW3WqzJkArRinXiQ,0.636,53,127,1098.85,0.065,9.31,443.0,"photon,smart_degen",
2026-05-27,Hd5wMoiypHWRQmkus5SHu6ECH27fXVqkhg3d5rGhvLAL,0.71,52,1982,5566.92,0.023,0.28,9.0,"fresh_wallet,smart_degen",
2026-05-27,EdyJNndv9bdWjQxwxThbRU84y7tQ8BF25xxvyuEnKSfD,0.534,10,3234,476.9,0.004,5.69,57.0,smart_degen,
2026-05-27,FkT7sXCo9GRCPMNsMXynBnTaUQ8fUdY5wG8SBGfo8JTh,0.164,1243,384,-195040.2,-0.561,5.49,466.0,trojan,
2026-05-27,3oB4kFkceZmmXPYZT9WJfTYvjkUBS4upr1ssWpV5aa1A,0.525,590,478,7451.13,0.075,60.02,335.0,"axiom,gmgn,padre,smart_degen",nba_Basti
2026-05-27,6X7Ln5KPurRfNiNroyZxxi7VstEzuhd4jMefNEqAu7uV,0.41,119,3068,20978.04,0.033,41.38,60.0,"axiom,smart_degen",
2026-05-27,5baEHr9X6tLznWaqtNh1XX9zKdQK9Dwd86dNmowBe32z,0.575,107,10581,9545.26,0.018,5.37,141.0,smart_degen,
2026-05-28,BC8yiFFQWFEKrEEj75zYsuK3ZDCfv6QEeMRif9oZZ9TW,0.407,15318,112,78614.19,1.14,12.46,445.0,"app_smart_money,top_renamed",
2026-05-28,3ricXXziD22sZFyecy12L3dbYLH5Dep6scaHVdL8JdFz,0.529,69,1405,5357.82,0.036,9.49,30.0,"gmgn,smart_degen",
2026-05-28,7jvgMTjDM6Tzu5daNVrK1RkRpv7HQMX63RdFSB1rnnkq,0.319,48,674,5712.23,0.156,72.18,190.0,"padre,smart_degen",
2026-05-28,CqB9P9K2dKjKmJx1k9qAJr8ucPKXgv45qP1G74JUwxwF,0.669,76,1703,12293.93,0.152,0.4,260.0,smart_degen,
2026-05-28,tCPHCKBKPmVvDCPiv3JmTeXXc7ivPpTRfvPZuzTodir,0.44,42,1087,10120.57,0.076,9.19,40.0,"axiom,smart_degen",
2026-05-28,Ejhe74yR9VedNNPJvHAwrmvVwQPkTQ8x6ykzYCL88LfN,0.449,68,1101,12699.84,0.093,11.79,40.0,"axiom,smart_degen",
2026-05-28,6Gg47vBQqdLRuk6Y65QGd6nCw1eU7nPkEwSc5BpeHkE3,0.529,11,235,4799.09,0.08,0.54,204.0,"fomo,smart_degen",
2026-05-28,GBeuq1LCo7A1VvZ5cwAQWKqXZXwemrLW97qAMF9YKpz7,0.636,301,2100,29494.99,0.073,14.98,141.0,"axiom,smart_degen",
2026-05-28,H2KAvWycyqeHhqkMC1f83Pwju3B2MztLYdXVpNMcDs2V,0.42,442,5885,17116.94,0.022,4.51,447.0,"axiom,smart_degen",
2026-05-28,D3C1Lh9x88kTBdysNiZ7QRfYZTC8T5u1Sjj7f7G64Bah,0.329,336,1798,11490.24,0.102,75.96,399.0,"axiom,smart_degen",
2026-05-28,herkMe1sn5jbYR977tUYUJ7CGBbVdpggpJ16tQzbvfB,0.364,14,932,3002.59,0.102,6.09,13.0,"axiom,fresh_wallet,smart_degen",
2026-05-28,2QeJByxhX4cqbkmZ1KwFRRacpW2Fh1J2YtuBiRTLd75D,0.652,21,1965,11936.98,0.034,0.75,72.0,smart_degen,
2026-05-28,Ew4YAextA2RJjPvJoZxmMZpZJdmcpTBJa2bN1U6Ptb2T,0.43,102,1892,8740.87,0.053,169.08,,smart_degen,
2026-05-28,3kSUZ79VEfpy9Uw9sWnB1jG2GwmTQSCcn72NH57s1rCx,0.477,196,2821,18241.66,0.019,0.06,112.0,"fomo,padre,smart_degen",
2026-05-28,9bh68CX7yQ4bKBZdYqkWxS5WPzAMCyA7bJaFFddwbMZd,0.631,53,3540,4851.93,0.025,19.8,153.0,smart_degen,
2026-05-28,8H3YZbQJTcN1eMQRo19rcKVnHNmLM4AaE9yrqLDCk2Xe,0.441,7,202,6068.4,0.182,12.79,234.0,"padre,smart_degen",
2026-05-28,Ay1pyfhZX7SVrHdgF2ExC5JgPqLoG5maDd5azrfwDvbh,0.538,214,10737,13396.75,0.027,1.08,401.0,"axiom,smart_degen",
2026-05-28,BmPy6dkbdyAxB1yTVFJWW24S4mEth16WfHy7Mq8j4pGo,0.818,5,388,1277.73,0.064,12.79,7.0,"fresh_wallet,smart_degen",
2026-05-28,2fNPNJKE3ny6b5Vo1wdfa7J7KqYNjeyBM3PbGGSJ398r,0.757,206,2156,10194.39,0.028,23.04,353.0,"padre,smart_degen",
2026-05-28,666MXR2Ze4aDAKL15ydMTVfgu6PUMvBquVuguATGH999,0.924,49,215,39359.61,0.047,31.56,87.0,smart_degen,
2026-05-28,FJwDHKZvdWw3grZCraEpFYG39atTzmqeMYj8PdVNbvjw,0.689,56,1758,3618.48,0.024,0.24,321.0,"gmgn,smart_degen",
2026-05-28,AtFjYrCLRZMwEXFr4pK3NShq58CGZFXZ21LDeWMUUoF4,0.409,63,1612,33215.48,0.173,29.58,55.0,"axiom,smart_degen",
2026-05-28,8wq2nhV9YaqTtX3aPMdtmhYrzQyoQCdFpWFNqpySux94,0.386,86,1620,26122.12,0.14,26.61,49.0,"axiom,smart_degen",
2026-05-28,81wSbGM8wwf61q5rgFpoJjaruPhUmpstqFj3Hyueb59g,0.397,53,1614,24822.36,0.134,25.85,55.0,"axiom,smart_degen",
2026-05-28,7fnSsVNgKwnyPayW4oBP9MNFc5YeTtqEyEhT1Psjqakw,0.364,86,1625,31484.72,0.169,22.38,55.0,"axiom,smart_degen",
2026-05-28,uyEsESVmqtzJfbYLvpmSpVqXhHhkW7uFWsgVSaY5DGd,0.413,11,2256,16384.45,0.169,1.61,261.0,smart_degen,
2026-05-28,9hysqehj84MkQJGTLmRhb4xW4YkVQ4zgvpQubJu17AU1,0.365,14,216,4412.87,0.243,3.41,100.0,"gmgn,smart_degen",
2026-05-28,undwZZbXFTXAizTeeNpmygJDa4pWopEr1UCDSWpyo4y,0.695,93,2585,8789.08,0.017,4.19,47.0,smart_degen,
2026-05-28,CXVJewdc79TYR55sz4SGLSWUPz3r4LBJ9Mn93bZ8ZyAz,0.416,468,5564,32033.77,0.046,128.14,511.0,"axiom,bullx,gmgn,padre,smart_degen",
2026-05-28,H4xqKevdcQ8PUoku8FMifTdUQrVJVkReqkVzrpoYNT1P,0.367,78,3321,4022.64,0.018,1.95,169.0,"axiom,gmgn,padre,smart_degen",_zeldr1ss
2026-05-28,gWTmSBYYJhDf8kM9CKdej7pL96Jjq7rhTiBd6pyv2Yb,0.533,28,7351,7840.0,0.007,2.75,44.0,"padre,smart_degen",
2026-05-28,PCX1b8exeasEaE8kK5S5XyUC2PXJyqZRCN6pRWxaTdV,0.499,36,551,4899.62,0.05,11.14,49.0,"axiom,smart_degen",
2026-05-29,Hsu75uJhEidV5Zkj21XBEYUBaFZmjb8Rd6qUpweWGbTo,0.334,41,575,21960.8,0.089,21.21,28.0,"axiom,padre,smart_degen",
2026-05-29,2xTAbVhrFdHybZnxjkwfkQHLvkRKMfggL641mFKj8xWD,0.319,15,1463,6003.14,0.063,16.27,37.0,"axiom,smart_degen",
2026-05-29,3CsDNN3KGgN32JCXVZa8XJJ9ssYJyoYcYMK5igPq5fPW,0.638,3,1267,1915.34,0.016,0.91,3.0,"fresh_wallet,smart_degen",
2026-05-29,FX2MjjFCMkKWupyCQR49gdtSwEpc7fpGJKkFX4J9hjfs,0.455,92,3249,11677.34,0.045,31.08,131.0,smart_degen,
2026-05-29,J6kZjUBfRhgxXjcQWTyLJimZWKHT4evAJSmhN9rHAQkr,0.541,132,3059,9559.38,0.052,33.52,267.0,"axiom,smart_degen",
2026-05-29,7BVsMqCRoeEtvVeasYGrRhy83gHr5ZSJBnpV7QeCFQs4,0.473,322,3717,50662.21,0.057,38.27,364.0,"axiom,smart_degen",nevdevvv
2026-05-29,HrtVLLCBM4LXfRGLGcXBYvkkJ9xnbiJ3ob1MxKdmNs7o,0.599,427,1888,24623.94,0.056,35.72,310.0,"axiom,smart_degen",
2026-05-29,CqB9P9K2dKjKmJx1k9qAJr8ucPKXgv45qP1G74JUwxwF,0.69,77,1710,12642.04,0.154,1.13,261.0,smart_degen,
2026-05-29,T4Rr39DGzCHYHZBxWvoKcL2vmpjfjjHsThUMV7zpQMJ,0.413,57,2128,17083.1,0.088,39.15,31.0,"axiom,smart_degen",
2026-05-29,78mjoBNJ7xY9QTJ7sk9Fi9PKkfni4rxqhBN5hpjkdt4v,0.507,26,480,2210.27,0.036,18.64,72.0,"axiom,smart_degen",
2026-05-29,H7MSEB3Q9Ko7ZT9rwcNpafh6nHRVoopj8Km5UGBtvLMF,0.542,12,109,6524.01,0.325,15.16,14.0,"fresh_wallet,photon,smart_degen",
2026-05-29,E9RXTAXtXHwyuguYkRu7BVkYDN6Gp4JzNzopwBLHQTDq,0.563,103,9538,9648.63,0.019,6.13,143.0,smart_degen,
2026-05-29,8FiuwM6FmVKmBLCaJ6QcNScnVw4NuNs7Tt4Skf91saF8,0.826,1218,514,52066.15,0.366,18.96,284.0,"axiom,padre,smart_degen",
2026-05-29,53DJ2MA86K2Vnp2D5c3odHFM7LvMwSceMj5LdGv3XEjM,0.475,24,322,2819.87,0.12,11.42,131.0,smart_degen,
2026-05-29,DZwgxGwTzaqFV91dBnoTeJWbirA4MCjwVNJ5jFfCpsSC,0.511,59,425,2235.4,0.054,2.3,275.0,smart_degen,
2026-05-29,CXVJewdc79TYR55sz4SGLSWUPz3r4LBJ9Mn93bZ8ZyAz,0.413,484,5653,34733.43,0.049,137.89,512.0,"axiom,bullx,gmgn,padre,smart_degen",
2026-05-29,DY4tAwMkz6v1KrYkXZNAeyjPNubepmmUZnpPr1fLRoWe,0.341,27,473,2834.95,0.137,30.17,126.0,"gmgn,padre,smart_degen",
2026-05-29,Hd5wMoiypHWRQmkus5SHu6ECH27fXVqkhg3d5rGhvLAL,0.715,56,2357,6708.59,0.024,0.28,11.0,"fresh_wallet,smart_degen",
2026-05-29,Ejhe74yR9VedNNPJvHAwrmvVwQPkTQ8x6ykzYCL88LfN,0.445,73,1132,20279.54,0.139,10.84,41.0,"axiom,smart_degen",
2026-05-29,tCPHCKBKPmVvDCPiv3JmTeXXc7ivPpTRfvPZuzTodir,0.433,42,1118,13592.31,0.097,8.05,41.0,"axiom,smart_degen",
2026-05-29,RaVenxw8kykBbW7KGBaBsb7fDkkBYK4uJVDSFun6ZxR,0.822,1032,42513,21661.67,0.005,64.35,307.0,sandwich_bot,
2026-05-29,JCFpfkrCAoovfRtkAdCde2TvPZHCmQgK5mm8Hc2LKWMZ,0.529,50,1173,4468.32,0.046,6.87,288.0,"axiom,smart_degen",
2026-05-29,555CVoLLYrmo6KREkqrtpCeBBk2WjmYpYMjbQWvygCqF,0.616,4,736,1688.02,0.021,6.73,2.0,"fresh_wallet,smart_degen",
2026-05-29,JBzU99LYekSFhThpv4xHWDo4aC9eM1QKHULhio3owv7T,0.673,167,6958,12938.59,0.018,1.89,74.0,smart_degen,
2026-05-29,g5HcBNwSo2GyeKwdsgLzCrmqeB3KeihLd87nS79kDaG,0.538,105,6874,8308.59,0.008,41.6,58.0,smart_degen,
2026-05-29,FdHEV7sRsHJch6LmnEBtzLtU28zK3Dogb9tbhXLNyyGT,0.719,999,4475,35016.16,0.021,24.5,533.0,smart_degen,
2026-05-29,6XUfMpJmSsSPGFLDdwv1Y9tUZTFwygXTKmsPErV54hEB,0.524,75,695,10519.28,0.143,0.46,36.0,"gmgn,smart_degen",
2026-05-29,CEUA7zVoDRqRYoeHTP58UHU6TR8yvtVbeLrX1dppqoXJ,0.361,2433,2629,34135.21,0.035,288.62,459.0,"axiom,gmgn,smart_degen",
2026-05-29,db4gb5ahQV6vqQSamhMLFNBNoUE5wLtYmF4cjq8YFrb,0.56,5,1069,2341.66,0.018,0.89,26.0,smart_degen,
2026-05-30,tCPHCKBKPmVvDCPiv3JmTeXXc7ivPpTRfvPZuzTodir,0.437,46,1105,13750.47,0.098,14.75,42.0,"axiom,smart_degen",
2026-05-30,Ejhe74yR9VedNNPJvHAwrmvVwQPkTQ8x6ykzYCL88LfN,0.447,85,1119,20344.37,0.139,16.94,42.0,"axiom,smart_degen",
2026-05-30,FdwVhbBQhY9rwF5yaZwVH2SK6jhtxj67idgVrrGgAmKS,0.443,58,1104,13220.89,0.093,16.51,42.0,"axiom,smart_degen",
2026-05-30,RaVenxw8kykBbW7KGBaBsb7fDkkBYK4uJVDSFun6ZxR,0.821,1032,42091,19455.21,0.005,59.0,308.0,sandwich_bot,
2026-05-30,7pfP6SKRsWpr1Smg4tWnHLvEfBrJz5aELPFdefzL11je,0.507,24,1116,13224.13,0.092,25.54,56.0,"axiom,smart_degen",
2026-05-30,FX2MjjFCMkKWupyCQR49gdtSwEpc7fpGJKkFX4J9hjfs,0.453,95,3276,11728.44,0.045,25.61,132.0,smart_degen,
2026-05-30,2QeJByxhX4cqbkmZ1KwFRRacpW2Fh1J2YtuBiRTLd75D,0.66,27,1928,11603.37,0.034,0.67,74.0,smart_degen,
2026-05-30,CXVJewdc79TYR55sz4SGLSWUPz3r4LBJ9Mn93bZ8ZyAz,0.409,501,5814,33583.97,0.046,65.07,513.0,"axiom,bullx,gmgn,padre,smart_degen",
2026-05-30,BLj14GfMKSL27a4MmrNDyPVMG2ay7S3kXJCQdyHoXbM,0.481,89,1765,8159.02,0.014,34.47,127.0,"axiom,smart_degen",
2026-05-30,g5HcBNwSo2GyeKwdsgLzCrmqeB3KeihLd87nS79kDaG,0.531,113,7164,7987.43,0.008,44.37,59.0,smart_degen,
2026-05-30,9dW7y6yWSHuk2HCS2keR14h2NyhKPKnz5CTMC9SMdX45,0.471,18,2171,2670.13,0.012,4.4,34.0,smart_degen,
2026-05-30,AEqPi4RCD7uRXmMB5ec6V4ehT74Ra2kEdmqVqtHUmyLh,0.381,128,5080,7297.37,0.017,75.7,256.0,"axiom,smart_degen",
2026-05-30,CqB9P9K2dKjKmJx1k9qAJr8ucPKXgv45qP1G74JUwxwF,0.686,79,1725,12889.97,0.155,1.16,262.0,smart_degen,
2026-05-30,9wGUsBiegMeKWU8HZG4NjRGsKPcZ9Etma2PArJPxgPKn,0.455,12,239,3155.86,0.171,0.22,214.0,"axiom,smart_degen",
2026-05-30,9sRdttpVbnpacyW8ke1XPZpfYcBFHsj9RxzD3QHmq4LK,0.506,35,305,2087.73,0.046,1.4,35.0,"axiom,gmgn,padre,smart_degen",
2026-05-30,BSPdKsA3VyyHesPCkfEktfThbEqqFxvot29BkYaSmqbm,0.498,32,591,3642.7,0.037,60.06,32.0,"axiom,smart_degen",
2026-05-30,hnu69n6P5CgYXCtUKii9wgamqtDeTVHY3TVJ6HKt7wC,0.844,338,1574,44749.7,0.027,15.28,248.0,"padre,smart_degen",
2026-05-30,D5yLXxSSJ26T3mMNar5ai2J3eSw7P2PCP761K2i7gYKH,0.474,12,201,3856.07,0.102,2.0,173.0,"gmgn,smart_degen",
2026-05-30,53DJ2MA86K2Vnp2D5c3odHFM7LvMwSceMj5LdGv3XEjM,0.469,26,344,2836.03,0.117,11.71,132.0,smart_degen,
2026-05-30,6thKzh1NhiPMNWXvqLUem3GAjUgkxBCyLToxZ28z4nVi,0.545,41,4905,8987.09,0.041,153.97,326.0,smart_degen,
2026-05-30,D3C1Lh9x88kTBdysNiZ7QRfYZTC8T5u1Sjj7f7G64Bah,0.318,346,1917,10868.78,0.091,82.87,401.0,"axiom,smart_degen",
2026-05-30,DJkPJC6N7Hc47HzoeCTm6GnA9uVa3nduyTXavweL4YB8,0.222,1738,156,7956.22,0.172,8.32,479.0,,
2026-05-30,CSMNJAwKbVYhkvycMbSkd5hwu1rFbYzL3nJ8zqJ2wcMf,0.43,10,212,4664.82,0.144,0.04,40.0,smart_degen,
2026-05-30,4U9s6ktkZVD6W9K5X1RRVG89Mm9ZGznrPhhPhXezNedm,0.611,11,1151,6753.11,0.036,8.94,32.0,"gmgn,smart_degen",
2026-05-30,7XPu5j9LPRi9CythzNeC8EDbSHounnFY6tD7duJrqbKz,0.576,80,7604,6658.15,0.016,3.89,144.0,smart_degen,
2026-05-31,CskAmpNFACaFELbVHdgezJu1uda2ivLvH2xFoiKdmPCS,0.627,81,3273,1837.14,0.014,18.05,148.0,smart_degen,
2026-05-31,5a8pvNJM4ruB7ER7KV5Vm32WifJcKs7YNrTfVRaEzffe,0.623,13,2404,2133.0,0.021,37.79,27.0,smart_degen,
2026-05-31,2QeJByxhX4cqbkmZ1KwFRRacpW2Fh1J2YtuBiRTLd75D,0.655,32,1931,10730.32,0.031,0.61,75.0,smart_degen,
2026-05-31,9LxMdvs1m8QRFvFuhvzzMXykAkpaHTJhktULdpBztUMm,0.288,914,2903,84871.23,0.096,155.43,150.0,"axiom,smart_degen",
2026-05-31,7pfP6SKRsWpr1Smg4tWnHLvEfBrJz5aELPFdefzL11je,0.507,32,1163,14264.14,0.094,32.65,57.0,"axiom,smart_degen",
2026-05-31,93kgxYKex5wPyEkjH9P4KspLFAi3fdWBkw8vZce51pbp,0.74,751,3523,40362.78,0.025,1.62,105.0,smart_degen,
2026-05-31,4uG211pSVe8zs4vCek8zYVKL9cNdfPkVuBe8hGkWCCZh,0.481,15,1359,2116.51,0.009,6.67,35.0,"padre,smart_degen",
2026-05-31,D3C1Lh9x88kTBdysNiZ7QRfYZTC8T5u1Sjj7f7G64Bah,0.324,347,1886,11996.79,0.103,85.9,402.0,"axiom,smart_degen",
2026-05-31,FdHEV7sRsHJch6LmnEBtzLtU28zK3Dogb9tbhXLNyyGT,0.727,1017,4347,36619.04,0.023,14.72,535.0,smart_degen,
2026-05-31,RaVenxw8kykBbW7KGBaBsb7fDkkBYK4uJVDSFun6ZxR,0.818,1032,41450,42184.02,0.011,56.68,309.0,sandwich_bot,
2026-05-31,555CVoLLYrmo6KREkqrtpCeBBk2WjmYpYMjbQWvygCqF,0.581,19,1401,2326.91,0.015,5.73,4.0,"fresh_wallet,smart_degen",
2026-05-31,GMEDZr7Po922xzJNyw5G6eCsxdBLremeeyHTnSzUD5Qf,0.536,8,311,7115.71,0.142,1.94,27.0,smart_degen,
2026-05-31,53DJ2MA86K2Vnp2D5c3odHFM7LvMwSceMj5LdGv3XEjM,0.483,27,333,2848.49,0.129,13.09,133.0,smart_degen,
2026-05-31,73DeqP8f7Eh6YfmC6CbvMDzzPKku3eaXAk7qtWmoqWDg,0.589,12,2423,3302.05,0.014,3.26,394.0,smart_degen,
2026-05-31,HLLuLvCUFkzypbMkXPzGBKZxhNt6b2AveDLwRyDFCTd9,0.463,41,80,27593.33,0.878,263.58,59.0,"photon,smart_degen",
2026-05-31,C937MwaPmo2d6zxysoGeEERZZit7EC7H1R3Mem3BfUKZ,0.592,103,694,5562.55,0.05,44.62,150.0,"axiom,padre,smart_degen",
2026-05-31,8fsKLLtvKNanL4ginCaiRS6UfeemY11rSf8U8fN1dJw4,0.423,1468,4481,16290.32,0.018,70.49,355.0,"axiom,padre,smart_degen",Stigman__
2026-05-31,5wutoUsK5P1qnL33Dc1jpBKgpAy8TTtUV1m77xkEmnDE,0.607,17,1139,6834.57,0.045,66.8,10.0,"fresh_wallet,smart_degen",
2026-05-31,AgiGpUAF25B7NL9u8byDcptPcYWi4eFU4kjtcRtaMmdQ,0.435,6,189,2003.78,0.121,38.49,12.0,"axiom,smart_degen",
2026-05-31,CXVJewdc79TYR55sz4SGLSWUPz3r4LBJ9Mn93bZ8ZyAz,0.41,517,5700,33304.18,0.047,57.02,514.0,"axiom,bullx,gmgn,padre,smart_degen",
2026-05-31,JBzU99LYekSFhThpv4xHWDo4aC9eM1QKHULhio3owv7T,0.68,179,6610,12150.98,0.017,1.05,76.0,smart_degen,
2026-05-31,9wGUsBiegMeKWU8HZG4NjRGsKPcZ9Etma2PArJPxgPKn,0.453,12,282,3759.9,0.176,14.62,215.0,"axiom,smart_degen",
2026-05-31,teddyYXw7aiNpDuQCeLb2YiBJhqthBid4C54BuWcPxm,0.422,820,2799,19546.54,0.077,37.57,111.0,"axiom,padre,smart_degen",
2026-06-01,C4VC2yeHWbSFwUNQ9DPMzxNCfvgptAb6k2vLjo1zJTgV,0.453,113,1086,1750.7,0.019,16.9,134.0,"gmgn,smart_degen",
2026-06-01,3gJ9Uj5gntfudS9fTgx1BEq32pZmNNFSAVt4MQe4NPWZ,0.559,44,1295,1831.13,0.03,15.34,134.0,"gmgn,smart_degen",
2026-06-01,RaVenxw8kykBbW7KGBaBsb7fDkkBYK4uJVDSFun6ZxR,0.819,1031,40993,58081.7,0.015,53.84,310.0,sandwich_bot,
2026-06-01,555CVoLLYrmo6KREkqrtpCeBBk2WjmYpYMjbQWvygCqF,0.565,24,1614,2285.54,0.013,22.19,5.0,"fresh_wallet,smart_degen",
2026-06-01,5wutoUsK5P1qnL33Dc1jpBKgpAy8TTtUV1m77xkEmnDE,0.601,22,1236,6758.22,0.041,65.12,11.0,"fresh_wallet,smart_degen",
2026-06-01,GGPVgdQSbJQtW1yEzqMNdP4o6hkRcFmbdnaFUnXfhKmX,0.524,576,926,9268.18,0.164,10.13,116.0,"axiom,gmgn,smart_degen",mewudi669
2026-06-01,8fsKLLtvKNanL4ginCaiRS6UfeemY11rSf8U8fN1dJw4,0.423,1511,4750,16562.1,0.018,51.03,356.0,"axiom,padre,smart_degen",Stigman__
2026-06-01,GMEDZr7Po922xzJNyw5G6eCsxdBLremeeyHTnSzUD5Qf,0.508,11,333,6731.88,0.13,0.1,28.0,smart_degen,
2026-06-01,7V4PCmQgLyb86oi6gJySfwRGcQiemwoVsZG9sSfNGSSc,0.463,27,252,8333.6,0.077,9.44,25.0,"fresh_wallet,gmgn,smart_degen",
2026-06-01,FdHEV7sRsHJch6LmnEBtzLtU28zK3Dogb9tbhXLNyyGT,0.73,1027,4294,37412.2,0.024,26.3,536.0,smart_degen,
2026-06-01,6Gg47vBQqdLRuk6Y65QGd6nCw1eU7nPkEwSc5BpeHkE3,0.471,12,311,4329.92,0.055,0.0,208.0,"fomo,smart_degen",
2026-06-01,4SrkxvB5GJHy4s87yHUgqRQdMQ6woBNKiGn71e8SYyjS,0.606,2,110,3066.97,0.149,33.05,103.0,smart_degen,
2026-06-01,93kgxYKex5wPyEkjH9P4KspLFAi3fdWBkw8vZce51pbp,0.737,756,3458,37464.51,0.024,1.06,106.0,smart_degen,
2026-06-01,Hd5wMoiypHWRQmkus5SHu6ECH27fXVqkhg3d5rGhvLAL,0.716,77,2928,8226.94,0.024,0.24,14.0,"fresh_wallet,smart_degen",
2026-06-01,666666Qb341tn6DPmX9GVM1VKTmYfSChu3Wgak9HDrxh,0.498,15,752,6754.87,0.073,25.41,28.0,"axiom,smart_degen",
2026-06-01,CAVcuDJssdTeaC5cpRSGvkgMG98QCcgbcYQqAqWehowa,0.508,18,719,6567.88,0.076,25.63,28.0,"axiom,smart_degen",
2026-06-01,herkMe1sn5jbYR977tUYUJ7CGBbVdpggpJ16tQzbvfB,0.389,20,1205,5018.95,0.133,10.55,17.0,"axiom,fresh_wallet,smart_degen",
2026-06-01,6thKzh1NhiPMNWXvqLUem3GAjUgkxBCyLToxZ28z4nVi,0.544,48,5038,9929.43,0.044,118.57,328.0,smart_degen,
2026-06-01,CEUA7zVoDRqRYoeHTP58UHU6TR8yvtVbeLrX1dppqoXJ,0.37,2485,2755,38658.22,0.039,216.7,462.0,"axiom,gmgn,smart_degen",
2026-06-01,73DeqP8f7Eh6YfmC6CbvMDzzPKku3eaXAk7qtWmoqWDg,0.588,13,2489,3272.97,0.014,2.6,395.0,smart_degen,
2026-06-01,ik1fCERApPcHVQCt5TFKZwcfUjS7XiCFyJuQih6Gqqh,0.734,669,1135,54412.7,0.32,304.02,34.0,"axiom,gmgn,smart_degen",hyperdialect
2026-06-01,B9kJYdzb4gB9AC3aFChReDhJ2D5YDCaR4UrEoen2NcyC,0.517,644,1546,26115.11,0.063,48.72,400.0,"axiom,gmgn,padre,smart_degen",kyro10k
2026-06-01,666MXR2Ze4aDAKL15ydMTVfgu6PUMvBquVuguATGH999,0.929,94,267,44230.26,0.048,41.73,91.0,smart_degen,
2026-06-01,GBeuq1LCo7A1VvZ5cwAQWKqXZXwemrLW97qAMF9YKpz7,0.627,313,2047,27911.9,0.07,21.82,145.0,"axiom,smart_degen",
2026-06-01,hnu69n6P5CgYXCtUKii9wgamqtDeTVHY3TVJ6HKt7wC,0.835,360,1613,43721.61,0.026,15.13,250.0,"padre,smart_degen",
2026-06-01,8JS3bkVtpQ2b1eTBtsadyQ7TkE7yxfdb8CpDa9zqwAe2,0.709,137,283,8391.23,0.317,39.14,418.0,"axiom,smart_degen",
2026-06-02,7V4PCmQgLyb86oi6gJySfwRGcQiemwoVsZG9sSfNGSSc,0.457,31,268,9334.87,0.082,14.59,26.0,"fresh_wallet,gmgn,smart_degen",
2026-06-02,9bh68CX7yQ4bKBZdYqkWxS5WPzAMCyA7bJaFFddwbMZd,0.634,76,3496,4569.31,0.023,18.15,158.0,smart_degen,
2026-06-02,61nUtgxC6Nvkg2MxoLPTjGaudMB6bFMbmj3CctfP1TMh,0.636,46,3761,3134.69,0.009,0.42,35.0,"axiom,smart_degen",
2026-06-02,8387X1fnpvpHqZWhBKUQjkGRmKj2ah2XqXkB1eFXE3PP,0.417,229,1279,5929.07,0.045,35.21,446.0,"axiom,photon,smart_degen",
2026-06-02,GvmgmxkE7ed9b74YigRuNeAS6rSnpCAUbjtK4Wc8ed4S,0.432,403,1489,8008.45,0.047,35.76,516.0,"axiom,gmgn,photon,smart_degen",
2026-06-02,3Ci8asFm4TyLpfyXCjDBDsxhZWzvnVL3521bmLvwguBU,0.433,5,948,5578.08,0.024,0.06,196.0,"fomo,smart_degen",
2026-06-02,AQkohxE6oK7vk6iptS6EpuBUCtAgBqbq9mHitCy5fHkn,0.475,50,109,15643.83,0.294,0.86,220.0,"fomo,smart_degen",
2026-06-02,GnPUxksT5BQWAzZYcjGu4KNypSeg8xmCCALa1dJhhr2E,0.571,23,2894,1252.6,0.005,33.14,3.0,"fresh_wallet,smart_degen",
2026-06-02,GBeuq1LCo7A1VvZ5cwAQWKqXZXwemrLW97qAMF9YKpz7,0.627,324,2218,30573.95,0.074,16.72,146.0,"axiom,smart_degen",
2026-06-02,AH2yJ2D3xxM4jbvMDe8GTG26pT3brZHXqL5CXkrUPUvn,0.457,8,636,2663.46,0.109,4.39,81.0,"axiom,smart_degen",
2026-06-02,8s2NGKVaUbMur935vaDrM9VyxFdBXkTfkmYysx6CpcBK,0.442,3,621,3482.72,0.153,4.37,61.0,"axiom,smart_degen",
2026-06-02,zephyrni115ZD4MvotSF8Xi92yennkdpT5nJkAjGdSU,0.486,86,3058,8727.91,0.017,4.68,64.0,"padre,smart_degen",
2026-06-02,9asBCQqp2o5BicHWPJZJ1RBh8hKQR76rejKgkQkzNwPy,0.582,58,5645,7841.51,0.01,5.09,402.0,smart_degen,
2026-06-02,gWTmSBYYJhDf8kM9CKdej7pL96Jjq7rhTiBd6pyv2Yb,0.547,43,7356,8859.56,0.008,4.45,49.0,"padre,smart_degen",
2026-06-02,7q15WZ4iSUDvqfs5Kdh9bfptkQhs6qKUyCUq6GY6PGxg,0.718,388,2698,13142.51,0.028,9.69,579.0,"axiom,smart_degen",
2026-06-02,EGwERj1nadcGQhwnJsMmfmDeH51D1G1kMsdYG3e9V1Dp,0.717,32,1441,1315.08,0.02,9.43,,smart_degen,
2026-06-02,3WhSXTzSTRd1NCvQdBHfUzo3bEAUkEDJPdrHzLumKFhU,0.323,4,1243,3481.3,0.382,0.0,136.0,smart_degen,
2026-06-02,8oFNuyY7tA4Cw6dqamxzciAUYqPPCvckoT9srhvvUWkx,0.5,933,6,767.68,0.194,0.25,465.0,gmgn,
2026-06-02,8fsKLLtvKNanL4ginCaiRS6UfeemY11rSf8U8fN1dJw4,0.421,1533,4977,17660.74,0.018,45.34,357.0,"axiom,padre,smart_degen",Stigman__
2026-06-02,5a8pvNJM4ruB7ER7KV5Vm32WifJcKs7YNrTfVRaEzffe,0.624,15,2866,2691.45,0.021,22.0,29.0,smart_degen,
2026-06-02,BCagckXeMChUKrHEd6fKFA1uiWDtcmCXMsqaheLiUPJd,0.363,26206,20359,38815.93,0.071,261.29,35.0,"axiom,bullx,gmgn,top_followed,top_renamed,wash_trader",vibed333
2026-06-02,FdHEV7sRsHJch6LmnEBtzLtU28zK3Dogb9tbhXLNyyGT,0.729,1030,4381,36500.03,0.023,18.96,537.0,smart_degen,
2026-06-02,AgiGpUAF25B7NL9u8byDcptPcYWi4eFU4kjtcRtaMmdQ,0.385,7,331,2453.85,0.086,40.5,14.0,"axiom,smart_degen",
2026-06-02,3UhLpvwiTjvHxrmMPTGsFiaZqfcVJQwm2aDvnQ6eQ2rY,0.646,8,1516,1740.24,0.031,22.96,52.0,smart_degen,
2026-06-02,HrtVLLCBM4LXfRGLGcXBYvkkJ9xnbiJ3ob1MxKdmNs7o,0.594,446,1990,24976.24,0.055,44.72,314.0,"axiom,smart_degen",
2026-06-02,HpLB9MPL7VoxQZQffFtTX5Lm5mdreykrwVP9omqK6k1P,0.562,280,853,9185.46,0.042,8.65,314.0,"axiom,smart_degen",
2026-06-02,9jKzNrKhXKozpSshjuAGuWkJvW7GmpftBp5KL1GJNRUt,0.342,19,1408,3486.87,0.023,2.69,36.0,"axiom,smart_degen",
2026-06-03,BUCKS2LGUSF3VRtmN1cf3zx1MuWDQW477aZjDceyocSm,0.568,29,1233,7078.25,0.015,10.19,34.0,"axiom,smart_degen",
2026-06-03,5hjTqK29SqJNssYMKFBNSkobn9L12f2edPPyoc92UMia,0.331,14,803,5335.18,0.13,20.26,34.0,"gmgn,smart_degen",
2026-06-03,FL3QRCJDkYvBeQ7jYyGTaCZk4cobj3GaG4a1YSYoMAmP,0.349,23,813,5891.57,0.145,10.05,34.0,"gmgn,smart_degen",
2026-06-03,4asGGZKjPqvxdPv5PJy94pZZdogTpR1RtCQ4w1qPj5Z8,0.321,17,864,4820.55,0.112,11.06,34.0,"gmgn,smart_degen",
2026-06-03,Db8tBRW2KxRryw5yA3FHA4Ni1aB9aizTHKyNcBFeiwUT,0.33,23,893,6891.39,0.146,10.43,34.0,"gmgn,smart_degen",
2026-06-03,CRYVEnrjpcV8H45CMfPZ236C2Gr2eWrGyxdbRQ81q8Nx,0.513,8,2052,1490.93,0.013,2.0,205.0,smart_degen,
2026-06-03,6thKzh1NhiPMNWXvqLUem3GAjUgkxBCyLToxZ28z4nVi,0.561,53,5365,11482.95,0.048,150.92,330.0,smart_degen,
2026-06-03,CskAmpNFACaFELbVHdgezJu1uda2ivLvH2xFoiKdmPCS,0.621,86,3702,1821.66,0.011,8.05,151.0,smart_degen,
2026-06-03,5cWqnZydwGZ6ABTm5hxVNxsYsZQDVuv8sXWw6Kh3AM5Q,0.828,63,2353,23892.03,0.027,0.97,56.0,smart_degen,
2026-06-03,44qXNPRnckqJCGo98siDnpeiTJVnuBu525AWiRJjwE1E,0.38,6,218,915.05,0.035,0.38,20.0,"axiom,fresh_wallet,smart_degen",
2026-06-03,RaVenxw8kykBbW7KGBaBsb7fDkkBYK4uJVDSFun6ZxR,0.823,1031,37540,66463.26,0.018,33.85,312.0,sandwich_bot,
2026-06-03,T4Rr39DGzCHYHZBxWvoKcL2vmpjfjjHsThUMV7zpQMJ,0.42,86,2210,17967.47,0.085,46.15,36.0,"axiom,smart_degen",
2026-06-03,FdHEV7sRsHJch6LmnEBtzLtU28zK3Dogb9tbhXLNyyGT,0.739,1045,4412,35461.06,0.022,12.14,538.0,smart_degen,
2026-06-03,9wGUsBiegMeKWU8HZG4NjRGsKPcZ9Etma2PArJPxgPKn,0.417,14,378,4044.19,0.146,0.12,218.0,"axiom,smart_degen",
2026-06-03,JCFpfkrCAoovfRtkAdCde2TvPZHCmQgK5mm8Hc2LKWMZ,0.542,56,1359,6385.73,0.057,7.83,293.0,"axiom,smart_degen",
2026-06-03,2sSu7dSwux8sKUYEgDtchx679YzuWG6Sbq54Db8vzswc,0.525,11,687,4019.23,0.02,32.61,31.0,"fresh_wallet,smart_degen",
2026-06-03,666MXR2Ze4aDAKL15ydMTVfgu6PUMvBquVuguATGH999,0.926,148,293,49031.16,0.048,40.12,93.0,smart_degen,
2026-06-03,7q15WZ4iSUDvqfs5Kdh9bfptkQhs6qKUyCUq6GY6PGxg,0.727,398,2633,14935.66,0.032,21.22,580.0,"axiom,smart_degen",
2026-06-03,gWTmSBYYJhDf8kM9CKdej7pL96Jjq7rhTiBd6pyv2Yb,0.545,46,7224,9022.35,0.008,1.23,50.0,"padre,smart_degen",
2026-06-03,zephyrni115ZD4MvotSF8Xi92yennkdpT5nJkAjGdSU,0.485,88,2989,8499.96,0.017,4.56,65.0,"padre,smart_degen",
2026-06-03,FC97ShEyA5ebtKKQ3QL6Bj4E3S2SKb55TXhkWYqfrw4J,0.728,30,211,3235.7,0.084,13.78,67.0,"axiom,smart_degen",
2026-06-03,EXaEiYhku3ggMVK9QtxUkRXFXuAmoR2gaxPvDF5HtMAK,0.654,25,236,6720.4,0.076,0.53,215.0,"fomo,smart_degen",
2026-06-03,CEUA7zVoDRqRYoeHTP58UHU6TR8yvtVbeLrX1dppqoXJ,0.378,2530,2915,45951.8,0.045,252.36,464.0,"axiom,gmgn,smart_degen,top_followed,top_renamed",
2026-06-03,EokUVZ8ixAvMcLgQ7wQxTJxd4JC5WfQWeFabfZhVrVFY,0.491,97,1813,17290.39,0.167,26.21,477.0,smart_degen,
2026-06-03,94yFK2TPMCUFy8yhhnUNBuBL5S1m8ieDEwxhedon9pfw,0.4,32,3097,26352.56,0.2,52.01,40.0,"axiom,smart_degen",
2026-06-03,8BZPRwUC8is9yGrdaiJ2mXxS3xPdiGqm6vEinCdgCeyv,0.412,37,3091,32779.72,0.251,51.36,39.0,"axiom,smart_degen",
2026-06-03,42YtP9yQveq3NJcLzhQjzSB4pWnS3cbJvyo1EmGtgF9d,0.403,54,3093,30150.16,0.23,52.23,45.0,"axiom,smart_degen",
2026-06-03,7BVsMqCRoeEtvVeasYGrRhy83gHr5ZSJBnpV7QeCFQs4,0.48,345,2961,46051.68,0.057,11.31,369.0,"axiom,smart_degen",nevdevvv
2026-06-03,7HR3eqiibD31ZCwrwfUYParAGSxihedSfSNp7NbWUMad,0.292,7,607,2053.51,0.144,19.84,9.0,"fresh_wallet,smart_degen",
2026-06-04,H3rUiKEFPnTM6CHCmJqKt4Nd1xeFATK9aUmU4sbD5za7,0.623,64,5746,3099.12,0.006,0.39,92.0,"axiom,smart_degen",
2026-06-04,61nUtgxC6Nvkg2MxoLPTjGaudMB6bFMbmj3CctfP1TMh,0.653,58,3878,3647.74,0.01,0.84,37.0,"axiom,smart_degen",
2026-06-04,666MXR2Ze4aDAKL15ydMTVfgu6PUMvBquVuguATGH999,0.915,157,303,46538.71,0.046,34.17,94.0,smart_degen,
2026-06-04,5wutoUsK5P1qnL33Dc1jpBKgpAy8TTtUV1m77xkEmnDE,0.587,37,1598,7689.43,0.036,70.2,14.0,"fresh_wallet,smart_degen",
2026-06-04,C4VC2yeHWbSFwUNQ9DPMzxNCfvgptAb6k2vLjo1zJTgV,0.465,126,2049,3192.46,0.019,19.98,137.0,"gmgn,smart_degen",
2026-06-04,6SHqkzJfZYiNqmz4xDiwndEAqbubuAVt44LwJ9GF3obS,0.384,138,539,6379.49,0.037,0.21,118.0,"axiom,fomo,padre,smart_degen",
2026-06-04,FdHEV7sRsHJch6LmnEBtzLtU28zK3Dogb9tbhXLNyyGT,0.727,1058,4472,35516.31,0.022,25.44,539.0,smart_degen,
2026-06-04,9tnrKoBGKBeAWgbjAF7cGsaJNuDgUovydc2k785hviBF,0.541,216,403,22200.53,0.092,106.57,462.0,"axiom,gmgn,photon,smart_degen",
2026-06-04,5hjTqK29SqJNssYMKFBNSkobn9L12f2edPPyoc92UMia,0.323,19,824,5258.34,0.123,13.97,35.0,"gmgn,smart_degen",
2026-06-04,Hd5wMoiypHWRQmkus5SHu6ECH27fXVqkhg3d5rGhvLAL,0.707,91,3481,9254.64,0.023,0.2,17.0,"fresh_wallet,smart_degen",
2026-06-04,AYo5yYa5h2i2iCrsdLNFbtS8DAvwWtiAj3KPurx2DKch,0.609,71,4911,1696.6,0.003,0.27,123.0,smart_degen,
2026-06-04,3QfqVFgHhYQQzTQSzJSCbxVYrZdCivJNd6AKdWwDVEkR,0.356,3,197,1440.66,0.134,14.68,24.0,"fresh_wallet,smart_degen",
2026-06-04,BUCKS2LGUSF3VRtmN1cf3zx1MuWDQW477aZjDceyocSm,0.578,33,1396,7293.62,0.014,11.72,35.0,"axiom,smart_degen",
2026-06-04,CskAmpNFACaFELbVHdgezJu1uda2ivLvH2xFoiKdmPCS,0.629,85,3586,1901.8,0.012,0.29,152.0,smart_degen,
2026-06-04,J6kZjUBfRhgxXjcQWTyLJimZWKHT4evAJSmhN9rHAQkr,0.531,140,2655,9276.36,0.055,17.7,273.0,"axiom,smart_degen",
2026-06-04,2QeJByxhX4cqbkmZ1KwFRRacpW2Fh1J2YtuBiRTLd75D,0.678,37,1842,9952.93,0.03,0.44,79.0,smart_degen,
2026-06-05,4uG211pSVe8zs4vCek8zYVKL9cNdfPkVuBe8hGkWCCZh,0.523,18,1528,3117.86,0.012,1.7,40.0,"padre,smart_degen",
2026-06-05,6KC8MB5bUV56uXp284dJqniztS2TgMWnHZmnW5GZvXww,0.337,9,908,2246.16,0.038,34.97,42.0,smart_degen,
2026-06-05,8Xnit4gf2R5cA3XE6KobuyWjiPfTptsJxN7rrAu8YbiW,0.368,82,1524,6916.13,0.106,6.74,292.0,smart_degen,
2026-06-05,FdHEV7sRsHJch6LmnEBtzLtU28zK3Dogb9tbhXLNyyGT,0.726,1061,4579,34863.09,0.021,15.52,540.0,smart_degen,
2026-06-05,5UEbCYp645Nw79efawUKDXtZ2qcfgDok2UCt38b9mxNy,0.334,10,695,7366.9,0.056,5.72,26.0,"gmgn,smart_degen",
2026-06-05,5cWqnZydwGZ6ABTm5hxVNxsYsZQDVuv8sXWw6Kh3AM5Q,0.797,69,2419,19853.3,0.021,1.22,58.0,smart_degen,
2026-06-05,71pAfN1nJhcLaezSRYvwdsNFE9PnY9hNfcxB4nZ1gdAp,0.428,41,3815,1568.55,0.004,33.76,340.0,smart_degen,
2026-06-05,79c2XHrcjA7HrLt3u4Pkwbm4gezeGq35iSnfDwZezAy6,0.781,166,637,7353.82,0.085,52.06,142.0,"axiom,smart_degen",
2026-06-05,BkqxrgpoWQPc5gx7q225rmoNYoCEdojbarb6Z4iZYhVT,0.517,16,340,5404.1,0.123,0.06,126.0,"fomo,smart_degen",
2026-06-05,CPDD5MLvaEDWkGMCy4Jhfy1d6zsMQfvLiSyxGQgshQHr,0.406,43,1728,7846.16,0.072,30.76,497.0,smart_degen,
2026-06-05,3nG9zBc6fTne3j9kkS1CB5quyt25CS29GEjvMGNKmDSz,0.517,811,652,65507.39,0.148,30.3,396.0,"app_smart_money,gmgn,smart_degen",
2026-06-05,AGcexQ1QEoN8aFxZV8mwXQ6DaxAbaGmmxbsy3zFJDKtc,0.968,79,280,3071.44,0.105,31.7,183.0,"axiom,padre,smart_degen",
2026-06-05,2QeJByxhX4cqbkmZ1KwFRRacpW2Fh1J2YtuBiRTLd75D,0.674,38,1821,9959.1,0.03,0.4,80.0,smart_degen,
2026-06-05,BUCKS2LGUSF3VRtmN1cf3zx1MuWDQW477aZjDceyocSm,0.592,36,1583,8241.54,0.014,5.52,36.0,"axiom,smart_degen",
2026-06-05,EokUVZ8ixAvMcLgQ7wQxTJxd4JC5WfQWeFabfZhVrVFY,0.449,103,1795,17765.45,0.161,37.36,479.0,smart_degen,
2026-06-05,EjzFMH4MnJZny9C7KTR5gN5WzLHtVRFtsNd19t8cLLQM,0.406,20,381,16237.74,0.195,208.47,26.0,smart_degen,
2026-06-05,EueTQoUMRaXVy2i2zzoeY7hgSwqASgcNkccQ8c2qCrqn,0.489,10,266,3529.18,0.077,49.65,11.0,"axiom,smart_degen",
2026-06-05,8XaG4UZtnoYRmwNRoJLQkygL8zheojre48qrVijZMRsX,0.413,2,565,1348.22,0.027,9.93,8.0,"padre,smart_degen",
2026-06-05,3Ci8asFm4TyLpfyXCjDBDsxhZWzvnVL3521bmLvwguBU,0.428,6,1076,5681.43,0.019,0.08,199.0,"fomo,smart_degen",
2026-06-05,EMnNDKZhFGoRyuQo4tfzegwyz5sLrdCRvviiZ6K8Bvv6,0.426,7,753,6103.47,0.054,47.89,7.0,"axiom,fresh_wallet,smart_degen",
2026-06-05,AgiGpUAF25B7NL9u8byDcptPcYWi4eFU4kjtcRtaMmdQ,0.364,10,525,3343.89,0.076,51.36,17.0,"axiom,smart_degen",
2026-06-05,4SrkxvB5GJHy4s87yHUgqRQdMQ6woBNKiGn71e8SYyjS,0.635,19,174,4903.25,0.131,68.27,107.0,smart_degen,
2026-06-05,93kgxYKex5wPyEkjH9P4KspLFAi3fdWBkw8vZce51pbp,0.723,786,3428,35137.19,0.023,1.75,110.0,smart_degen,
2026-06-05,hnu69n6P5CgYXCtUKii9wgamqtDeTVHY3TVJ6HKt7wC,0.817,381,1809,39692.01,0.022,15.76,254.0,"padre,smart_degen",
2026-06-05,5S9GNPRGz4QEriPeajC3Buf4GPEF4vTNyk3SmjwCo2i4,0.582,13,2013,1528.21,0.009,34.72,2.0,"fresh_wallet,smart_degen",
2026-06-05,FskgHQ5a3H7cMLjkfAtzyb2UboQbF5iBx6qxTGWUqjF5,0.473,190,1002,11736.09,0.08,32.07,154.0,"axiom,padre,smart_degen",
2026-06-05,6FZ1RasKHCPa9DnNYzg2v6ppDBhMigPM9X3L5fUY8kab,0.406,32,3548,5508.47,0.015,98.31,38.0,"padre,smart_degen",
2026-06-06,2tYcXQCfTtQg5dKLEpQn26DjrfhTXhGB8Rh1oiv69DJc,0.604,67,4781,1246.96,0.007,56.18,23.0,smart_degen,
2026-06-06,T4Rr39DGzCHYHZBxWvoKcL2vmpjfjjHsThUMV7zpQMJ,0.418,91,2174,20384.09,0.091,45.57,39.0,"axiom,smart_degen",
2026-06-06,F8Es41AgZCbBHRcGUMKtMwbaFgdp9o5Z6i71xpzQ8vMe,0.568,3,986,797.54,0.046,0.53,8.0,"axiom,smart_degen",
2026-06-06,8XaG4UZtnoYRmwNRoJLQkygL8zheojre48qrVijZMRsX,0.433,7,639,2110.93,0.037,8.55,9.0,"padre,smart_degen",
2026-06-06,9NeUDvHtVaT6SZSaoRDq9GDbT8Wpzru9ecoo6sDfvQjC,0.494,10,610,880.25,0.031,6.53,57.0,smart_degen,
2026-06-06,AvQuWcqAVnoqRZm6a8XaN9vQfXHNTiJhTSpt6AuX4rGz,0.563,71,618,3433.17,0.066,22.67,139.0,"gmgn,smart_degen",
2026-06-06,6wSN5yBvg7ndBtEfcNKFpgY7zoyvNoftXJ5a9zQwdXZp,0.345,3,1401,3168.02,0.333,0.0,126.0,"smart_degen,trojan",
2026-06-06,61nUtgxC6Nvkg2MxoLPTjGaudMB6bFMbmj3CctfP1TMh,0.66,63,4025,3303.79,0.009,0.23,39.0,"axiom,smart_degen",
2026-06-06,8k4TfxKs4BFrf71goM28WMBdLNLSruFyfFtnkC1T8oj6,0.443,6,3061,1209.05,0.006,8.37,440.0,smart_degen,
2026-06-06,J6kZjUBfRhgxXjcQWTyLJimZWKHT4evAJSmhN9rHAQkr,0.525,141,2391,7375.24,0.047,13.7,275.0,"axiom,smart_degen",
2026-06-06,5GGqDQVr2LasfmWFXSH54V6ryVrXGwkZSjkK6xR473XJ,0.596,302,1697,24430.23,0.042,109.74,362.0,"axiom,smart_degen",
2026-06-06,5qx7yV4Cwg67iEDSuszwMHYrQDJRnSCDF5DS6ZPAFvnV,0.368,277,508,77192.86,0.674,147.92,123.0,"axiom,padre,smart_degen",
2026-06-06,7KjC6pHMA3wjxnnTV5nGspGwTQm6TJjZTGLNi7wMWwo8,0.505,65,6271,5565.61,0.009,21.51,139.0,smart_degen,
2026-06-06,FdHEV7sRsHJch6LmnEBtzLtU28zK3Dogb9tbhXLNyyGT,0.73,1063,4584,35019.95,0.022,17.34,541.0,smart_degen,
2026-06-06,AAAtGhcuaLB2ocaijN2kHGdQgHUyZ3ZYskQP3KV7u9Q7,0.578,7,327,1957.05,0.038,84.27,9.0,"gmgn,smart_degen",
2026-06-06,71pAfN1nJhcLaezSRYvwdsNFE9PnY9hNfcxB4nZ1gdAp,0.421,46,3839,1518.49,0.004,41.07,341.0,smart_degen,
2026-06-06,2yxGpT5tAauUEXuif8FyXtsgpmH5yZLfWwHGpEAW5mYv,0.493,19,575,7553.7,0.03,26.0,28.0,"fomo,smart_degen",
2026-06-06,T2GypJFpPB74fJ7n8uTk366wEMGr2Bi2tPDJkFT2CgA,0.719,9,1714,2800.91,0.019,3.99,3.0,"fresh_wallet,smart_degen",
2026-06-06,EjzFMH4MnJZny9C7KTR5gN5WzLHtVRFtsNd19t8cLLQM,0.406,22,395,16066.46,0.182,254.15,27.0,smart_degen,
2026-06-06,2oYNaFL8ZAy8kKKEBZ6uHY2aCMdujk7LG7ggX2Fm3zBa,0.34,442,567,27351.31,0.123,31.69,205.0,"axiom,gmgn,smart_degen",makupnl
2026-06-06,FskgHQ5a3H7cMLjkfAtzyb2UboQbF5iBx6qxTGWUqjF5,0.478,191,1029,12502.95,0.083,50.45,155.0,"axiom,padre,smart_degen",
2026-06-06,2Aaou1xuMQvby9h94V4c6uA3QFKzPYGNdUJQmuWoKH8K,0.47,2504,417,7394.21,0.138,39.68,454.0,"app_smart_money,axiom,gmgn,smart_degen,top_followed",Weidushequchina
2026-06-06,6KC8MB5bUV56uXp284dJqniztS2TgMWnHZmnW5GZvXww,0.34,15,954,1356.94,0.021,12.87,43.0,smart_degen,
2026-06-06,FLiYfD2z5NRpCuBg2hx6zM4UooVtvtD6ssQFUNpuPGEQ,0.778,19,507,7626.53,0.058,20.9,12.0,smart_degen,
2026-06-06,EMnNDKZhFGoRyuQo4tfzegwyz5sLrdCRvviiZ6K8Bvv6,0.428,11,799,5972.36,0.05,43.71,8.0,"axiom,smart_degen",
2026-06-06,62MrVFyw1h9iZzoMmA56Puh9FtT8GcuAwHKU7TfrPLYk,0.465,72,183,1380.47,0.282,16.25,309.0,"axiom,padre,smart_degen",
2026-06-06,7BVsMqCRoeEtvVeasYGrRhy83gHr5ZSJBnpV7QeCFQs4,0.479,364,2694,45349.07,0.058,28.46,372.0,"axiom,smart_degen",nevdevvv
2026-06-06,EokUVZ8ixAvMcLgQ7wQxTJxd4JC5WfQWeFabfZhVrVFY,0.452,105,1795,18908.26,0.169,3.98,480.0,smart_degen,
2026-06-06,4sSUcpxq4HqesVUpy16YmVLouQATGEw23TrNrF6GkaBt,0.408,8,598,7893.07,0.12,0.15,132.0,smart_degen,
2026-06-07,CEUA7zVoDRqRYoeHTP58UHU6TR8yvtVbeLrX1dppqoXJ,0.381,2572,3203,38117.34,0.035,368.13,468.0,"axiom,gmgn,smart_degen,top_followed,top_renamed",
2026-06-07,93kgxYKex5wPyEkjH9P4KspLFAi3fdWBkw8vZce51pbp,0.72,794,3307,32196.49,0.022,1.03,112.0,smart_degen,
2026-06-07,71pAfN1nJhcLaezSRYvwdsNFE9PnY9hNfcxB4nZ1gdAp,0.433,49,3796,2928.35,0.007,48.93,342.0,smart_degen,
2026-06-07,6FmypMc3ZbYTM8LT745L1naazSc7qx4Lox8DJ9NCurKX,0.423,9,1292,3101.15,0.018,0.45,39.0,smart_degen,
2026-06-07,9d1XVVe34kaB5AVBvdk5o13nRCfX5vUNEq4wmWr4sg25,0.319,5,937,1863.14,0.037,17.34,20.0,"axiom,smart_degen",
2026-06-07,BXGo9i9bWJPBNyjpfhjGF8NdYaJLeZvmhNsCLZLxZLxD,0.582,36,1562,3419.11,0.03,19.83,262.0,"axiom,padre,photon,smart_degen",
2026-06-07,FUNhUczy83J4ATYcstKkta9EZ5FeZfhr4kEDN4PQZdgK,0.431,106,973,4945.23,0.076,94.79,486.0,"axiom,photon,smart_degen",
2026-06-07,3q4rTRiYbLQsVcV5aRPHZ4B6y4p5Fvpp6Vwnpg7R8MLg,0.432,106,914,5018.21,0.083,95.35,553.0,"axiom,photon,smart_degen",
2026-06-07,8387X1fnpvpHqZWhBKUQjkGRmKj2ah2XqXkB1eFXE3PP,0.425,246,1551,9571.43,0.069,91.73,451.0,"axiom,photon,smart_degen",
2026-06-07,GvmgmxkE7ed9b74YigRuNeAS6rSnpCAUbjtK4Wc8ed4S,0.448,436,1776,15962.0,0.09,134.45,521.0,"axiom,gmgn,photon,smart_degen",
2026-06-07,AgTM7bcPQo2kkru8o2igeiwbAjJY2bubEHHZUQPRhyqG,0.654,26,2255,1795.73,0.02,33.14,9.0,smart_degen,
2026-06-07,4Boc9dZ62tMp8suLW6zEdgCSGcCjLu52QL8NjWBts1dn,0.319,4,1335,2914.98,0.223,0.0,141.0,smart_degen,
2026-06-07,EueTQoUMRaXVy2i2zzoeY7hgSwqASgcNkccQ8c2qCrqn,0.479,16,319,3923.73,0.07,74.27,13.0,"axiom,smart_degen",
2026-06-07,8XaG4UZtnoYRmwNRoJLQkygL8zheojre48qrVijZMRsX,0.437,11,713,2224.0,0.037,11.31,10.0,"padre,smart_degen",
2026-06-07,2egjBpxdEHygAxQGUvZByPJ8cjWgppxGhTKZdDxG3kaG,0.531,17,1393,5788.24,0.023,0.0,5.0,"fomo,fresh_wallet,smart_degen",
2026-06-07,2Aaou1xuMQvby9h94V4c6uA3QFKzPYGNdUJQmuWoKH8K,0.458,2511,454,4604.27,0.071,0.0,455.0,"app_smart_money,axiom,gmgn,smart_degen,top_followed",Weidushequchina
2026-06-07,8n79PwcyrybEECM3ghGetPnm6Y2SRBVzJNd536Z1C1PU,0.621,13,328,3947.33,0.075,42.47,4.0,"axiom,fresh_wallet,smart_degen",
2026-06-07,7KjC6pHMA3wjxnnTV5nGspGwTQm6TJjZTGLNi7wMWwo8,0.5,65,5761,4241.22,0.008,17.45,140.0,smart_degen,
2026-06-07,gWTmSBYYJhDf8kM9CKdej7pL96Jjq7rhTiBd6pyv2Yb,0.561,50,6732,9669.29,0.01,2.47,54.0,"padre,smart_degen",
2026-06-07,8FiuwM6FmVKmBLCaJ6QcNScnVw4NuNs7Tt4Skf91saF8,0.842,1358,524,54124.4,0.377,29.02,293.0,"axiom,padre,smart_degen",
2026-06-07,21vaYvUUE4ND1bVt1tcGiXUXHe41w53unQd5DmCDeLZ1,0.317,403,480,27430.58,0.186,220.02,154.0,"photon,smart_degen",
2026-06-07,6thKzh1NhiPMNWXvqLUem3GAjUgkxBCyLToxZ28z4nVi,0.603,61,4964,8700.58,0.038,160.01,334.0,smart_degen,
2026-06-07,666MXR2Ze4aDAKL15ydMTVfgu6PUMvBquVuguATGH999,0.892,182,379,48559.55,0.046,30.91,97.0,smart_degen,
2026-06-07,HwMdhvXYPPDircKQ7ub45XeMAeohJL4AT3V5CtshXtK6,0.519,8,721,1641.2,0.052,17.5,239.0,"smart_degen,trojan",
2026-06-07,HNJMZ4WEHAvfVa5V7q62dT9wpHWehvauNqT3o556GoXZ,0.381,5,1345,1381.31,0.123,0.0,134.0,smart_degen,
2026-06-07,AYo5yYa5h2i2iCrsdLNFbtS8DAvwWtiAj3KPurx2DKch,0.636,76,5098,2562.71,0.005,0.21,126.0,smart_degen,
2026-06-07,Hsu75uJhEidV5Zkj21XBEYUBaFZmjb8Rd6qUpweWGbTo,0.37,86,511,24532.05,0.103,21.7,37.0,"axiom,padre,smart_degen",
2026-06-07,9L32VYiZ8AD67gaH283dPfQwviQ6AFXuzaisWR92toTT,0.66,10,1388,1546.04,0.024,27.72,3.0,"fresh_wallet,smart_degen",
2026-06-07,CHaDm47iDzKGjmpTSHjtEvDURZEnFyBDvdUrEjCSVJjk,0.362,4,266,1697.81,0.036,32.46,5.0,"axiom,fresh_wallet,smart_degen",
2026-06-07,BUCKS2LGUSF3VRtmN1cf3zx1MuWDQW477aZjDceyocSm,0.637,39,1568,11145.04,0.019,23.13,38.0,"axiom,smart_degen",
2026-06-08,2QeJByxhX4cqbkmZ1KwFRRacpW2Fh1J2YtuBiRTLd75D,0.704,45,1723,9678.42,0.031,0.32,83.0,smart_degen,
2026-06-08,AAAtGhcuaLB2ocaijN2kHGdQgHUyZ3ZYskQP3KV7u9Q7,0.59,10,380,2077.9,0.034,117.86,11.0,"gmgn,smart_degen",
2026-06-08,8XaG4UZtnoYRmwNRoJLQkygL8zheojre48qrVijZMRsX,0.425,10,841,2233.31,0.032,12.18,11.0,"padre,smart_degen",
2026-06-08,21vaYvUUE4ND1bVt1tcGiXUXHe41w53unQd5DmCDeLZ1,0.302,425,488,25506.0,0.18,198.34,155.0,"photon,smart_degen",
2026-06-08,BXGo9i9bWJPBNyjpfhjGF8NdYaJLeZvmhNsCLZLxZLxD,0.59,37,1577,4211.38,0.035,30.02,263.0,"axiom,padre,photon,smart_degen",
2026-06-08,teddyYXw7aiNpDuQCeLb2YiBJhqthBid4C54BuWcPxm,0.405,887,2679,14400.7,0.059,95.66,119.0,"axiom,padre,smart_degen",
2026-06-08,93kgxYKex5wPyEkjH9P4KspLFAi3fdWBkw8vZce51pbp,0.729,800,3287,33710.23,0.024,1.79,113.0,smart_degen,
2026-06-08,herkMe1sn5jbYR977tUYUJ7CGBbVdpggpJ16tQzbvfB,0.4,27,1584,5974.79,0.097,8.21,24.0,"axiom,smart_degen",
2026-06-08,62MrVFyw1h9iZzoMmA56Puh9FtT8GcuAwHKU7TfrPLYk,0.44,80,232,1587.89,0.281,1.7,311.0,"axiom,padre,smart_degen",
2026-06-08,5qx7yV4Cwg67iEDSuszwMHYrQDJRnSCDF5DS6ZPAFvnV,0.368,329,541,75501.86,0.606,119.7,125.0,"axiom,padre,smart_degen",
2026-06-08,8fsKLLtvKNanL4ginCaiRS6UfeemY11rSf8U8fN1dJw4,0.404,1611,5187,18894.31,0.021,28.09,363.0,"axiom,padre,smart_degen",Stigman__
2026-06-08,tuyuNoNBoij3FTkHmjkiEa4d8Nus4bjaCHfKRGgfLEs,0.443,430,1070,28989.57,0.108,158.04,121.0,"axiom,smart_degen",
2026-06-08,9dW7y6yWSHuk2HCS2keR14h2NyhKPKnz5CTMC9SMdX45,0.422,19,2622,3778.08,0.01,4.31,43.0,smart_degen,
2026-06-08,B8jyRrGmsWbEFBCkmMRDzuXZnG113xF5ieD9DDGhqpSF,0.33,3,1324,1725.89,0.195,0.0,142.0,smart_degen,
2026-06-08,GCxRVYmx7639heNoUWSuzca8bYAb488kTJ4dBjUY7jdy,0.319,48,1114,2495.69,0.029,40.39,221.0,smart_degen,
2026-06-08,AgTM7bcPQo2kkru8o2igeiwbAjJY2bubEHHZUQPRhyqG,0.659,27,2338,2140.34,0.022,41.49,10.0,smart_degen,
2026-06-08,9L32VYiZ8AD67gaH283dPfQwviQ6AFXuzaisWR92toTT,0.629,11,1673,1900.19,0.025,5.06,4.0,"fresh_wallet,smart_degen",
2026-06-08,B3ZVbiVSmSbQ3MyPwJjqwrummRDfWjBcFcR9hnTt2adt,0.54,16,519,3027.51,0.153,29.82,192.0,"axiom,smart_degen",
2026-06-08,5iFfo44ffJM1JA45QsdVWaP1UbK7U6sML3pjGk4hNn4E,0.528,24,1245,3047.27,0.059,34.03,73.0,"axiom,smart_degen",
2026-06-08,FdHEV7sRsHJch6LmnEBtzLtU28zK3Dogb9tbhXLNyyGT,0.73,1088,4561,34691.91,0.022,12.91,543.0,smart_degen,
2026-06-08,5wutoUsK5P1qnL33Dc1jpBKgpAy8TTtUV1m77xkEmnDE,0.564,46,2062,8692.91,0.032,92.34,18.0,smart_degen,
2026-06-08,4SrkxvB5GJHy4s87yHUgqRQdMQ6woBNKiGn71e8SYyjS,0.61,24,218,4978.4,0.117,2.39,110.0,smart_degen,
2026-06-08,71pAfN1nJhcLaezSRYvwdsNFE9PnY9hNfcxB4nZ1gdAp,0.439,51,3728,2226.23,0.005,47.75,343.0,smart_degen,
2026-06-08,4HUbR6ra4pcoifaFdFyvez9o1dxTvfNrttqur97J8z2Y,0.347,0,1298,2157.32,0.234,0.0,139.0,smart_degen,
2026-06-08,7X1EjLFb7uoowiZZfHtrWy3srH61mWKMPzY6GN6Rxj6Y,0.294,0,1340,1314.46,0.111,0.0,141.0,smart_degen,
2026-06-08,Hd5wMoiypHWRQmkus5SHu6ECH27fXVqkhg3d5rGhvLAL,0.701,100,3953,9974.41,0.022,0.28,21.0,smart_degen,
2026-06-08,H3rUiKEFPnTM6CHCmJqKt4Nd1xeFATK9aUmU4sbD5za7,0.643,67,5634,3048.51,0.007,0.39,96.0,"axiom,smart_degen",
2026-06-08,7wiEWKeG7sFUNh1TgujwCa9cmJtSSE4mNLDde7knjoeE,0.367,345,1917,5186.38,0.047,0.07,470.0,"axiom,bullx,padre,smart_degen",
2026-06-08,F4n8CsXWhn5ub5XzpcDZARJMBheeCwNrxPLnHBgbeGf8,0.63,5,1134,2909.0,0.031,24.86,33.0,smart_degen,
2026-06-08,GGPVgdQSbJQtW1yEzqMNdP4o6hkRcFmbdnaFUnXfhKmX,0.526,657,1188,16049.74,0.189,3.87,123.0,"axiom,gmgn,smart_degen",mewudi669
2026-06-08,EMnNDKZhFGoRyuQo4tfzegwyz5sLrdCRvviiZ6K8Bvv6,0.429,13,811,6007.95,0.05,41.05,10.0,"axiom,smart_degen",
2026-06-09,9dW7y6yWSHuk2HCS2keR14h2NyhKPKnz5CTMC9SMdX45,0.425,20,2660,3486.08,0.009,0.11,44.0,smart_degen,
2026-06-09,FLiYfD2z5NRpCuBg2hx6zM4UooVtvtD6ssQFUNpuPGEQ,0.783,39,604,9993.04,0.067,38.82,15.0,smart_degen,
2026-06-09,555CVoLLYrmo6KREkqrtpCeBBk2WjmYpYMjbQWvygCqF,0.634,33,2476,3801.98,0.016,37.64,13.0,smart_degen,
2026-06-09,AgTM7bcPQo2kkru8o2igeiwbAjJY2bubEHHZUQPRhyqG,0.667,30,2436,2590.23,0.025,35.86,11.0,smart_degen,
2026-06-09,9asBCQqp2o5BicHWPJZJ1RBh8hKQR76rejKgkQkzNwPy,0.605,63,3480,6575.33,0.013,4.53,409.0,smart_degen,
2026-06-09,87CnhYnBZmDtdjwMXDmTBUnNVrW3gsTYkbz73famjBKh,0.383,7,77,1525.93,0.342,21.49,3.0,"fresh_wallet,padre,smart_degen",
2026-06-09,96MQs75zJ6TxCDbxnoHJiBxegN3mWMGBH8M64mv9a89i,0.362,47,1836,15903.11,0.127,0.9,9.0,"gmgn,smart_degen",
2026-06-09,5BxootbxVKu7uYLRRusSD7GR5srM3iHFfBE6rr5eRXb4,0.343,17,1351,8891.99,0.05,28.67,9.0,"axiom,smart_degen",
2026-06-09,ARARAw1AL4kKnuwFyU534yoGv5ytexxeVpbcuEvpqi89,0.608,90,6748,16171.04,0.017,15.34,44.0,"axiom,gmgn,padre,smart_degen",
2026-06-09,93kgxYKex5wPyEkjH9P4KspLFAi3fdWBkw8vZce51pbp,0.719,804,3263,34050.82,0.024,1.26,114.0,smart_degen,
2026-06-09,5wutoUsK5P1qnL33Dc1jpBKgpAy8TTtUV1m77xkEmnDE,0.557,49,2166,8776.5,0.032,90.5,19.0,smart_degen,
2026-06-09,B9kJYdzb4gB9AC3aFChReDhJ2D5YDCaR4UrEoen2NcyC,0.542,684,1480,25968.37,0.067,57.98,408.0,"axiom,gmgn,padre,smart_degen",kyro10k
2026-06-09,hnu69n6P5CgYXCtUKii9wgamqtDeTVHY3TVJ6HKt7wC,0.82,404,1855,35884.55,0.022,15.35,258.0,"padre,smart_degen",
2026-06-09,HrtVLLCBM4LXfRGLGcXBYvkkJ9xnbiJ3ob1MxKdmNs7o,0.577,460,1906,22373.76,0.054,18.95,321.0,"axiom,smart_degen",
2026-06-09,6wSN5yBvg7ndBtEfcNKFpgY7zoyvNoftXJ5a9zQwdXZp,0.353,7,1384,3279.99,0.351,0.0,129.0,"smart_degen,trojan",
2026-06-09,EjzFMH4MnJZny9C7KTR5gN5WzLHtVRFtsNd19t8cLLQM,0.389,23,431,15611.21,0.171,222.49,30.0,smart_degen,
2026-06-10,5a8pvNJM4ruB7ER7KV5Vm32WifJcKs7YNrTfVRaEzffe,0.621,18,4596,3791.42,0.018,44.34,37.0,smart_degen,
2026-06-10,FdHEV7sRsHJch6LmnEBtzLtU28zK3Dogb9tbhXLNyyGT,0.72,1103,4539,28825.41,0.019,33.76,545.0,smart_degen,
2026-06-10,5BxootbxVKu7uYLRRusSD7GR5srM3iHFfBE6rr5eRXb4,0.34,26,1426,12672.2,0.067,69.59,10.0,"axiom,smart_degen",
2026-06-10,mDR91ufq4S2uSHa9E2PYL7xg4LwcQXaQFP7YK864a1z,0.612,955,1536,225573.64,0.348,0.09,226.0,"fomo,smart_degen",
2026-06-10,93kgxYKex5wPyEkjH9P4KspLFAi3fdWBkw8vZce51pbp,0.718,808,3210,32647.26,0.024,1.13,115.0,smart_degen,
2026-06-10,hnu69n6P5CgYXCtUKii9wgamqtDeTVHY3TVJ6HKt7wC,0.819,422,1898,36068.22,0.023,15.22,259.0,"padre,smart_degen",
2026-06-10,AYo5yYa5h2i2iCrsdLNFbtS8DAvwWtiAj3KPurx2DKch,0.673,80,4633,3428.11,0.006,0.24,129.0,smart_degen,
2026-06-10,AgTM7bcPQo2kkru8o2igeiwbAjJY2bubEHHZUQPRhyqG,0.665,33,2614,3478.74,0.031,45.55,12.0,smart_degen,
2026-06-10,2QeJByxhX4cqbkmZ1KwFRRacpW2Fh1J2YtuBiRTLd75D,0.726,50,1694,9911.67,0.034,0.23,85.0,smart_degen,
2026-06-10,teddyYXw7aiNpDuQCeLb2YiBJhqthBid4C54BuWcPxm,0.396,901,2872,15298.34,0.061,125.78,121.0,"axiom,padre,smart_degen",
2026-06-10,GvmgmxkE7ed9b74YigRuNeAS6rSnpCAUbjtK4Wc8ed4S,0.439,450,2100,16227.53,0.085,110.68,524.0,"axiom,gmgn,photon,smart_degen",
2026-06-10,7JmHuo8YoGidXcCsFVKxHSkz66f66CuRtMmFw26PDhny,0.583,5,148,2417.07,0.052,0.0,137.0,"fomo,smart_degen",
2026-06-10,8k4TfxKs4BFrf71goM28WMBdLNLSruFyfFtnkC1T8oj6,0.449,10,2850,1637.13,0.006,15.2,444.0,smart_degen,
2026-06-10,B3ZVbiVSmSbQ3MyPwJjqwrummRDfWjBcFcR9hnTt2adt,0.543,19,593,3005.24,0.136,27.81,194.0,"axiom,smart_degen",
2026-06-10,252oUpsGFxWHiyWW279fekxiQxWW6ECwYrDLctcJWHfW,0.4,14,495,4515.13,0.255,35.96,48.0,"axiom,smart_degen",
2026-06-10,B9kJYdzb4gB9AC3aFChReDhJ2D5YDCaR4UrEoen2NcyC,0.534,696,1518,21498.42,0.055,41.01,409.0,"axiom,gmgn,padre,smart_degen",kyro10k
2026-06-10,AXzDycAbBD7yunjteyZofvtnE3zpNMy1kP3eM4D8N1ty,0.34,29,1493,13237.88,0.199,20.49,20.0,"axiom,smart_degen",
2026-06-10,2QDjVhgWAQMYfKk5oyr5uxLG2HadKfGxKkcB1Nn114i3,0.443,198,270,3939.2,0.207,32.43,129.0,smart_degen,
2026-06-10,43QmFc2QPPGyMrSNuPnhvfs8BFW1XVZYFdbwURtWoo9x,0.578,178,5782,2584.19,0.009,0.5,257.0,"gmgn,smart_degen",
2026-06-10,8hTAq3uiqcHCGHj6v4XV5Xq6pqfZQhg1rEsX1bBPJ96T,0.337,3,1383,1818.51,0.235,0.0,144.0,"gmgn,smart_degen",
2026-06-10,6FmypMc3ZbYTM8LT745L1naazSc7qx4Lox8DJ9NCurKX,0.465,11,1378,5711.69,0.032,0.51,42.0,smart_degen,
2026-06-10,35Xnu971qXcTFav4zbUWAQfubuTHAZmMw8Fxyt3z8sJ7,0.608,12,95,1282.62,0.078,0.0,71.0,smart_degen,
2026-06-11,AYo5yYa5h2i2iCrsdLNFbtS8DAvwWtiAj3KPurx2DKch,0.696,84,3978,3953.14,0.008,0.23,130.0,smart_degen,
2026-06-11,FdHEV7sRsHJch6LmnEBtzLtU28zK3Dogb9tbhXLNyyGT,0.715,1108,4603,28423.45,0.019,25.81,546.0,smart_degen,
2026-06-11,5BxootbxVKu7uYLRRusSD7GR5srM3iHFfBE6rr5eRXb4,0.327,38,1639,12915.25,0.06,77.85,11.0,"axiom,smart_degen",
2026-06-11,5a8pvNJM4ruB7ER7KV5Vm32WifJcKs7YNrTfVRaEzffe,0.625,21,4849,4159.64,0.018,47.09,38.0,smart_degen,
2026-06-11,4uG211pSVe8zs4vCek8zYVKL9cNdfPkVuBe8hGkWCCZh,0.55,25,1744,4469.29,0.015,11.38,46.0,"padre,smart_degen",
2026-06-11,43QmFc2QPPGyMrSNuPnhvfs8BFW1XVZYFdbwURtWoo9x,0.583,182,5758,2447.77,0.009,0.5,258.0,"gmgn,smart_degen",
2026-06-11,H41PQrbErHpdJoAQKqbY9KFZNg7FYo29wwRrV41HzAkH,0.348,146,851,17025.93,0.172,0.0,149.0,"fomo,smart_degen",
2026-06-11,2oYNaFL8ZAy8kKKEBZ6uHY2aCMdujk7LG7ggX2Fm3zBa,0.342,470,482,20856.02,0.113,45.17,210.0,"axiom,gmgn,smart_degen",makupnl
2026-06-11,DEeAmnt4fi4TTExD5To5KmyGUJjwiYwhBFmr6yyf6rXi,0.539,12,581,3632.0,0.061,63.56,10.0,smart_degen,
2026-06-11,93kgxYKex5wPyEkjH9P4KspLFAi3fdWBkw8vZce51pbp,0.729,816,3112,30817.74,0.024,1.96,116.0,smart_degen,
2026-06-11,AGcexQ1QEoN8aFxZV8mwXQ6DaxAbaGmmxbsy3zFJDKtc,0.953,142,547,4746.0,0.095,55.78,189.0,"axiom,padre,smart_degen",
2026-06-11,8fsKLLtvKNanL4ginCaiRS6UfeemY11rSf8U8fN1dJw4,0.411,1662,5622,16870.76,0.02,30.39,366.0,"axiom,padre,smart_degen",Stigman__
2026-06-11,71pAfN1nJhcLaezSRYvwdsNFE9PnY9hNfcxB4nZ1gdAp,0.438,54,3689,1918.26,0.005,63.25,346.0,smart_degen,
2026-06-11,hnu69n6P5CgYXCtUKii9wgamqtDeTVHY3TVJ6HKt7wC,0.811,435,1927,36636.15,0.024,15.92,260.0,"padre,smart_degen",
2026-06-11,CEUA7zVoDRqRYoeHTP58UHU6TR8yvtVbeLrX1dppqoXJ,0.371,2663,3513,38528.53,0.034,298.57,472.0,"axiom,gmgn,smart_degen,top_followed,top_renamed",
2026-06-11,2QeJByxhX4cqbkmZ1KwFRRacpW2Fh1J2YtuBiRTLd75D,0.718,55,1649,9417.4,0.033,0.19,86.0,smart_degen,
2026-06-11,5wutoUsK5P1qnL33Dc1jpBKgpAy8TTtUV1m77xkEmnDE,0.551,56,2482,8778.84,0.028,85.37,21.0,smart_degen,
2026-06-11,CHaDm47iDzKGjmpTSHjtEvDURZEnFyBDvdUrEjCSVJjk,0.433,11,505,3203.67,0.036,19.13,9.0,"axiom,smart_degen",
2026-06-11,7b8aSgVgJ5kkS92Q1RX8itf7zDRP9oRoCR5pCoU62RPG,0.296,6,1169,866.41,0.024,18.08,4.0,"fresh_wallet,smart_degen",
2026-06-11,7BVsMqCRoeEtvVeasYGrRhy83gHr5ZSJBnpV7QeCFQs4,0.493,398,2291,41085.65,0.062,10.65,377.0,"axiom,smart_degen",nevdevvv
2026-06-11,GGPVgdQSbJQtW1yEzqMNdP4o6hkRcFmbdnaFUnXfhKmX,0.552,695,1243,16698.61,0.175,2.02,126.0,"axiom,gmgn,smart_degen",mewudi669
2026-06-11,AgTM7bcPQo2kkru8o2igeiwbAjJY2bubEHHZUQPRhyqG,0.667,38,2747,4075.74,0.034,62.17,13.0,smart_degen,
2026-06-11,555CVoLLYrmo6KREkqrtpCeBBk2WjmYpYMjbQWvygCqF,0.646,37,2845,5170.19,0.019,32.99,15.0,smart_degen,
2026-06-11,6xGEcxbWKUHiZ8d1g8xQ2zgR5YbVL3VbPuU1Z5g6oy1k,0.474,4,163,2261.18,0.104,1.43,11.0,"gmgn,smart_degen",
2026-06-12,FyJF8Y67wRx1esBqWZnt7wTHrbDgp4KWnxGr5nM7MhcV,0.4,24,525,1968.25,0.078,2.81,18.0,"gmgn,smart_degen",
2026-06-12,GAxN5yTNDtnBdTvfQg6SaV4R7TbAXLQzPAptPS4aQdsT,0.435,8,301,1588.81,0.122,3.24,9.0,"gmgn,smart_degen",
2026-06-12,5BxootbxVKu7uYLRRusSD7GR5srM3iHFfBE6rr5eRXb4,0.335,43,1695,13986.56,0.063,57.87,12.0,"axiom,smart_degen",
2026-06-12,Hxx7SFc1iiZwDnAhsWvar7SiAkPot59gpRoKgvTwJGBH,0.742,5,1360,1828.01,0.015,4.3,2.0,"fresh_wallet,smart_degen",
2026-06-12,AYo5yYa5h2i2iCrsdLNFbtS8DAvwWtiAj3KPurx2DKch,0.704,87,3940,4169.78,0.009,0.3,131.0,smart_degen,
2026-06-12,H41PQrbErHpdJoAQKqbY9KFZNg7FYo29wwRrV41HzAkH,0.337,150,953,17404.67,0.159,0.13,150.0,"fomo,smart_degen",
2026-06-12,BTfxANnDdiiNiHWv5KeSGvDXcZNJz89ZTpr7VTM5bxhR,0.818,2,87,1302.02,0.088,2.74,,smart_degen,
2026-06-12,CHaDm47iDzKGjmpTSHjtEvDURZEnFyBDvdUrEjCSVJjk,0.439,14,592,4161.13,0.04,22.09,10.0,"axiom,smart_degen",
2026-06-12,BCagckXeMChUKrHEd6fKFA1uiWDtcmCXMsqaheLiUPJd,0.345,26521,15178,18846.36,0.052,199.12,45.0,"axiom,bullx,gmgn,top_followed,top_renamed,wash_trader",vibed333
2026-06-12,8fsKLLtvKNanL4ginCaiRS6UfeemY11rSf8U8fN1dJw4,0.402,1673,5690,13966.39,0.017,15.09,367.0,"axiom,padre,smart_degen",Stigman__
2026-06-12,5W3gkg1YH3kmSUozphu5buShTwwxn8BFrhuxeQEfTLx8,0.297,2,237,612.43,0.027,0.16,4.0,"axiom,fresh_wallet,smart_degen",
2026-06-12,9oKgawE4czK9B7AowqkKe2mBek8xFM4QiAge4YFCbuT5,0.309,74,1313,17308.62,0.117,93.76,88.0,"gmgn,smart_degen",
2026-06-12,71pAfN1nJhcLaezSRYvwdsNFE9PnY9hNfcxB4nZ1gdAp,0.444,55,3659,1510.01,0.004,58.52,347.0,smart_degen,
2026-06-12,93kgxYKex5wPyEkjH9P4KspLFAi3fdWBkw8vZce51pbp,0.717,822,3024,29191.75,0.023,1.16,117.0,smart_degen,
2026-06-12,555CVoLLYrmo6KREkqrtpCeBBk2WjmYpYMjbQWvygCqF,0.652,42,3051,5881.27,0.02,7.75,16.0,smart_degen,
2026-06-12,AgTM7bcPQo2kkru8o2igeiwbAjJY2bubEHHZUQPRhyqG,0.668,43,2853,4566.37,0.036,29.59,14.0,smart_degen,
2026-06-12,DDogEELvhRXosHYaGwF2QpVz8ocfMkdGYQxgfHtECRRr,0.556,17,30,2112.99,0.992,8.25,17.0,smart_degen,
2026-06-12,2BceynDKAYRoZxKL1LYUALJ2pVsDJB65MD3EJcWG916d,0.544,120,1414,12606.82,0.114,0.31,337.0,"gmgn,smart_degen",
2026-06-12,43QmFc2QPPGyMrSNuPnhvfs8BFW1XVZYFdbwURtWoo9x,0.585,183,5759,2549.38,0.009,0.5,259.0,"gmgn,smart_degen",
2026-06-13,CEUA7zVoDRqRYoeHTP58UHU6TR8yvtVbeLrX1dppqoXJ,0.381,2697,3482,44108.66,0.04,309.16,474.0,"axiom,gmgn,smart_degen,top_followed,top_renamed",
2026-06-13,BCagckXeMChUKrHEd6fKFA1uiWDtcmCXMsqaheLiUPJd,0.343,26555,15009,24534.6,0.062,281.31,46.0,"axiom,bullx,gmgn,top_followed,top_renamed,wash_trader",vibed333
2026-06-13,HM9NrYJGRbgdw91gLrVtATgyFLqxD2GqH77ty8mmFYdb,0.676,13,420,5873.58,0.122,27.9,29.0,smart_degen,
2026-06-13,EMnNDKZhFGoRyuQo4tfzegwyz5sLrdCRvviiZ6K8Bvv6,0.437,20,1103,7577.04,0.049,32.6,15.0,"axiom,smart_degen",
2026-06-13,71pAfN1nJhcLaezSRYvwdsNFE9PnY9hNfcxB4nZ1gdAp,0.452,56,3640,1981.91,0.005,60.87,348.0,smart_degen,
2026-06-13,555CVoLLYrmo6KREkqrtpCeBBk2WjmYpYMjbQWvygCqF,0.652,51,3268,6429.08,0.021,4.91,17.0,smart_degen,
2026-06-13,4U9s6ktkZVD6W9K5X1RRVG89Mm9ZGznrPhhPhXezNedm,0.563,19,918,4560.96,0.029,9.11,46.0,"gmgn,smart_degen",
2026-06-13,8fsKLLtvKNanL4ginCaiRS6UfeemY11rSf8U8fN1dJw4,0.404,1690,5588,16520.01,0.021,32.1,368.0,"axiom,padre,smart_degen",Stigman__
2026-06-13,6FYgn2apNXSqNVyXHTV8CFHiRQhw5TPdDUEHrBMyR8og,0.592,35,2881,1430.51,0.013,15.06,169.0,smart_degen,
2026-06-13,2BceynDKAYRoZxKL1LYUALJ2pVsDJB65MD3EJcWG916d,0.553,121,1361,12810.49,0.12,0.74,338.0,"gmgn,smart_degen",
2026-06-13,5BxootbxVKu7uYLRRusSD7GR5srM3iHFfBE6rr5eRXb4,0.341,51,1828,14155.7,0.06,58.22,13.0,"axiom,smart_degen",
2026-06-13,AgTM7bcPQo2kkru8o2igeiwbAjJY2bubEHHZUQPRhyqG,0.653,46,3007,4470.59,0.033,29.12,15.0,smart_degen,
2026-06-13,AYo5yYa5h2i2iCrsdLNFbtS8DAvwWtiAj3KPurx2DKch,0.704,94,4088,4456.66,0.009,0.22,132.0,smart_degen,
2026-06-13,FDA2RgW1b1hr8g2wBgtJcQj2STokGoT1Vu9RLqwupoq8,0.318,12,660,2515.42,0.117,1.41,20.0,"axiom,gmgn,padre,smart_degen,trojan",
2026-06-13,HPx6aESdmjbwCBjL5Xfk89L6YPF4SCeUuqhqBYVNtpjF,0.515,1,180,1015.59,0.031,0.05,120.0,"fomo,smart_degen",
2026-06-13,CRehX3UNi4MyyQagMz7MyfiWrN9ZynE6v2eNZ2ffrPD1,0.486,23,3221,2867.67,0.021,7.01,136.0,smart_degen,
2026-06-13,hnu69n6P5CgYXCtUKii9wgamqtDeTVHY3TVJ6HKt7wC,0.804,472,1989,36688.62,0.024,15.34,262.0,"padre,smart_degen",
2026-06-13,93kgxYKex5wPyEkjH9P4KspLFAi3fdWBkw8vZce51pbp,0.712,831,2959,27871.3,0.023,1.29,118.0,smart_degen,
2026-06-14,EMnNDKZhFGoRyuQo4tfzegwyz5sLrdCRvviiZ6K8Bvv6,0.439,23,1127,7617.3,0.049,38.38,16.0,"axiom,smart_degen",
2026-06-14,BCagckXeMChUKrHEd6fKFA1uiWDtcmCXMsqaheLiUPJd,0.343,26570,15177,21582.61,0.047,292.85,47.0,"axiom,bullx,gmgn,top_followed,top_renamed,wash_trader",vibed333
2026-06-14,71pAfN1nJhcLaezSRYvwdsNFE9PnY9hNfcxB4nZ1gdAp,0.453,62,3744,3301.66,0.009,66.35,349.0,smart_degen,
2026-06-14,8DbiHYipP5vPhr9P1Cg3QjxsFuZdKY7A7UvREtnSSzCw,0.5,9,193,4921.75,0.126,0.07,3.0,"fresh_wallet,smart_degen",
2026-06-14,AgTM7bcPQo2kkru8o2igeiwbAjJY2bubEHHZUQPRhyqG,0.649,55,3156,4726.41,0.032,36.95,16.0,smart_degen,
2026-06-14,Br6ECo3NTAtNhYPVC5RpyuvpRMqnve4m7Y34iQ5SvQqX,0.323,20,1929,2501.13,0.036,0.1,45.0,"padre,smart_degen",
2026-06-14,AGcexQ1QEoN8aFxZV8mwXQ6DaxAbaGmmxbsy3zFJDKtc,0.956,168,671,6246.51,0.097,53.94,192.0,"axiom,padre,smart_degen",
2026-06-14,AYo5yYa5h2i2iCrsdLNFbtS8DAvwWtiAj3KPurx2DKch,0.709,97,4309,4846.39,0.009,0.18,133.0,smart_degen,
2026-06-14,CEUA7zVoDRqRYoeHTP58UHU6TR8yvtVbeLrX1dppqoXJ,0.382,2723,3578,44005.18,0.039,365.66,475.0,"axiom,gmgn,smart_degen,top_followed,top_renamed",
2026-06-14,4n1cuKwPPKStuDkmHKwCeiyk6aCKNyJPmNybjdRq7tJw,0.547,204,4002,2023.15,0.013,1.72,404.0,smart_degen,
2026-06-14,93kgxYKex5wPyEkjH9P4KspLFAi3fdWBkw8vZce51pbp,0.713,846,2901,27394.26,0.023,1.73,119.0,smart_degen,
2026-06-14,CdzyHHftkbHWgm6jhcGVseJQVjYYwTpDY3FrbW3cYHE3,0.361,93,185,3997.64,1.152,19.05,51.0,"gmgn,padre,smart_degen",
2026-06-14,CRehX3UNi4MyyQagMz7MyfiWrN9ZynE6v2eNZ2ffrPD1,0.493,24,3220,2816.38,0.021,7.86,137.0,smart_degen,
2026-06-14,CeWFBVBBPeRghK3eobEzy2n9fG9ZwqQunPTU53SNJWUW,0.641,34,145,1391.64,0.343,19.52,65.0,smart_degen,
2026-06-14,8YQBRbQUtVRgyjTKUnWAS2DkU3faTAuydQgUhA5E3dr,0.45,11,269,2346.06,0.523,23.99,36.0,smart_degen,
2026-06-14,5BxootbxVKu7uYLRRusSD7GR5srM3iHFfBE6rr5eRXb4,0.334,61,1944,13930.03,0.056,29.05,14.0,"axiom,smart_degen",
2026-06-14,555CVoLLYrmo6KREkqrtpCeBBk2WjmYpYMjbQWvygCqF,0.66,70,3423,7168.95,0.023,3.15,18.0,smart_degen,
2026-06-14,CHaDm47iDzKGjmpTSHjtEvDURZEnFyBDvdUrEjCSVJjk,0.455,23,687,5039.27,0.042,38.58,12.0,"axiom,smart_degen",
2026-06-14,2xREcoGwqoXNpwqL4cXHhxLJutAcif8Vwa89WY3WNF4n,0.382,14,741,3460.07,0.033,10.04,38.0,"axiom,fomo,smart_degen",
2026-06-14,BDP9wqCFBKyLFdK9nh6p4MfNQYPRbdxkKtNqNHuTHzSD,0.414,10,1123,3844.49,0.07,0.86,76.0,smart_degen,
2026-06-15,2oYNaFL8ZAy8kKKEBZ6uHY2aCMdujk7LG7ggX2Fm3zBa,0.313,490,389,12150.2,0.087,45.82,214.0,"axiom,gmgn,smart_degen",makupnl
2026-06-15,2BceynDKAYRoZxKL1LYUALJ2pVsDJB65MD3EJcWG916d,0.554,149,1266,13550.1,0.138,3.9,340.0,"gmgn,smart_degen",
2026-06-15,AgiGpUAF25B7NL9u8byDcptPcYWi4eFU4kjtcRtaMmdQ,0.365,23,1057,5346.84,0.054,32.99,27.0,"axiom,smart_degen",
2026-06-15,CEUA7zVoDRqRYoeHTP58UHU6TR8yvtVbeLrX1dppqoXJ,0.382,2752,3514,46455.37,0.042,477.78,476.0,"axiom,gmgn,smart_degen,top_followed,top_renamed",
2026-06-15,2QeJByxhX4cqbkmZ1KwFRRacpW2Fh1J2YtuBiRTLd75D,0.752,70,1575,8703.06,0.034,0.04,90.0,smart_degen,
2026-06-15,HW1wbyPSa7QTqjRzD4kCKZyBbXFzR8cA7sJqBrzrJ6o4,0.585,56,5478,2696.62,0.004,6.33,34.0,"axiom,smart_degen",
2026-06-15,94iQuYjVgTwGXxtM7ywfpzfLvx3gN4oQRuc9osRE2pEm,0.644,292,6698,9454.17,0.013,6.0,350.0,"axiom,smart_degen",
2026-06-15,FdHEV7sRsHJch6LmnEBtzLtU28zK3Dogb9tbhXLNyyGT,0.69,1146,4872,25174.97,0.018,13.82,550.0,smart_degen,
2026-06-15,AgTM7bcPQo2kkru8o2igeiwbAjJY2bubEHHZUQPRhyqG,0.646,57,3162,4785.7,0.032,15.9,17.0,smart_degen,
2026-06-15,BR74H6Har2f928msocNdgb3AiaUDrnvFX4H1te61QJgf,0.67,19,1607,1680.43,0.03,12.73,74.0,smart_degen,
2026-06-15,71pAfN1nJhcLaezSRYvwdsNFE9PnY9hNfcxB4nZ1gdAp,0.469,68,3716,3814.23,0.01,88.61,350.0,smart_degen,
2026-06-15,BCagckXeMChUKrHEd6fKFA1uiWDtcmCXMsqaheLiUPJd,0.34,26603,15195,17366.83,0.036,235.72,48.0,"axiom,bullx,gmgn,top_followed,top_renamed,wash_trader",vibed333
2026-06-15,AGcexQ1QEoN8aFxZV8mwXQ6DaxAbaGmmxbsy3zFJDKtc,0.945,193,684,6202.15,0.094,38.48,193.0,"axiom,padre,smart_degen",
2026-06-15,5BxootbxVKu7uYLRRusSD7GR5srM3iHFfBE6rr5eRXb4,0.332,67,2058,17215.96,0.065,73.69,15.0,"axiom,smart_degen",
2026-06-15,FDA2RgW1b1hr8g2wBgtJcQj2STokGoT1Vu9RLqwupoq8,0.322,18,757,2515.73,0.099,0.02,22.0,"axiom,gmgn,padre,smart_degen,trojan",
2026-06-16,86mZ8FkaS24QL6xua2MQeNBf1iJNBmunZPVFYAphGhsV,0.457,4,208,2237.6,0.107,21.52,5.0,"axiom,fresh_wallet,smart_degen",
2026-06-16,AgTM7bcPQo2kkru8o2igeiwbAjJY2bubEHHZUQPRhyqG,0.647,55,3210,4939.64,0.032,27.32,18.0,smart_degen,
2026-06-16,5BxootbxVKu7uYLRRusSD7GR5srM3iHFfBE6rr5eRXb4,0.343,87,2300,21489.77,0.074,49.27,16.0,"axiom,smart_degen",
2026-06-16,AYo5yYa5h2i2iCrsdLNFbtS8DAvwWtiAj3KPurx2DKch,0.7,107,4828,5049.73,0.008,0.27,135.0,smart_degen,
2026-06-16,2BceynDKAYRoZxKL1LYUALJ2pVsDJB65MD3EJcWG916d,0.556,156,1299,13942.83,0.138,3.84,341.0,"gmgn,smart_degen",
2026-06-16,4U9s6ktkZVD6W9K5X1RRVG89Mm9ZGznrPhhPhXezNedm,0.543,22,945,4644.61,0.028,12.69,49.0,"gmgn,smart_degen",
2026-06-16,C1hNaAnM4wm1mvwQU7pkZVnHDBguKeQXUUhWkbSErCSX,0.38,26,208,1309.26,0.134,7.42,6.0,"fresh_wallet,gmgn,smart_degen",
2026-06-16,4n1cuKwPPKStuDkmHKwCeiyk6aCKNyJPmNybjdRq7tJw,0.544,211,4200,2029.67,0.013,2.56,406.0,smart_degen,
2026-06-16,785cAWNP2Y4Bhj442UHZYMHSdfK8ksiAzDA2NXi8DqUy,0.535,24,224,1489.97,0.363,12.27,23.0,"axiom,padre,smart_degen",
2026-06-16,2oYNaFL8ZAy8kKKEBZ6uHY2aCMdujk7LG7ggX2Fm3zBa,0.33,494,403,11483.28,0.08,42.34,215.0,"axiom,gmgn,smart_degen",makupnl
2026-06-16,2NwSGU6rf9e3zEXcGZeJQPqWwJNLwvDgwnZSk4ghL1XL,0.667,5,182,2417.14,0.077,0.62,3.0,"fresh_wallet,smart_degen",
2026-06-16,7q15WZ4iSUDvqfs5Kdh9bfptkQhs6qKUyCUq6GY6PGxg,0.728,430,1527,9658.1,0.047,4.81,593.0,"axiom,smart_degen",
2026-06-16,5W36kTrWMjjdoGaY4suYvmg76SbCVZQ2TdbzneitHbpS,0.449,11,3092,3594.96,0.027,9.93,20.0,"axiom,smart_degen,trojan",
2026-06-16,92cwTJoGDFKSnp6Zr2taFr3sFWqs8jRvtU73qbut2win,0.349,118,390,11369.85,0.047,95.57,113.0,"axiom,smart_degen",
2026-06-16,CEUA7zVoDRqRYoeHTP58UHU6TR8yvtVbeLrX1dppqoXJ,0.385,2791,3333,47995.22,0.046,396.41,477.0,"axiom,gmgn,smart_degen,top_followed,top_renamed",
2026-06-16,2QeJByxhX4cqbkmZ1KwFRRacpW2Fh1J2YtuBiRTLd75D,0.757,74,1595,8875.06,0.034,0.01,91.0,smart_degen,
2026-06-16,CRehX3UNi4MyyQagMz7MyfiWrN9ZynE6v2eNZ2ffrPD1,0.488,26,3335,3469.66,0.025,2.69,139.0,smart_degen,
2026-06-16,RaVenxw8kykBbW7KGBaBsb7fDkkBYK4uJVDSFun6ZxR,0.81,1028,13111,-19749.61,-0.014,22.95,325.0,sandwich_bot,
2026-06-16,GAAcxw3qcRmQTzm34UGQLz6q5V33Wk7vyugMPWXZKAbn,0.773,11,520,1901.26,0.05,7.24,3.0,"fresh_wallet,smart_degen",
2026-06-16,2Aaou1xuMQvby9h94V4c6uA3QFKzPYGNdUJQmuWoKH8K,0.461,2543,560,5639.33,0.068,58.48,464.0,"app_smart_money,axiom,gmgn,smart_degen,top_followed",Weidushequchina
2026-06-16,93kgxYKex5wPyEkjH9P4KspLFAi3fdWBkw8vZce51pbp,0.715,864,2785,25710.52,0.023,1.39,121.0,smart_degen,
2026-06-16,BCagckXeMChUKrHEd6fKFA1uiWDtcmCXMsqaheLiUPJd,0.337,26620,15025,16580.72,0.034,288.18,49.0,"axiom,bullx,gmgn,top_followed,top_renamed,wash_trader",vibed333
2026-06-16,EjzFMH4MnJZny9C7KTR5gN5WzLHtVRFtsNd19t8cLLQM,0.42,57,587,18702.24,0.171,188.91,37.0,smart_degen,
2026-06-16,4a7WtQ7dPCyoa6dU2E7apLiUFSYFYhPW4M831DNTxPLt,0.501,44,652,8243.37,0.083,52.73,465.0,smart_degen,
2026-06-16,BDP9wqCFBKyLFdK9nh6p4MfNQYPRbdxkKtNqNHuTHzSD,0.407,12,1165,2628.61,0.046,0.04,78.0,smart_degen,
2026-06-17,BDP9wqCFBKyLFdK9nh6p4MfNQYPRbdxkKtNqNHuTHzSD,0.392,12,1246,2424.29,0.039,5.37,79.0,smart_degen,
2026-06-17,RaVenxw8kykBbW7KGBaBsb7fDkkBYK4uJVDSFun6ZxR,0.812,1028,11851,-20601.01,-0.015,22.85,326.0,sandwich_bot,
2026-06-17,Abk9EfhWsLnxuMm7qJXvMYNyvKgtp8sfSoL45srMzP49,0.631,18,8184,10305.0,0.03,28.2,72.0,smart_degen,
2026-06-17,hnu69n6P5CgYXCtUKii9wgamqtDeTVHY3TVJ6HKt7wC,0.803,525,2043,36627.63,0.023,15.07,266.0,"padre,smart_degen",
2026-06-17,5BxootbxVKu7uYLRRusSD7GR5srM3iHFfBE6rr5eRXb4,0.328,97,2424,19565.54,0.063,36.08,17.0,"axiom,smart_degen",
2026-06-17,BCagckXeMChUKrHEd6fKFA1uiWDtcmCXMsqaheLiUPJd,0.326,26641,14869,12662.87,0.026,260.34,50.0,"axiom,bullx,gmgn,top_followed,top_renamed,wash_trader",vibed333
2026-06-17,21WJ5pHTG3UePDsL7wbV9mkYhyCue5hQsQ7Eg3A4VdX9,0.5,0,89,1083.16,0.128,5.17,2.0,"fresh_wallet,smart_degen",
2026-06-17,6FYgn2apNXSqNVyXHTV8CFHiRQhw5TPdDUEHrBMyR8og,0.586,38,3406,2660.26,0.019,30.18,173.0,smart_degen,
2026-06-17,Amai97rEBi5BvgvmMHUN5Pafh4Wa2e82ajeUdYbZUwAH,0.805,9,891,4871.53,0.085,72.62,18.0,"axiom,smart_degen",
2026-06-17,6Kxhku6qrjxn3p6hKazLEPhP4kTwsLhnK8ySBbQVTwzD,0.423,24,930,1854.99,0.031,3.86,596.0,smart_degen,
2026-06-17,555CVoLLYrmo6KREkqrtpCeBBk2WjmYpYMjbQWvygCqF,0.667,87,3992,9248.5,0.025,41.31,21.0,smart_degen,
2026-06-17,CHaDm47iDzKGjmpTSHjtEvDURZEnFyBDvdUrEjCSVJjk,0.463,28,820,5821.19,0.041,19.73,15.0,"axiom,smart_degen",
2026-06-17,72NWWbchKdRJKvhG6U4f9363psUttkeEkE4yk15imy8u,0.547,45,1194,1870.43,0.01,41.59,387.0,smart_degen,
2026-06-17,C6kTAWCcXAgKW9pUHTabYFmtbYUM9wCLVn41ZmaHyhDT,0.582,5,219,4118.41,0.341,14.81,6.0,"axiom,fresh_wallet,smart_degen",
2026-06-17,B95PFstCh6988S83mVFj3iCAvm5jGaurgPWeZwBKUBEv,0.52,1,1205,1605.54,0.022,5.04,13.0,smart_degen,
2026-06-17,AYo5yYa5h2i2iCrsdLNFbtS8DAvwWtiAj3KPurx2DKch,0.708,107,5175,5828.02,0.009,0.3,136.0,smart_degen,
2026-06-17,FCHwShGD6Ahfk9GcJaVgSwbHRzCfyhfEDaevQaiy7V64,0.369,5,1148,1678.04,0.057,12.01,17.0,"axiom,smart_degen",
2026-06-17,AgiGpUAF25B7NL9u8byDcptPcYWi4eFU4kjtcRtaMmdQ,0.358,27,1181,5685.57,0.048,16.8,29.0,"axiom,smart_degen",
2026-06-17,2QeJByxhX4cqbkmZ1KwFRRacpW2Fh1J2YtuBiRTLd75D,0.744,75,1633,8816.28,0.033,1.05,92.0,smart_degen,
2026-06-17,CkqWdiw1GZ6UtPaTd8QuUugmiffBQshTVByWikDQsQ5x,0.412,31,548,6708.26,0.237,32.96,35.0,"gmgn,smart_degen",
2026-06-17,2Jwr6YhAtEHgtb36jghTNhJFkBsVVY6x3nCn3sVyTVgM,0.384,3,1003,2185.7,0.15,25.66,330.0,"axiom,smart_degen",
2026-06-17,CEUA7zVoDRqRYoeHTP58UHU6TR8yvtVbeLrX1dppqoXJ,0.389,2809,3116,44713.48,0.047,411.97,478.0,"axiom,gmgn,smart_degen,top_followed,top_renamed",
2026-06-17,ACLDRXeDHyEu92TCn5bRYNk834DHiP2GsF9ifwTYALCU,0.371,2,1182,1045.71,0.006,109.95,53.0,smart_degen,
2026-06-17,86mZ8FkaS24QL6xua2MQeNBf1iJNBmunZPVFYAphGhsV,0.459,4,299,3402.09,0.117,32.88,6.0,"axiom,fresh_wallet,smart_degen",
2026-06-18,GAAcxw3qcRmQTzm34UGQLz6q5V33Wk7vyugMPWXZKAbn,0.727,23,906,2829.5,0.041,13.16,5.0,"fresh_wallet,smart_degen",
2026-06-18,3XxM17DT9j5nAv8j6kp8UcsjkbPLme7Ts6XTDNvFUD8e,0.434,19,127,5029.82,0.183,7.2,302.0,smart_degen,
2026-06-18,B95PFstCh6988S83mVFj3iCAvm5jGaurgPWeZwBKUBEv,0.514,6,1411,1614.6,0.019,6.09,14.0,smart_degen,
2026-06-18,EUELQZLwNST871pJoHkCxwqiRDKi1PCyfyWccfYpPE11,0.472,30,136,4729.03,0.168,0.02,189.0,smart_degen,
2026-06-18,2DZJbQwDNLZtzhZ95XfvxuFueX5aiNrJh14ucdeHb4v8,0.587,10,3246,5700.5,0.021,37.35,1.0,"fresh_wallet,smart_degen",
2026-06-18,6FYgn2apNXSqNVyXHTV8CFHiRQhw5TPdDUEHrBMyR8og,0.59,39,3609,3193.14,0.021,34.3,174.0,smart_degen,
2026-06-18,4yUru84EZWiLE3xUrd5uY5PWaa8ZqeGDTiXy4W1ZLF1Z,0.458,18,259,3163.3,0.157,0.31,364.0,smart_degen,
2026-06-18,5BxootbxVKu7uYLRRusSD7GR5srM3iHFfBE6rr5eRXb4,0.319,102,2587,15926.39,0.047,52.24,18.0,"axiom,smart_degen",
2026-06-18,C6kTAWCcXAgKW9pUHTabYFmtbYUM9wCLVn41ZmaHyhDT,0.55,10,310,4533.38,0.299,5.47,7.0,"axiom,fresh_wallet,smart_degen",
2026-06-18,FCHwShGD6Ahfk9GcJaVgSwbHRzCfyhfEDaevQaiy7V64,0.366,13,1233,1527.09,0.046,4.15,18.0,"axiom,smart_degen",
2026-06-18,EBjPNCDYbJa2LsxzMB3FbFrtxGNhZDCDxPSEzTtBkHSk,0.475,17,1074,3271.99,0.046,0.23,221.0,"fomo,smart_degen",
2026-06-18,EuSyGGio7G72CZWNpkSKavoC7HgiQ2fE882cHwG4sH4C,0.444,18,226,5095.29,0.268,0.35,364.0,smart_degen,
2026-06-18,6EnuyJN8KCgC4kXfgtB2Tt2EWnJNKdMT8S94XZRmsnZx,0.501,16,1196,5091.96,0.034,11.38,31.0,"axiom,smart_degen",
2026-06-18,7jYA9X9qgot3KXNRoWqQgz7SMnGeT8Apkto3voYH2hQs,0.433,14,255,4733.41,0.225,0.4,364.0,smart_degen,
2026-06-18,AmbTkhVMPmh53QVnzTRT7mFBkDvKyrutNTVUFzEdB6UU,0.537,19,229,3723.58,0.193,0.23,364.0,smart_degen,
2026-06-18,14LYvJoKPK9pCuNJqT6cJEaR1q3FNsfCtopbSXD8b8DM,0.607,27,2202,2224.34,0.046,0.34,454.0,"axiom,smart_degen",
2026-06-18,CRehX3UNi4MyyQagMz7MyfiWrN9ZynE6v2eNZ2ffrPD1,0.495,27,3308,4239.59,0.032,3.42,141.0,smart_degen,
2026-06-18,CkqWdiw1GZ6UtPaTd8QuUugmiffBQshTVByWikDQsQ5x,0.402,35,523,6017.61,0.235,8.31,36.0,"gmgn,smart_degen",
2026-06-18,Abk9EfhWsLnxuMm7qJXvMYNyvKgtp8sfSoL45srMzP49,0.63,29,8380,10304.59,0.029,31.17,73.0,smart_degen,
2026-06-18,CEUA7zVoDRqRYoeHTP58UHU6TR8yvtVbeLrX1dppqoXJ,0.389,2838,3050,40680.6,0.044,424.39,479.0,"axiom,gmgn,smart_degen,top_followed,top_renamed",
2026-06-18,4AJPp5BnqJwy4na2vroHNnyH5naqmwb3rMRYiDFWi4HW,0.32,17,1058,1164.13,0.07,8.62,107.0,"axiom,smart_degen",
2026-06-18,AG3byGdbcMUiqRHKXujreeHNEjLZXXkGT4r8XPuEtAK7,0.321,58,5977,5598.29,0.047,9.73,210.0,"axiom,smart_degen",
2026-06-18,C1hNaAnM4wm1mvwQU7pkZVnHDBguKeQXUUhWkbSErCSX,0.402,41,292,1937.36,0.128,5.94,8.0,"fresh_wallet,gmgn,smart_degen",
2026-06-18,EB1xVELxXxvEjwUJAmvKQnLwqRnHG8NV4BSgXA53bfrx,0.352,6,412,3229.03,0.117,6.29,260.0,"gmgn,padre,smart_degen",
2026-06-18,CaXLVfCoUfYwtcTTmidojRsf99xCdtSpypAscY4ES3hq,0.447,2,74,1530.21,0.13,0.18,319.0,"axiom,smart_degen",
2026-06-18,FhtZnHAmc2X3cTGNDQ6f3iM13Rp3BfzhPSyGaBD8fxck,0.616,34,686,2930.28,0.084,5.92,151.0,"axiom,padre,smart_degen",
2026-06-18,5wutoUsK5P1qnL33Dc1jpBKgpAy8TTtUV1m77xkEmnDE,0.56,58,3032,10316.51,0.028,14.09,28.0,smart_degen,
2026-06-18,zhYnXqK3MNSmwS3yxSvPmY5kUa1n2WUaCJgYUDrAHkL,0.365,2956,305,-2833.55,-0.026,10.99,53.0,"axiom,bullx,padre,pepeboost",onlyzhynx
2026-06-18,ACLDRXeDHyEu92TCn5bRYNk834DHiP2GsF9ifwTYALCU,0.358,8,1257,1404.46,0.008,90.35,54.0,smart_degen,
2026-06-18,52dq6ajenMwfVz5FYuPKKRzzjkW83Aa85X5xJgFHX7U1,0.0,3813,1,0.0,0.0,63.45,476.0,,
2026-06-18,2Jwr6YhAtEHgtb36jghTNhJFkBsVVY6x3nCn3sVyTVgM,0.362,6,1089,2165.89,0.144,21.98,331.0,"axiom,smart_degen",
2026-06-18,AgTM7bcPQo2kkru8o2igeiwbAjJY2bubEHHZUQPRhyqG,0.642,65,3417,5427.38,0.032,33.87,20.0,smart_degen,
2026-06-18,9ayug2vJPcgxQxctwRK5MwKk7MgHkh9fWmzWhAbNP2CJ,0.438,4,76,1750.54,0.149,0.01,319.0,"axiom,smart_degen",
2026-06-18,Hhe39YdDn7HMQiXNE5avj4FedMYHMVdEZjnHn7LwqHLW,0.531,26,282,10343.72,0.413,0.02,349.0,smart_degen,
2026-06-18,cfkz2URqR2kYQvhSVK85DuQmzDCYnddm17NKMwspGHx,0.446,34,278,6812.14,0.284,0.02,374.0,smart_degen,
2026-06-18,BDP9wqCFBKyLFdK9nh6p4MfNQYPRbdxkKtNqNHuTHzSD,0.407,12,1313,2289.17,0.034,0.09,80.0,smart_degen,
2026-06-18,48cMp6VLFKbJWQCWpgoBkiH64ad1P3kd1evvBBqmnmev,0.481,31,259,13256.08,0.505,0.02,374.0,smart_degen,
2026-06-18,CHaDm47iDzKGjmpTSHjtEvDURZEnFyBDvdUrEjCSVJjk,0.464,29,918,5887.59,0.036,22.98,16.0,"axiom,smart_degen",
2026-06-18,21WJ5pHTG3UePDsL7wbV9mkYhyCue5hQsQ7Eg3A4VdX9,0.522,4,140,1616.45,0.125,5.39,3.0,"fresh_wallet,smart_degen",
2026-06-19,CEUA7zVoDRqRYoeHTP58UHU6TR8yvtVbeLrX1dppqoXJ,0.39,2867,3098,42435.66,0.045,379.78,480.0,"axiom,gmgn,smart_degen,top_followed,top_renamed",
2026-06-19,71pAfN1nJhcLaezSRYvwdsNFE9PnY9hNfcxB4nZ1gdAp,0.506,89,3871,6778.14,0.018,107.24,354.0,smart_degen,
2026-06-19,AzWnNS9isJR9HZ6WAEAUwqVMu5SAwHsPNmrmEVCroyMS,0.501,111,4559,3899.43,0.01,12.15,52.0,"axiom,gmgn,smart_degen",
2026-06-19,Amai97rEBi5BvgvmMHUN5Pafh4Wa2e82ajeUdYbZUwAH,0.791,18,1098,5160.8,0.069,5.28,20.0,"axiom,smart_degen",
2026-06-19,4U9s6ktkZVD6W9K5X1RRVG89Mm9ZGznrPhhPhXezNedm,0.54,26,964,4785.7,0.028,10.0,52.0,"gmgn,smart_degen",
2026-06-19,2QeJByxhX4cqbkmZ1KwFRRacpW2Fh1J2YtuBiRTLd75D,0.75,80,1687,8708.96,0.032,0.97,94.0,smart_degen,
2026-06-19,5BxootbxVKu7uYLRRusSD7GR5srM3iHFfBE6rr5eRXb4,0.323,116,2721,19325.96,0.055,50.23,19.0,"axiom,smart_degen",
2026-06-19,93kgxYKex5wPyEkjH9P4KspLFAi3fdWBkw8vZce51pbp,0.704,889,2699,24172.07,0.023,1.68,124.0,smart_degen,
2026-06-19,B95PFstCh6988S83mVFj3iCAvm5jGaurgPWeZwBKUBEv,0.496,10,1657,1678.15,0.016,3.28,15.0,smart_degen,
2026-06-19,5W36kTrWMjjdoGaY4suYvmg76SbCVZQ2TdbzneitHbpS,0.454,18,3750,4689.32,0.03,11.25,23.0,"axiom,smart_degen,trojan",
2026-06-19,BDP9wqCFBKyLFdK9nh6p4MfNQYPRbdxkKtNqNHuTHzSD,0.39,12,1344,2494.46,0.036,0.04,81.0,smart_degen,
2026-06-19,Bjfi8duDFVKFu3UrtSQQVvxCn7fWLif8QJYiLVpkHBjV,0.357,12,428,4022.32,0.113,48.73,23.0,"axiom,smart_degen",
2026-06-19,2JnqRRkoUSNpCGwxb3Ve4xr2shzQwxHV4iUskbBmxYKV,0.396,7,554,2601.0,0.066,8.53,8.0,"axiom,fresh_wallet,smart_degen",
2026-06-19,86mZ8FkaS24QL6xua2MQeNBf1iJNBmunZPVFYAphGhsV,0.438,10,579,2644.43,0.064,11.29,8.0,"axiom,smart_degen",
2026-06-19,BnnNJJgy9w2MLQ9XBKJKG9FQa2r9qdW7u5VpzEkwUcc3,0.332,690,2248,4999.45,0.039,1.33,316.0,smart_degen,
2026-06-19,5xiFiKjMb3Uq3yecmN61ynJf65aaHyyaSq4SRDWCVmde,0.392,16,394,4834.54,0.128,7.66,11.0,smart_degen,
2026-06-19,C6kTAWCcXAgKW9pUHTabYFmtbYUM9wCLVn41ZmaHyhDT,0.568,10,383,5099.75,0.282,11.03,8.0,"axiom,smart_degen",
2026-06-20,AzWnNS9isJR9HZ6WAEAUwqVMu5SAwHsPNmrmEVCroyMS,0.5,120,5072,4508.94,0.01,3.06,53.0,"axiom,gmgn,smart_degen",
2026-06-20,CHaDm47iDzKGjmpTSHjtEvDURZEnFyBDvdUrEjCSVJjk,0.454,34,1050,6524.66,0.036,24.98,18.0,"axiom,smart_degen",
2026-06-20,5BxootbxVKu7uYLRRusSD7GR5srM3iHFfBE6rr5eRXb4,0.332,126,2836,22453.14,0.062,47.51,20.0,"axiom,smart_degen",
2026-06-20,EokUVZ8ixAvMcLgQ7wQxTJxd4JC5WfQWeFabfZhVrVFY,0.46,134,1690,21472.66,0.15,2.06,494.0,smart_degen,
2026-06-20,71pAfN1nJhcLaezSRYvwdsNFE9PnY9hNfcxB4nZ1gdAp,0.504,96,3882,6667.47,0.018,115.43,355.0,smart_degen,
2026-06-20,5aLY85pyxiuX3fd4RgM3Yc1e3MAL6b7UgaZz6MS3JUfG,0.472,4428,18121,16754.01,0.01,102.7,278.0,"smart_degen,top_followed",
2026-06-20,SMACxb87aVzXRf66VkzdrQpYrR2zB1dy1U8HauFKd3W,0.447,19,1312,2570.42,0.032,10.3,288.0,"axiom,padre,smart_degen",
2026-06-20,C6kTAWCcXAgKW9pUHTabYFmtbYUM9wCLVn41ZmaHyhDT,0.557,14,448,6218.74,0.285,18.05,9.0,"axiom,smart_degen",
2026-06-20,9EAA8VGsTwEzNeKyJJGuoNmzVzr3fxcenM2CvXci8zZv,0.436,3,805,1993.91,0.029,14.44,12.0,"axiom,smart_degen",
2026-06-20,2JXRDWwXqrGu38TeDzWVk8VEZqfqBruS7LeYfay9ku79,0.496,1,260,743.45,0.048,2.54,8.0,"axiom,fresh_wallet,smart_degen",
2026-06-20,J2Snd664wV8QtpyBw9fEFTZcsCWMmn6ABwgBhoFpkXVN,0.477,3,180,928.31,0.086,2.78,4.0,"axiom,fresh_wallet,smart_degen",
2026-06-20,GAAcxw3qcRmQTzm34UGQLz6q5V33Wk7vyugMPWXZKAbn,0.732,43,1316,4162.69,0.042,12.44,7.0,"fresh_wallet,smart_degen",
2026-06-20,555CVoLLYrmo6KREkqrtpCeBBk2WjmYpYMjbQWvygCqF,0.673,118,4440,10776.51,0.027,11.97,24.0,smart_degen,
2026-06-20,4yUru84EZWiLE3xUrd5uY5PWaa8ZqeGDTiXy4W1ZLF1Z,0.453,19,275,2993.34,0.13,0.0,366.0,smart_degen,
2026-06-20,AmbTkhVMPmh53QVnzTRT7mFBkDvKyrutNTVUFzEdB6UU,0.529,20,244,3456.38,0.158,0.0,366.0,smart_degen,
2026-06-20,7jYA9X9qgot3KXNRoWqQgz7SMnGeT8Apkto3voYH2hQs,0.414,15,268,4475.75,0.191,0.0,366.0,smart_degen,
2026-06-20,8My5f82iTSGxRFuZh1a1SUe9oC6T7cPKhWFnLzXTKzbA,0.5,20,268,7164.11,0.291,0.0,367.0,smart_degen,
2026-06-20,73DeqP8f7Eh6YfmC6CbvMDzzPKku3eaXAk7qtWmoqWDg,0.59,28,2598,3010.33,0.011,14.36,414.0,smart_degen,
2026-06-20,8DNyM3RSaq842BmrCv9pxWi1RSmyeJPm8XhuunA4FpNs,0.403,22,251,4539.42,0.211,0.0,366.0,smart_degen,
2026-06-20,EuSyGGio7G72CZWNpkSKavoC7HgiQ2fE882cHwG4sH4C,0.427,19,240,4769.14,0.223,0.0,366.0,smart_degen,
2026-06-20,9qPx1o9N9vPCMhTA84zoADmZmfqMoDfy91xyYCDf5pSp,0.48,25,263,7640.66,0.335,0.0,366.0,smart_degen,
2026-06-20,9rHJ84Nk7V6gACpppvGNFc6CtXhCjHkj4XMbESEJNuC6,0.453,23,256,6436.46,0.295,0.0,367.0,smart_degen,
2026-06-20,6mGuU5M2RvdRBHH4thcXNj7pwGSG1NLzbjbNQ9jUiDE9,0.451,18,250,5569.77,0.241,0.0,366.0,smart_degen,
2026-06-20,FLiYfD2z5NRpCuBg2hx6zM4UooVtvtD6ssQFUNpuPGEQ,0.767,73,1420,20393.32,0.071,78.28,26.0,smart_degen,
2026-06-20,Hhe39YdDn7HMQiXNE5avj4FedMYHMVdEZjnHn7LwqHLW,0.53,29,294,10273.42,0.381,0.0,351.0,smart_degen,
2026-06-20,B95PFstCh6988S83mVFj3iCAvm5jGaurgPWeZwBKUBEv,0.517,13,1851,1872.96,0.016,5.9,15.0,smart_degen,
2026-06-20,hnu69n6P5CgYXCtUKii9wgamqtDeTVHY3TVJ6HKt7wC,0.803,562,2110,36768.66,0.022,15.86,269.0,"padre,smart_degen",
2026-06-20,AG3byGdbcMUiqRHKXujreeHNEjLZXXkGT4r8XPuEtAK7,0.326,70,6354,5943.27,0.048,3.27,212.0,"axiom,smart_degen",
2026-06-20,CVLyQA7BxhBagsmBtnK4CLkhsW83VbKqV3RDSyYAem5v,0.344,33,5499,5153.77,0.051,3.63,100.0,"axiom,smart_degen",
2026-06-20,AgTM7bcPQo2kkru8o2igeiwbAjJY2bubEHHZUQPRhyqG,0.64,67,3652,6432.37,0.036,16.73,22.0,smart_degen,
2026-06-20,2QeJByxhX4cqbkmZ1KwFRRacpW2Fh1J2YtuBiRTLd75D,0.734,84,1711,8391.27,0.031,0.93,95.0,smart_degen,
2026-06-20,8CLkTAHZt1joF4Swh7YKjGAA8qge1T1SZdoWJJsoGgys,0.4,703,1563,4427.69,0.023,6.67,53.0,"axiom,padre,smart_degen",
2026-06-20,7wiEWKeG7sFUNh1TgujwCa9cmJtSSE4mNLDde7knjoeE,0.343,355,1587,2494.93,0.034,0.93,482.0,"axiom,bullx,padre,smart_degen",
2026-06-21,CHaDm47iDzKGjmpTSHjtEvDURZEnFyBDvdUrEjCSVJjk,0.454,36,1088,6651.46,0.036,17.56,19.0,"axiom,smart_degen",
2026-06-21,GAAcxw3qcRmQTzm34UGQLz6q5V33Wk7vyugMPWXZKAbn,0.741,58,1425,4506.1,0.042,10.65,8.0,smart_degen,
2026-06-21,5aLY85pyxiuX3fd4RgM3Yc1e3MAL6b7UgaZz6MS3JUfG,0.473,4455,17663,15005.9,0.01,79.97,279.0,"smart_degen,top_followed",
2026-06-21,3TcgykzMCWujmnRXtTsr5j3s6mRsyCzynsKczMvvUsBp,0.395,4,696,1561.74,0.032,3.09,82.0,"axiom,smart_degen",
2026-06-21,9EAA8VGsTwEzNeKyJJGuoNmzVzr3fxcenM2CvXci8zZv,0.441,5,836,2176.58,0.03,13.86,13.0,"axiom,smart_degen",
2026-06-21,555CVoLLYrmo6KREkqrtpCeBBk2WjmYpYMjbQWvygCqF,0.676,136,4532,11001.39,0.027,10.2,25.0,smart_degen,
2026-06-21,BnNMkMRhQmAd56KPN9141ULX9HhPmQrkSzYxr8CCPbyX,0.323,0,1205,2146.93,0.018,7.87,15.0,"axiom,smart_degen",
2026-06-21,A6HB6QUWZva41EfQjrqAjBCzhSXdvk2AvD5B772t4Csg,0.357,16,369,2857.76,0.071,80.25,41.0,"gmgn,smart_degen",
2026-06-21,8cPYWE3Fq4KKZBtm1DCZHSEFtLkBiU4o7mtP8JSNGQEA,0.453,26,323,5242.71,0.144,74.34,20.0,"gmgn,smart_degen",
2026-06-21,HbGw2sgZwhJEENeCEqGnABLBqG8nUR71vzabFLAYceuv,0.413,8,371,5103.18,0.127,81.65,11.0,"gmgn,smart_degen",
2026-06-21,DYzEteqb4iWkaUMpfsC9FfFvFCEE3z27bpJbQJKjyLcg,0.37,8,365,5198.35,0.133,82.9,11.0,"gmgn,smart_degen",
2026-06-21,71pAfN1nJhcLaezSRYvwdsNFE9PnY9hNfcxB4nZ1gdAp,0.508,99,3874,5995.67,0.016,112.86,356.0,smart_degen,
2026-06-21,93kgxYKex5wPyEkjH9P4KspLFAi3fdWBkw8vZce51pbp,0.693,921,2786,25408.24,0.023,1.83,126.0,smart_degen,
2026-06-21,SMACxb87aVzXRf66VkzdrQpYrR2zB1dy1U8HauFKd3W,0.45,20,1312,2388.91,0.03,8.54,289.0,"axiom,padre,smart_degen",
2026-06-21,CXrAL8LCHwn3zjQLEECqBAp2vm4pkysBY4dzJ8Urien3,0.451,19,270,4918.04,0.24,76.03,8.0,"axiom,smart_degen",
2026-06-21,RaVenxw8kykBbW7KGBaBsb7fDkkBYK4uJVDSFun6ZxR,0.808,1028,8831,-8154.73,-0.012,18.92,330.0,sandwich_bot,
2026-06-21,GGPVgdQSbJQtW1yEzqMNdP4o6hkRcFmbdnaFUnXfhKmX,0.534,757,1222,15364.24,0.149,0.96,136.0,"axiom,gmgn,smart_degen",mewudi669
2026-06-21,51CvgtSi6YappwAhKFEU4CcURzSTvmCmchzc2iYZpuH4,0.485,4,2206,1741.88,0.019,6.32,20.0,smart_degen,
2026-06-21,AgTM7bcPQo2kkru8o2igeiwbAjJY2bubEHHZUQPRhyqG,0.64,76,3986,7525.88,0.038,10.88,23.0,smart_degen,
2026-06-21,GCxRVYmx7639heNoUWSuzca8bYAb488kTJ4dBjUY7jdy,0.33,88,2176,5000.98,0.027,88.18,234.0,smart_degen,
2026-06-21,C6kTAWCcXAgKW9pUHTabYFmtbYUM9wCLVn41ZmaHyhDT,0.571,35,518,8561.07,0.302,61.33,10.0,"axiom,smart_degen",
2026-06-21,5bmwQKEs1JbfYzNkWrb3dKK49qv5HzXwGox7GBfsjZ5X,0.479,3,74,3110.13,0.369,64.36,17.0,"axiom,smart_degen",
2026-06-21,6hS3FS5v71LGFGTUUyjTCtvHgm1tJJ62Tupssip4yTbG,0.458,3,74,2869.94,0.343,60.87,17.0,"axiom,smart_degen",
2026-06-21,EKQZDLBAv2isf73S4go7fxwcvthPbdC67aqXJofDfRzB,0.479,2,75,3197.74,0.38,65.83,17.0,"axiom,smart_degen",
2026-06-21,8ULTo1cuiwo5dnB1S8MEZqPSmmFcMskEJemnqVLprEsA,0.62,16,233,3088.01,0.079,5.62,28.0,"axiom,smart_degen",
2026-06-21,73DeqP8f7Eh6YfmC6CbvMDzzPKku3eaXAk7qtWmoqWDg,0.588,33,2623,3533.98,0.014,19.84,415.0,smart_degen,
2026-06-21,FLiYfD2z5NRpCuBg2hx6zM4UooVtvtD6ssQFUNpuPGEQ,0.773,94,1485,22054.85,0.074,46.75,27.0,smart_degen,
2026-06-21,94kgTn73eWvnHNbUskYRufkpinNBCWanTkhY4n5Sgh2x,0.862,71,281,10889.49,0.039,94.55,8.0,smart_degen,
2026-06-21,CEUA7zVoDRqRYoeHTP58UHU6TR8yvtVbeLrX1dppqoXJ,0.387,2922,3312,41035.42,0.04,385.33,482.0,"axiom,gmgn,smart_degen,top_followed,top_renamed",
2026-06-21,9GNHFWmVEw3Mbrh8Rrz1fTJMv36SxsuQrMtCq7tmrN3K,0.348,262,112,24752.51,0.612,2.37,236.0,"fomo,smart_degen",
2026-06-21,EvAi7ghzp7oHyDoG2HSHtFJPGniGvMmfVZCmHV86y9CR,0.822,73,161,11053.59,0.128,41.76,34.0,"axiom,gmgn,smart_degen",
2026-06-21,5wutoUsK5P1qnL33Dc1jpBKgpAy8TTtUV1m77xkEmnDE,0.566,66,3105,10332.92,0.027,12.33,31.0,smart_degen,
2026-06-22,3rZfCtGn8eDsrd3HXHEEoxo3YCrcE4xQ3L3Vj6EKRuJk,0.373,7,1726,1432.05,0.035,5.48,23.0,"axiom,smart_degen",
2026-06-22,BgJd2GqeDV3qHBwFtdxK8AJP9CCxLoDiGngUsM8jRYCW,0.7,3,127,1798.22,0.064,8.68,386.0,smart_degen,
2026-06-22,AgTM7bcPQo2kkru8o2igeiwbAjJY2bubEHHZUQPRhyqG,0.649,88,4357,8937.39,0.041,38.63,24.0,smart_degen,
2026-06-22,5aLY85pyxiuX3fd4RgM3Yc1e3MAL6b7UgaZz6MS3JUfG,0.476,4466,17291,16021.0,0.011,103.25,280.0,"smart_degen,top_followed",
2026-06-22,Amai97rEBi5BvgvmMHUN5Pafh4Wa2e82ajeUdYbZUwAH,0.749,38,1335,6727.42,0.067,62.13,23.0,"axiom,smart_degen",
2026-06-22,CRehX3UNi4MyyQagMz7MyfiWrN9ZynE6v2eNZ2ffrPD1,0.535,33,3557,5436.6,0.04,25.86,145.0,smart_degen,
2026-06-22,71pAfN1nJhcLaezSRYvwdsNFE9PnY9hNfcxB4nZ1gdAp,0.507,109,3807,5827.39,0.016,119.64,357.0,smart_degen,
2026-06-22,GCxRVYmx7639heNoUWSuzca8bYAb488kTJ4dBjUY7jdy,0.331,99,2284,6604.34,0.034,86.45,235.0,smart_degen,
2026-06-22,GAAcxw3qcRmQTzm34UGQLz6q5V33Wk7vyugMPWXZKAbn,0.739,63,1563,4930.38,0.042,8.71,9.0,smart_degen,
2026-06-22,555CVoLLYrmo6KREkqrtpCeBBk2WjmYpYMjbQWvygCqF,0.675,143,4644,11069.02,0.027,8.4,26.0,smart_degen,
2026-06-22,6VxZ8Hq1YNY7czzBiAXRGrtiCzUyEC7S2xv7CiLQyziu,0.442,15,211,10134.07,0.147,79.23,20.0,"axiom,smart_degen",
2026-06-22,73DeqP8f7Eh6YfmC6CbvMDzzPKku3eaXAk7qtWmoqWDg,0.588,34,2634,3385.56,0.013,3.65,416.0,smart_degen,
2026-06-22,5xiFiKjMb3Uq3yecmN61ynJf65aaHyyaSq4SRDWCVmde,0.38,16,495,4602.4,0.094,8.23,14.0,smart_degen,
2026-06-22,CQTc3FxSukLQQUseN4RqxRCLRNWxuQXUyCNFH9GQsfKo,0.35,49,2341,3352.55,0.086,6.46,105.0,"axiom,smart_degen",
2026-06-22,FakckxEr9U29sWK7s3PNiit8c23xTi7XspbvB4nfLQih,0.346,64,2292,3230.06,0.084,7.79,105.0,"axiom,smart_degen",
2026-06-22,HV4cjkteGZ5g9HywDrM1HPC9f95PS9upzvH3MmgPfs53,0.341,47,2287,3368.59,0.089,5.19,105.0,"axiom,gmgn,smart_degen",
2026-06-22,93kgxYKex5wPyEkjH9P4KspLFAi3fdWBkw8vZce51pbp,0.69,926,2775,25351.78,0.023,1.35,127.0,smart_degen,
2026-06-22,C1hNaAnM4wm1mvwQU7pkZVnHDBguKeQXUUhWkbSErCSX,0.416,87,486,4701.57,0.181,9.28,12.0,"gmgn,smart_degen",
2026-06-22,5W36kTrWMjjdoGaY4suYvmg76SbCVZQ2TdbzneitHbpS,0.453,25,4001,4757.34,0.029,9.64,26.0,"axiom,smart_degen,trojan",
2026-06-22,CEq8qbEpk2sWr7Pi7T8kXScWUaM6NmCJCCdni1uortz5,0.522,3,3011,1969.11,0.011,4.1,18.0,smart_degen,
2026-06-22,6HXbwSB1fkFrdVTVYo9uxxkXjDpgbGr66gHebpocroAi,0.549,49,386,2579.64,0.054,7.4,26.0,"padre,smart_degen",
2026-06-22,hnu69n6P5CgYXCtUKii9wgamqtDeTVHY3TVJ6HKt7wC,0.802,602,2067,33795.54,0.022,15.34,271.0,"padre,smart_degen",
2026-06-22,EvAi7ghzp7oHyDoG2HSHtFJPGniGvMmfVZCmHV86y9CR,0.806,79,173,11587.54,0.125,40.78,35.0,"axiom,gmgn,smart_degen",
2026-06-22,RaVenxw8kykBbW7KGBaBsb7fDkkBYK4uJVDSFun6ZxR,0.81,1028,8346,-6664.16,-0.01,18.15,331.0,sandwich_bot,
2026-06-23,Hsu75uJhEidV5Zkj21XBEYUBaFZmjb8Rd6qUpweWGbTo,0.318,148,481,17254.93,0.1,13.42,53.0,"axiom,padre,smart_degen",
2026-06-23,RaVenxw8kykBbW7KGBaBsb7fDkkBYK4uJVDSFun6ZxR,0.817,1028,7868,-8783.37,-0.015,16.57,332.0,sandwich_bot,
2026-06-23,4M5mWUecEGKzAMH5AYrm8gg9zyK7MNbCdxwB1nMfFHVG,0.388,67,1743,6086.7,0.03,11.77,56.0,"axiom,padre,smart_degen",
2026-06-23,71pAfN1nJhcLaezSRYvwdsNFE9PnY9hNfcxB4nZ1gdAp,0.507,114,3803,6003.63,0.017,114.39,358.0,smart_degen,
2026-06-23,AgTM7bcPQo2kkru8o2igeiwbAjJY2bubEHHZUQPRhyqG,0.639,101,4808,10008.67,0.042,24.99,25.0,smart_degen,
2026-06-23,6zbcesCuqKf5uqF8CnpCxFqEMBm8VSsCdTMvTWJbW9p2,0.397,45,1222,12161.64,0.116,51.04,34.0,smart_degen,
2026-06-23,Br6ECo3NTAtNhYPVC5RpyuvpRMqnve4m7Y34iQ5SvQqX,0.345,25,2058,1843.17,0.02,0.05,54.0,"padre,smart_degen",
2026-06-23,KAYAzRt3SN9bcnWHTKjHboe9PjkRiBFTpYCLQ8xrLSk,0.469,18,374,4924.92,0.219,14.58,13.0,"axiom,smart_degen",
2026-06-23,Amai97rEBi5BvgvmMHUN5Pafh4Wa2e82ajeUdYbZUwAH,0.736,44,1445,5971.64,0.053,43.63,24.0,"axiom,smart_degen",
2026-06-23,93kgxYKex5wPyEkjH9P4KspLFAi3fdWBkw8vZce51pbp,0.687,930,2744,25073.55,0.024,1.97,128.0,smart_degen,
2026-06-23,GCxRVYmx7639heNoUWSuzca8bYAb488kTJ4dBjUY7jdy,0.332,110,2435,7812.19,0.039,33.5,236.0,smart_degen,
2026-06-23,GAAcxw3qcRmQTzm34UGQLz6q5V33Wk7vyugMPWXZKAbn,0.74,69,1669,5205.4,0.041,13.11,10.0,smart_degen,
2026-06-23,CRehX3UNi4MyyQagMz7MyfiWrN9ZynE6v2eNZ2ffrPD1,0.531,35,3514,4750.48,0.036,11.5,146.0,smart_degen,
2026-06-23,HsBK95XGUpVD3ENufWapD3Jib6zodHE6xj3VLArNBX3v,0.612,30,619,1420.29,0.074,0.3,12.0,"gmgn,smart_degen",
2026-06-23,73DeqP8f7Eh6YfmC6CbvMDzzPKku3eaXAk7qtWmoqWDg,0.591,36,2579,3254.88,0.013,2.64,417.0,smart_degen,
2026-06-23,Hd5wMoiypHWRQmkus5SHu6ECH27fXVqkhg3d5rGhvLAL,0.68,110,5382,9038.36,0.017,0.25,36.0,smart_degen,
2026-06-23,CHaDm47iDzKGjmpTSHjtEvDURZEnFyBDvdUrEjCSVJjk,0.454,48,1207,7796.75,0.038,24.3,21.0,"axiom,smart_degen",
2026-06-23,6Kxhku6qrjxn3p6hKazLEPhP4kTwsLhnK8ySBbQVTwzD,0.432,31,873,2883.48,0.042,4.12,602.0,smart_degen,
2026-06-23,EokUVZ8ixAvMcLgQ7wQxTJxd4JC5WfQWeFabfZhVrVFY,0.472,161,1786,25548.96,0.153,22.5,497.0,smart_degen,
2026-06-23,BJi36ranJgUvb4WL9FVoYY8gghrKCUgBPbWQMQEsTSpT,0.386,45,750,2575.23,0.032,25.08,59.0,"axiom,smart_degen",
2026-06-23,hnu69n6P5CgYXCtUKii9wgamqtDeTVHY3TVJ6HKt7wC,0.81,617,2068,34190.34,0.022,15.46,272.0,"padre,smart_degen",
2026-06-23,94kgTn73eWvnHNbUskYRufkpinNBCWanTkhY4n5Sgh2x,0.856,104,328,14506.38,0.044,74.39,10.0,smart_degen,
2026-06-23,FLiYfD2z5NRpCuBg2hx6zM4UooVtvtD6ssQFUNpuPGEQ,0.731,124,1653,18701.31,0.057,43.98,29.0,smart_degen,
2026-06-23,5W36kTrWMjjdoGaY4suYvmg76SbCVZQ2TdbzneitHbpS,0.454,27,4118,4829.23,0.028,5.37,27.0,"axiom,smart_degen,trojan",
2026-06-24,5uez2R1fXyJ6YW1wVPqFoEq91WJufuWceVQy647qVYHF,0.754,122,930,22452.19,0.052,480.89,80.0,smart_degen,
2026-06-24,51CvgtSi6YappwAhKFEU4CcURzSTvmCmchzc2iYZpuH4,0.498,13,2500,2268.98,0.022,10.78,23.0,smart_degen,
2026-06-24,71pAfN1nJhcLaezSRYvwdsNFE9PnY9hNfcxB4nZ1gdAp,0.509,116,3818,5534.36,0.015,109.94,359.0,smart_degen,
2026-06-24,hnu69n6P5CgYXCtUKii9wgamqtDeTVHY3TVJ6HKt7wC,0.812,629,2066,34669.51,0.023,15.59,273.0,"padre,smart_degen",
2026-06-24,BJi36ranJgUvb4WL9FVoYY8gghrKCUgBPbWQMQEsTSpT,0.377,49,771,3182.93,0.038,28.9,60.0,"axiom,smart_degen",
2026-06-24,CEq8qbEpk2sWr7Pi7T8kXScWUaM6NmCJCCdni1uortz5,0.524,8,3429,2331.5,0.011,3.08,19.0,smart_degen,
2026-06-24,GGPVgdQSbJQtW1yEzqMNdP4o6hkRcFmbdnaFUnXfhKmX,0.524,804,1291,16315.89,0.146,0.2,139.0,"axiom,gmgn,smart_degen",mewudi669
2026-06-24,EokUVZ8ixAvMcLgQ7wQxTJxd4JC5WfQWeFabfZhVrVFY,0.474,166,1760,23603.18,0.129,43.2,498.0,smart_degen,
2026-06-24,CvTPH1CxTU2AnfKnPtpQwTQ8KhfuKWUYKAHCAXkAuy7n,0.386,80,573,2578.55,0.178,22.56,398.0,"axiom,bullx,padre,smart_degen",
2026-06-24,GCxRVYmx7639heNoUWSuzca8bYAb488kTJ4dBjUY7jdy,0.326,113,2469,6213.89,0.03,13.35,237.0,smart_degen,
2026-06-24,EGwERj1nadcGQhwnJsMmfmDeH51D1G1kMsdYG3e9V1Dp,0.647,47,6512,4131.53,0.015,12.56,,smart_degen,
2026-06-24,CAo5UAc2A1QVWEcxZUkoA3PD5YEwFXuRgvqYi9ccEj8Y,0.714,10,360,3219.84,0.079,40.26,11.0,smart_degen,
2026-06-24,6FpZdYmBtbXCCAYUpAJ6qE812wz87tcEyRvTUa8U5Nsd,0.643,77,921,11897.85,0.038,63.8,12.0,"axiom,smart_degen",
2026-06-24,5NtKTwTxdHJFmjYshvY6Jt3UgSVKRuNtGJTJ1hN9nxy,0.418,7,346,3143.8,0.139,6.11,12.0,"padre,smart_degen",
2026-06-24,RaVenxw8kykBbW7KGBaBsb7fDkkBYK4uJVDSFun6ZxR,0.822,1028,7248,-11559.06,-0.021,14.92,333.0,sandwich_bot,
2026-06-24,93kgxYKex5wPyEkjH9P4KspLFAi3fdWBkw8vZce51pbp,0.689,942,2756,24983.68,0.023,2.0,129.0,smart_degen,
2026-06-24,FLiYfD2z5NRpCuBg2hx6zM4UooVtvtD6ssQFUNpuPGEQ,0.74,130,1637,16716.55,0.053,1.95,30.0,smart_degen,
2026-06-24,8KaoQcGDPE7GkuQCtc8fKQDWZDHDdgTEFLb2HgWzCwPy,0.38,29,4431,2435.43,0.043,33.22,121.0,"axiom,gmgn,padre,smart_degen",
2026-06-24,DqT5xdwda2UciyZQZk2zve4GUpcfrjVJ2wxABTBARZTh,0.363,81,379,7146.93,0.181,3.59,35.0,"axiom,smart_degen",cwypt0x
2026-06-24,3Ci8asFm4TyLpfyXCjDBDsxhZWzvnVL3521bmLvwguBU,0.365,24,1015,8365.55,0.021,0.13,218.0,"fomo,smart_degen",
2026-06-24,5wTqTAZSGWu9ra1a2kDUXfozUw4RHDsrQyTPquqwErkZ,0.471,184,216,2292.42,0.887,23.07,140.0,"gmgn,padre,smart_degen",
2026-06-24,C1hNaAnM4wm1mvwQU7pkZVnHDBguKeQXUUhWkbSErCSX,0.431,110,585,5510.29,0.168,21.82,14.0,"gmgn,smart_degen",
2026-06-24,7Y9xcTxdD3JbqwHSWFfzaEeQuaE8yuHpEtHjKmzqwza2,0.5,8,374,1321.02,0.04,14.34,28.0,smart_degen,
2026-06-24,HsBK95XGUpVD3ENufWapD3Jib6zodHE6xj3VLArNBX3v,0.613,45,682,1500.5,0.065,1.04,13.0,"gmgn,smart_degen",
2026-06-24,2oYNaFL8ZAy8kKKEBZ6uHY2aCMdujk7LG7ggX2Fm3zBa,0.325,589,462,18615.84,0.121,157.18,223.0,"axiom,gmgn,smart_degen",makupnl
2026-06-24,GAAcxw3qcRmQTzm34UGQLz6q5V33Wk7vyugMPWXZKAbn,0.74,80,1845,5554.19,0.04,10.29,11.0,smart_degen,
2026-06-25,C7j9V4TnUDqFf4qCuMhbuEas22r7mwusQQUoMTjqjhJ2,0.453,53,1153,3096.22,0.05,12.17,364.0,"axiom,padre,smart_degen",
2026-06-25,Ew4YAextA2RJjPvJoZxmMZpZJdmcpTBJa2bN1U6Ptb2T,0.42,132,1015,2131.42,0.029,217.0,,smart_degen,
2026-06-25,5wTqTAZSGWu9ra1a2kDUXfozUw4RHDsrQyTPquqwErkZ,0.457,186,206,2292.42,0.887,20.75,141.0,"gmgn,padre,smart_degen",
2026-06-25,GGPVgdQSbJQtW1yEzqMNdP4o6hkRcFmbdnaFUnXfhKmX,0.527,814,1295,16899.73,0.146,1.27,140.0,"axiom,gmgn,smart_degen",mewudi669
2026-06-25,8FiuwM6FmVKmBLCaJ6QcNScnVw4NuNs7Tt4Skf91saF8,0.747,1609,520,53671.11,0.641,40.34,311.0,"axiom,padre,smart_degen",
2026-06-25,62MrVFyw1h9iZzoMmA56Puh9FtT8GcuAwHKU7TfrPLYk,0.349,105,668,2979.7,0.201,12.45,328.0,"axiom,padre,smart_degen",
2026-06-25,C1hNaAnM4wm1mvwQU7pkZVnHDBguKeQXUUhWkbSErCSX,0.435,113,616,5303.23,0.149,22.19,15.0,"gmgn,smart_degen",
2026-06-25,HsBK95XGUpVD3ENufWapD3Jib6zodHE6xj3VLArNBX3v,0.599,63,758,1327.92,0.048,0.33,14.0,"gmgn,smart_degen",
2026-06-25,CHaDm47iDzKGjmpTSHjtEvDURZEnFyBDvdUrEjCSVJjk,0.454,52,1336,8529.41,0.038,32.23,23.0,"axiom,smart_degen",
2026-06-25,2bsnmSj4y5CmQpJski8aS5QirQHsh5yDdENGmCH6BFWj,0.421,6,321,1484.53,0.082,6.01,7.0,"axiom,fresh_wallet,smart_degen",
2026-06-25,AZw5jyPyPxHNYvio8GrmgrUEwTcyeeT36Sd2i2Jc5bDR,0.445,5,352,888.08,0.026,0.02,4.0,"fomo,fresh_wallet,smart_degen",
2026-06-25,GAAcxw3qcRmQTzm34UGQLz6q5V33Wk7vyugMPWXZKAbn,0.741,86,2012,6203.8,0.041,7.6,12.0,smart_degen,
2026-06-25,DRJBox2NWscEPCkngCgAT9VN8edXMnHxGsnTLt9PwVQi,0.426,12,381,3449.13,0.193,55.06,58.0,"padre,smart_degen",
2026-06-25,Hd5wMoiypHWRQmkus5SHu6ECH27fXVqkhg3d5rGhvLAL,0.681,119,5243,8713.88,0.017,0.28,38.0,smart_degen,
2026-06-25,3TcgykzMCWujmnRXtTsr5j3s6mRsyCzynsKczMvvUsBp,0.377,10,1038,816.15,0.011,2.94,86.0,"axiom,smart_degen",
2026-06-25,KAYAzRt3SN9bcnWHTKjHboe9PjkRiBFTpYCLQ8xrLSk,0.485,29,440,5216.83,0.202,8.77,15.0,"axiom,smart_degen",
2026-06-25,GCxRVYmx7639heNoUWSuzca8bYAb488kTJ4dBjUY7jdy,0.329,114,2410,5876.33,0.028,16.82,238.0,smart_degen,
2026-06-25,EGwERj1nadcGQhwnJsMmfmDeH51D1G1kMsdYG3e9V1Dp,0.648,52,6650,3951.95,0.014,9.51,,smart_degen,
2026-06-25,3z6XerLKkDwmiU3aiuPCcFgkhmfret8AM6EmPtGxi71d,0.709,23,1696,3194.04,0.02,5.12,4.0,"fresh_wallet,smart_degen",
2026-06-25,3Ci8asFm4TyLpfyXCjDBDsxhZWzvnVL3521bmLvwguBU,0.374,29,1002,7866.53,0.02,0.0,219.0,"fomo,smart_degen",
2026-06-25,H4xqKevdcQ8PUoku8FMifTdUQrVJVkReqkVzrpoYNT1P,0.332,194,3888,16033.47,0.077,10.17,197.0,"axiom,gmgn,padre,smart_degen",_zeldr1ss
2026-06-25,EokUVZ8ixAvMcLgQ7wQxTJxd4JC5WfQWeFabfZhVrVFY,0.481,167,1783,23271.13,0.122,59.43,499.0,smart_degen,
2026-06-25,555CVoLLYrmo6KREkqrtpCeBBk2WjmYpYMjbQWvygCqF,0.679,159,5201,12070.88,0.027,6.97,29.0,smart_degen,
2026-06-25,CXrAL8LCHwn3zjQLEECqBAp2vm4pkysBY4dzJ8Urien3,0.455,35,376,5771.63,0.208,92.65,12.0,"axiom,smart_degen",
2026-06-25,93kgxYKex5wPyEkjH9P4KspLFAi3fdWBkw8vZce51pbp,0.687,949,2843,25006.52,0.023,1.06,130.0,smart_degen,
2026-06-25,hnu69n6P5CgYXCtUKii9wgamqtDeTVHY3TVJ6HKt7wC,0.808,636,2112,34846.01,0.022,15.92,274.0,"padre,smart_degen",
2026-06-25,73DeqP8f7Eh6YfmC6CbvMDzzPKku3eaXAk7qtWmoqWDg,0.593,42,2521,2910.32,0.012,3.28,419.0,smart_degen,
2026-06-25,2jT7VsXGsAZkT9zDLT9yD64tAfiFUDhgjyHrSCj7cJKd,0.39,107,1151,26278.64,0.215,4.96,24.0,"axiom,smart_degen",
2026-06-25,77jyFSgk2upCjPXQTGw4cYnVoZVPC7xQ2fg3aX5GbCGC,0.323,23,1152,18481.21,0.157,33.55,11.0,"axiom,smart_degen",
2026-06-25,CjnRcJWKG4wR7eh1TMVmqBce4NpEg5crUs5oav8ye1wF,0.358,63,1093,16980.29,0.15,27.45,15.0,"axiom,smart_degen",
2026-06-26,13MQs9BqNywZ89md4BFnYuCZ5NB2dptqX3svW8PYnBje,0.452,49,2010,2496.75,0.072,0.07,122.0,"axiom,smart_degen",
2026-06-26,Cgqq5us7akPoWbSdMb8Jd6tp13cW79XWuuhqBthYnW9D,0.459,10,630,1172.77,0.074,3.01,59.0,"axiom,smart_degen",
2026-06-26,4wWYacRGWT9u1qyB7VU3VWfjbidrCu14vn1cpwfnvdBV,0.441,11,580,1076.89,0.018,23.29,142.0,smart_degen,
2026-06-26,5TMR5GFPTzkNhprnty2ocXEFLoLur1uchg4NkEr5WEf4,0.422,4647,403,3967.68,0.092,50.6,476.0,"axiom,photon,smart_degen,top_followed,top_renamed",
2026-06-26,2bsnmSj4y5CmQpJski8aS5QirQHsh5yDdENGmCH6BFWj,0.429,6,375,1814.36,0.086,5.43,8.0,"axiom,fresh_wallet,smart_degen",
2026-06-26,93kgxYKex5wPyEkjH9P4KspLFAi3fdWBkw8vZce51pbp,0.687,959,2844,24657.91,0.023,1.08,131.0,smart_degen,
2026-06-26,EokUVZ8ixAvMcLgQ7wQxTJxd4JC5WfQWeFabfZhVrVFY,0.474,169,1748,22222.71,0.112,84.85,500.0,smart_degen,
2026-06-26,62MrVFyw1h9iZzoMmA56Puh9FtT8GcuAwHKU7TfrPLYk,0.344,108,696,3527.42,0.239,22.71,329.0,"axiom,padre,smart_degen",
2026-06-26,B4VNbMjFcLD7M2n4LJKKhNEPheuU15kvrsXMDAgq4XMN,0.346,21,349,1801.07,0.048,2.41,59.0,"padre,smart_degen",
2026-06-26,qniX4Yn2TTr8B3d9ujNEFu8MScbHBHRsH67EjzCpQHw,0.381,2,273,1627.55,0.144,23.61,3.0,"axiom,fresh_wallet,smart_degen",
2026-06-26,Dw5VykxuTNQeh8c9TxUPsaM7Rwxkmy74rLr63wB3LG8j,0.55,29,8614,5826.19,0.015,32.94,30.0,smart_degen,
2026-06-26,AG3byGdbcMUiqRHKXujreeHNEjLZXXkGT4r8XPuEtAK7,0.318,84,6547,6942.19,0.056,14.31,218.0,"axiom,padre,smart_degen",
2026-06-26,signeraMNtVHUcVSAV9HCCCJUhQTLsbQneHZGmUQcWk,0.297,22,530,4473.89,0.081,3.58,7.0,"axiom,fresh_wallet,smart_degen",
2026-06-26,BnNMkMRhQmAd56KPN9141ULX9HhPmQrkSzYxr8CCPbyX,0.335,6,1633,2865.44,0.018,2.61,20.0,"axiom,smart_degen",
2026-06-26,GGPVgdQSbJQtW1yEzqMNdP4o6hkRcFmbdnaFUnXfhKmX,0.528,830,1379,19547.86,0.164,1.64,141.0,"axiom,gmgn,smart_degen",mewudi669
2026-06-26,C4VC2yeHWbSFwUNQ9DPMzxNCfvgptAb6k2vLjo1zJTgV,0.546,131,3307,5461.5,0.022,34.06,159.0,"gmgn,smart_degen",
2026-06-26,5uez2R1fXyJ6YW1wVPqFoEq91WJufuWceVQy647qVYHF,0.747,127,975,22747.02,0.051,494.94,82.0,smart_degen,
2026-06-26,AZw5jyPyPxHNYvio8GrmgrUEwTcyeeT36Sd2i2Jc5bDR,0.461,5,459,1559.38,0.036,0.01,5.0,"fomo,fresh_wallet,smart_degen",
2026-06-26,6jsUkxr8A8WvDZJRhqpiHMNKdUp9pbRyCVxWAv2MoP3c,0.684,24,88,367.41,0.031,0.01,724.0,smart_degen,
2026-06-26,73DeqP8f7Eh6YfmC6CbvMDzzPKku3eaXAk7qtWmoqWDg,0.6,43,2504,3021.79,0.012,1.75,420.0,smart_degen,
2026-06-26,EGwERj1nadcGQhwnJsMmfmDeH51D1G1kMsdYG3e9V1Dp,0.646,54,6507,3319.59,0.012,13.04,,smart_degen,
2026-06-26,9ryBR3SnxgGPhWsKvsfxuNHUCTt6tSpLe8wrKCShXLaq,0.896,952,310,34723.11,0.158,39.15,239.0,smart_degen,
2026-06-26,CXrAL8LCHwn3zjQLEECqBAp2vm4pkysBY4dzJ8Urien3,0.465,35,405,6158.85,0.207,97.72,13.0,"axiom,smart_degen",
2026-06-26,5bvKKEVpC6m8JAccHuw6Cb4PT4KETttv7Q9HNHWsQyyZ,0.308,826,2865,5393.59,0.036,73.6,59.0,"axiom,smart_degen",
2026-06-26,65vAhdhBR45JrNdRWftcNpw1vnUdnyuNvA8UNbyuH5DF,0.667,22,43,3108.26,0.754,342.56,30.0,smart_degen,
2026-06-26,HT1bmCAJgxqjNmtgH5NVxT5JUTSqMJz2c3JM11yty1Gt,0.455,58,447,13727.54,0.185,201.43,22.0,"photon,smart_degen",
2026-06-27,B4VNbMjFcLD7M2n4LJKKhNEPheuU15kvrsXMDAgq4XMN,0.345,25,408,1362.27,0.031,2.72,60.0,"padre,smart_degen",
2026-06-27,AQxbJtiqRE9vqvprKbyVJg9ftPRwwPRC2jsJQ9jMRDTt,0.472,9,2648,2460.93,0.015,3.89,22.0,smart_degen,
2026-06-27,DRJBox2NWscEPCkngCgAT9VN8edXMnHxGsnTLt9PwVQi,0.411,23,393,3576.58,0.193,58.78,60.0,"padre,smart_degen",
2026-06-27,HUg1XNBfdJbFDLEaMBmc2VWf6SCrBkFe11E83ktXXz3f,0.321,581,2919,18556.1,0.041,128.19,279.0,"axiom,smart_degen",
2026-06-27,EUj7KUbkMMhfs5yCajaFWx1BvX4HdfGgrdyWjaY42yp7,0.766,35,201,7858.17,0.359,103.67,41.0,"padre,smart_degen",
2026-06-27,JCXdWz4aRo4qHJ1W867SVCQe1HRiP3J6gCWs27pUAXzG,0.414,4,784,2257.14,0.033,9.69,3.0,"axiom,fresh_wallet,smart_degen",
2026-06-27,CRehX3UNi4MyyQagMz7MyfiWrN9ZynE6v2eNZ2ffrPD1,0.479,41,3546,5161.32,0.039,0.25,150.0,smart_degen,
2026-06-27,5wTqTAZSGWu9ra1a2kDUXfozUw4RHDsrQyTPquqwErkZ,0.5,200,213,2213.59,1.027,20.97,143.0,"gmgn,padre,smart_degen",
2026-06-27,FExhhU8VYLEzLTNyiDxCufnzLnge1zMM5qJyF3jdtVWd,0.632,8,126,5248.81,0.367,19.07,9.0,"axiom,smart_degen",
2026-06-27,HDeRTCPU5Fr2NgCrsQNEJtcZgAVhZXXcRhX1UvJ62T2Y,0.372,25,491,1458.13,0.156,14.4,253.0,smart_degen,
2026-06-27,62MrVFyw1h9iZzoMmA56Puh9FtT8GcuAwHKU7TfrPLYk,0.333,112,707,3328.9,0.222,21.87,330.0,"axiom,padre,smart_degen",
2026-06-27,ByHUUDmUiAkkapEUpFQUfm8YT2rABoZ1SBMb7CfSAhQE,0.456,48,312,12978.66,1.151,14.05,523.0,"padre,smart_degen",
2026-06-27,DmQHhGGxQRhZzW3xnNWu3yDtNCpLcqQvQXa7RzWauJYa,0.333,123,2639,4466.5,0.023,5.72,605.0,smart_degen,
2026-06-27,FZMAShYDFq8dzB2Puv5Y632V9QUboYbxJ14MfrSpLdUh,0.423,8,2331,2727.41,0.044,1.34,16.0,"axiom,fomo,smart_degen",
2026-06-27,9a3eFMoqmcFcHWxQbzvAhQ2WiKzYyGiHCCGzbo7BXxtN,0.389,6,216,1941.78,0.1,58.26,16.0,"axiom,smart_degen",
2026-06-27,Cgqq5us7akPoWbSdMb8Jd6tp13cW79XWuuhqBthYnW9D,0.459,15,679,1367.76,0.075,0.83,60.0,"axiom,smart_degen",
2026-06-27,5BxootbxVKu7uYLRRusSD7GR5srM3iHFfBE6rr5eRXb4,0.337,152,2923,23698.59,0.062,89.45,27.0,"axiom,smart_degen",
2026-06-27,qniX4Yn2TTr8B3d9ujNEFu8MScbHBHRsH67EjzCpQHw,0.371,6,433,1716.24,0.095,21.53,4.0,"axiom,fresh_wallet,smart_degen",
2026-06-27,C4VC2yeHWbSFwUNQ9DPMzxNCfvgptAb6k2vLjo1zJTgV,0.551,134,3306,6479.13,0.026,48.1,160.0,"gmgn,smart_degen",
2026-06-27,7d2YoZjq2BLvNDbuFxLhKPkvsNNTmgPVpCnXJBA3HLJP,0.66,93,1108,35598.76,0.151,457.91,26.0,smart_degen,
2026-06-27,GbjBEYb3zSDutaBPSoRm9YjoH594NWhTF5rrxR3mSVZC,0.643,27,1634,1388.04,0.007,14.12,477.0,"axiom,smart_degen",
2026-06-27,hnu69n6P5CgYXCtUKii9wgamqtDeTVHY3TVJ6HKt7wC,0.811,654,2157,31132.93,0.021,15.84,276.0,"padre,smart_degen",
2026-06-28,DZcyYa9aPRFnbkDPn3HYvfpiRH9GBz3EjTB5fLjk8Vge,0.435,19,8403,10151.1,0.016,353.52,39.0,smart_degen,
2026-06-28,5wTqTAZSGWu9ra1a2kDUXfozUw4RHDsrQyTPquqwErkZ,0.444,199,222,2041.26,0.96,14.6,144.0,"gmgn,padre,smart_degen",
2026-06-28,4U9s6ktkZVD6W9K5X1RRVG89Mm9ZGznrPhhPhXezNedm,0.514,30,1136,4024.67,0.019,5.39,61.0,"gmgn,smart_degen",
2026-06-28,CEq8qbEpk2sWr7Pi7T8kXScWUaM6NmCJCCdni1uortz5,0.506,25,4198,3495.04,0.013,4.22,23.0,smart_degen,
2026-06-28,Hh51PcwzQjH5oJWEdhr9F42riCEeWKW2JfH7FJxeXjzn,0.401,7,818,2007.35,0.052,0.02,16.0,"padre,smart_degen",
2026-06-28,C4VC2yeHWbSFwUNQ9DPMzxNCfvgptAb6k2vLjo1zJTgV,0.552,136,3302,5516.8,0.022,40.18,161.0,"gmgn,smart_degen",
2026-06-28,Voz1WsPXKxEsbtfWjg9wEwL14irmA2oYCAcMcL4x1Ex,0.523,3,509,1384.55,0.025,29.0,6.0,"fresh_wallet,smart_degen",
2026-06-28,13MQs9BqNywZ89md4BFnYuCZ5NB2dptqX3svW8PYnBje,0.454,51,2144,2943.78,0.074,2.43,124.0,"axiom,smart_degen",
2026-06-28,FZMAShYDFq8dzB2Puv5Y632V9QUboYbxJ14MfrSpLdUh,0.423,14,2555,2961.23,0.041,1.44,17.0,"axiom,fomo,smart_degen",
2026-06-28,6KuCbkFJxq7JinaiiQhsQWQHqty7U77neot7yKGVJm7v,0.421,51,569,3605.79,0.065,14.8,64.0,"axiom,gmgn,padre,smart_degen",
2026-06-28,2MgTcnmVrLpUxiHJiEByvaoKTNTReBDvghf8CgL4hmBC,0.51,15,815,2665.58,0.048,1.28,43.0,"gmgn,smart_degen",
2026-06-28,CHaDm47iDzKGjmpTSHjtEvDURZEnFyBDvdUrEjCSVJjk,0.438,56,1516,9319.14,0.037,23.14,26.0,"axiom,smart_degen",
2026-06-28,G8u4mJ4UnkR41ogiHEzmw1pcnHw7xZE6eyU7QNRQtirq,0.556,97,122,19423.42,0.585,0.56,246.0,"fomo,smart_degen",8radly
2026-06-28,GbjBEYb3zSDutaBPSoRm9YjoH594NWhTF5rrxR3mSVZC,0.639,29,1709,1369.22,0.006,8.96,478.0,"axiom,smart_degen",
2026-06-28,4ttvrkfCQZD2Uhzjnmctf4Ldjj86eiaN22UCVfKnX9Px,0.574,3,254,1649.47,0.065,29.33,487.0,smart_degen,
2026-06-28,DYzEteqb4iWkaUMpfsC9FfFvFCEE3z27bpJbQJKjyLcg,0.333,13,756,10293.7,0.148,170.69,18.0,"gmgn,smart_degen",
2026-06-28,8cPYWE3Fq4KKZBtm1DCZHSEFtLkBiU4o7mtP8JSNGQEA,0.398,42,715,9689.7,0.145,152.72,26.0,"gmgn,smart_degen",
2026-06-28,HbGw2sgZwhJEENeCEqGnABLBqG8nUR71vzabFLAYceuv,0.368,20,761,9277.06,0.13,161.41,18.0,"gmgn,smart_degen",
2026-06-28,EUj7KUbkMMhfs5yCajaFWx1BvX4HdfGgrdyWjaY42yp7,0.756,42,217,7871.11,0.339,103.75,42.0,"padre,smart_degen",
2026-06-28,5uez2R1fXyJ6YW1wVPqFoEq91WJufuWceVQy647qVYHF,0.744,132,1002,22059.78,0.048,356.35,84.0,smart_degen,
2026-06-28,EokUVZ8ixAvMcLgQ7wQxTJxd4JC5WfQWeFabfZhVrVFY,0.456,174,1738,19208.21,0.093,11.09,502.0,smart_degen,
2026-06-28,Hd5wMoiypHWRQmkus5SHu6ECH27fXVqkhg3d5rGhvLAL,0.683,131,4963,8154.18,0.017,0.23,41.0,smart_degen,
2026-06-28,GAAcxw3qcRmQTzm34UGQLz6q5V33Wk7vyugMPWXZKAbn,0.733,93,2407,6966.17,0.037,2.18,15.0,smart_degen,
2026-06-28,AZw5jyPyPxHNYvio8GrmgrUEwTcyeeT36Sd2i2Jc5bDR,0.453,9,614,1908.89,0.032,0.41,7.0,"fomo,fresh_wallet,smart_degen",
2026-06-29,BCagckXeMChUKrHEd6fKFA1uiWDtcmCXMsqaheLiUPJd,0.303,27030,13262,-246.13,-0.001,237.4,62.0,"axiom,bullx,gmgn,top_renamed,wash_trader",vibed333
2026-06-29,BnNMkMRhQmAd56KPN9141ULX9HhPmQrkSzYxr8CCPbyX,0.336,10,1835,3693.57,0.021,0.47,23.0,"axiom,smart_degen",
2026-06-29,8NsfpmaZCjGqFRr6kvZgCe3buAqBzA3m8v9nY6NW2anL,0.318,3,1752,2962.1,0.025,27.42,6.0,"axiom,fresh_wallet,smart_degen",
2026-06-29,C4VC2yeHWbSFwUNQ9DPMzxNCfvgptAb6k2vLjo1zJTgV,0.527,140,3214,4771.36,0.02,18.39,162.0,"gmgn,smart_degen",
2026-06-29,ugwYXiNY7LBgW8rxmaBPVu4HY2kkgCutkjSJpwsgcjV,0.45,10,857,-1443.39,-0.028,8.11,17.0,"axiom,smart_degen",
2026-06-29,2bsnmSj4y5CmQpJski8aS5QirQHsh5yDdENGmCH6BFWj,0.448,15,536,1714.74,0.054,5.04,11.0,"axiom,smart_degen",
2026-06-29,CEq8qbEpk2sWr7Pi7T8kXScWUaM6NmCJCCdni1uortz5,0.509,28,4429,3554.54,0.013,6.29,24.0,smart_degen,
2026-06-29,4AJPp5BnqJwy4na2vroHNnyH5naqmwb3rMRYiDFWi4HW,0.312,28,2466,2516.34,0.066,4.98,118.0,"axiom,smart_degen",
2026-06-29,DZcyYa9aPRFnbkDPn3HYvfpiRH9GBz3EjTB5fLjk8Vge,0.437,20,8404,9349.48,0.015,284.33,40.0,smart_degen,
2026-06-29,GAAcxw3qcRmQTzm34UGQLz6q5V33Wk7vyugMPWXZKAbn,0.724,96,2617,6876.35,0.034,19.77,16.0,smart_degen,
2026-06-29,CZjxED3uVrU4MaNqkbw6jsVQfCTjb8ctenJfJGBpYJi,0.382,76,4576,5319.34,0.059,0.0,131.0,"axiom,smart_degen",
2026-06-29,555CVoLLYrmo6KREkqrtpCeBBk2WjmYpYMjbQWvygCqF,0.688,167,4316,10026.29,0.029,19.8,33.0,smart_degen,
2026-06-29,Ay1pyfhZX7SVrHdgF2ExC5JgPqLoG5maDd5azrfwDvbh,0.514,241,6393,7349.08,0.025,5.41,433.0,"axiom,smart_degen",
2026-06-29,DaKSn9Vy7pbnwuTkW1LNsd5hXskjWbjNVuXjGpNsQCLb,0.577,15,1141,3026.72,0.039,27.28,,smart_degen,
2026-06-29,CHaDm47iDzKGjmpTSHjtEvDURZEnFyBDvdUrEjCSVJjk,0.437,58,1650,10700.56,0.039,31.89,27.0,"axiom,smart_degen",
2026-06-29,4aXiYtgv35ZTNxEz8x2iCmdobWPrJ8dx5GL1R13jWwjy,0.435,20,118,8856.34,0.583,0.05,76.0,smart_degen,
2026-06-29,3JpJ1HaiLLPqhn2WLDozqWhuAjaBnQkxdLEahrvjX8Gc,0.478,11,106,6274.72,0.453,0.05,76.0,smart_degen,
2026-06-29,hnu69n6P5CgYXCtUKii9wgamqtDeTVHY3TVJ6HKt7wC,0.808,673,2192,33206.34,0.021,15.26,278.0,"padre,smart_degen",
2026-06-29,991Mi3sGxGCxVsBnRTYBGwxKxNXxMksyMFo85cqxsuML,0.291,36,493,5119.48,0.139,17.81,65.0,"padre,smart_degen",
2026-06-29,EUj7KUbkMMhfs5yCajaFWx1BvX4HdfGgrdyWjaY42yp7,0.747,52,266,8087.44,0.281,47.86,43.0,"padre,smart_degen",
2026-06-29,8Kie3Pa5aKpFyyUJw9m5DtNBPjGFfksZDFcZnfuhcti6,0.458,7,47,2482.42,0.283,5.75,9.0,"axiom,fresh_wallet,smart_degen",
2026-06-29,AGcexQ1QEoN8aFxZV8mwXQ6DaxAbaGmmxbsy3zFJDKtc,0.892,223,721,6434.02,0.085,21.65,207.0,"axiom,padre,smart_degen",
2026-06-30,JCXdWz4aRo4qHJ1W867SVCQe1HRiP3J6gCWs27pUAXzG,0.423,9,2044,5020.81,0.023,4.29,6.0,"axiom,fresh_wallet,smart_degen",
2026-06-30,Bw1mpBY7GnaHZifCNqYca4xtgRbuNrTbmHdAbY3Qn7Nz,0.381,45,163,11370.72,0.33,10.92,283.0,smart_degen,
2026-06-30,CHaDm47iDzKGjmpTSHjtEvDURZEnFyBDvdUrEjCSVJjk,0.431,59,1723,10456.22,0.036,27.04,28.0,"axiom,smart_degen",
2026-06-30,BouYtfc61DUZ3AhtMXdkHviohLUbfxcjdsZtQCAg364f,0.337,2,567,2552.28,0.06,42.99,4.0,"fresh_wallet,padre,smart_degen",
2026-06-30,5BxootbxVKu7uYLRRusSD7GR5srM3iHFfBE6rr5eRXb4,0.324,171,3217,41532.39,0.1,186.76,30.0,"axiom,smart_degen",
2026-06-30,7wiEWKeG7sFUNh1TgujwCa9cmJtSSE4mNLDde7knjoeE,0.353,369,1555,6562.63,0.088,1.84,492.0,"axiom,bullx,padre,smart_degen",
2026-06-30,8LUtQLSVoKewkXXHSsWJA9sio9cH7Q4hSfKVm5cRk7QY,0.674,170,1695,3389.75,0.027,493.62,443.0,"axiom,smart_degen",
2026-06-30,AZw5jyPyPxHNYvio8GrmgrUEwTcyeeT36Sd2i2Jc5bDR,0.465,11,829,3679.97,0.042,0.22,9.0,"fomo,smart_degen",
2026-06-30,CEq8qbEpk2sWr7Pi7T8kXScWUaM6NmCJCCdni1uortz5,0.514,26,4638,3512.83,0.012,7.39,25.0,smart_degen,
2026-06-30,qniX4Yn2TTr8B3d9ujNEFu8MScbHBHRsH67EjzCpQHw,0.4,9,870,4047.51,0.103,38.64,7.0,"axiom,fresh_wallet,smart_degen",
2026-06-30,Ay1pyfhZX7SVrHdgF2ExC5JgPqLoG5maDd5azrfwDvbh,0.515,246,6800,9453.84,0.028,59.48,434.0,"axiom,smart_degen",
2026-06-30,6FpZdYmBtbXCCAYUpAJ6qE812wz87tcEyRvTUa8U5Nsd,0.646,117,1335,20932.98,0.042,50.28,18.0,"axiom,smart_degen",
2026-06-30,8a7wfr6mZjoNdBWi3Vvezy6n1Tt61LffpHNrGyTpuQji,0.493,0,584,1412.53,0.072,0.29,7.0,"axiom,fresh_wallet,smart_degen",
2026-06-30,7TSA8mGiB5j97j9Kcpam8okoj2CwzBdF5NtiGKJQMQZG,0.425,2,734,1584.81,0.064,0.39,9.0,"axiom,smart_degen",
2026-06-30,2XbwqRgdHNMYYowGDCLC62kfFoJwA8Qap7ff2Jp7M58N,0.338,85,151,6460.58,0.202,9.82,243.0,smart_degen,
2026-06-30,FpwkMYGqiuQFUzHgwhaNnpm4b7Zu17EKZbrBaJEGsDae,0.348,1,2295,2411.41,0.045,17.9,16.0,smart_degen,
2026-06-30,6msXZdBsgkyMi5CsLxb2wuRMHPzW3egEpg7W2TeDVmGW,0.317,21,712,24694.36,0.223,113.86,6.0,"axiom,fresh_wallet,smart_degen",
2026-06-30,FLiYfD2z5NRpCuBg2hx6zM4UooVtvtD6ssQFUNpuPGEQ,0.702,148,1982,20137.85,0.057,141.72,36.0,smart_degen,
2026-06-30,3y3cinoSEo9QuzxmfWm8AKcYJC4owTgdd3GRDhGn9YcG,0.462,3,422,4355.57,0.176,12.52,119.0,smart_degen,
2026-06-30,2oYNaFL8ZAy8kKKEBZ6uHY2aCMdujk7LG7ggX2Fm3zBa,0.33,661,651,26838.24,0.112,61.4,229.0,"axiom,gmgn,smart_degen",makupnl
2026-06-30,8FiuwM6FmVKmBLCaJ6QcNScnVw4NuNs7Tt4Skf91saF8,0.723,1665,465,51064.95,0.793,20.66,316.0,"axiom,padre,smart_degen",
2026-06-30,9RSrF7RAW2a17YKSsdy33EWCq19jLtoWGVeUKvPiEB4N,0.354,162,151,6575.87,0.253,3.85,303.0,smart_degen,
2026-07-01,AzWnNS9isJR9HZ6WAEAUwqVMu5SAwHsPNmrmEVCroyMS,0.508,136,6734,7841.85,0.014,4.32,64.0,"axiom,gmgn,smart_degen",
2026-07-01,13MQs9BqNywZ89md4BFnYuCZ5NB2dptqX3svW8PYnBje,0.442,53,2136,3186.56,0.082,2.95,127.0,"axiom,smart_degen",
2026-07-01,FLiYfD2z5NRpCuBg2hx6zM4UooVtvtD6ssQFUNpuPGEQ,0.703,159,2105,23780.41,0.066,136.51,37.0,smart_degen,
2026-07-01,7fV3dWwDm2UNiSjB6YGtjsAePRfMW3N8h8HmozbQHnAy,0.433,16,3593,2175.34,0.009,4.03,26.0,smart_degen,
2026-07-01,GWM5CZhJ8CppvLC7JGMhcK4DHbK2x6jJp9i34puczZDc,0.605,38,4184,1878.28,0.013,14.89,48.0,smart_degen,
2026-07-01,CEq8qbEpk2sWr7Pi7T8kXScWUaM6NmCJCCdni1uortz5,0.503,28,4864,3377.86,0.011,2.75,26.0,smart_degen,
2026-07-01,BCagckXeMChUKrHEd6fKFA1uiWDtcmCXMsqaheLiUPJd,0.304,27101,12235,-3347.13,-0.006,251.23,64.0,"axiom,bullx,gmgn,top_renamed,wash_trader",vibed333
2026-07-01,DmQHhGGxQRhZzW3xnNWu3yDtNCpLcqQvQXa7RzWauJYa,0.315,130,2297,4390.91,0.027,5.64,609.0,smart_degen,
2026-07-01,GC2ugRit4gEu7HqZpTxt9d7kxXxS7JSwFYNM3PHYH1Qg,0.521,35,5494,976.06,0.009,4.97,92.0,smart_degen,
2026-07-01,5BxootbxVKu7uYLRRusSD7GR5srM3iHFfBE6rr5eRXb4,0.322,194,3424,48354.45,0.109,255.18,31.0,"axiom,smart_degen",
2026-07-01,AeQBRZzFrnjj6yLJ3FkNHoE2Bwt52qBpS54ceAgjdeZs,0.322,25,371,5820.49,0.083,40.5,13.0,"axiom,smart_degen",
2026-07-01,Hh51PcwzQjH5oJWEdhr9F42riCEeWKW2JfH7FJxeXjzn,0.396,10,1038,5050.63,0.086,0.02,19.0,"padre,smart_degen",
2026-07-01,FCgDhFHrwS5M6LQrKt1TJ21YpF1t8Dx4KxNytbMT2KVN,0.495,66,423,2639.16,0.095,17.3,334.0,"axiom,smart_degen",
2026-07-01,CHaDm47iDzKGjmpTSHjtEvDURZEnFyBDvdUrEjCSVJjk,0.423,69,1911,12941.24,0.039,28.24,29.0,"axiom,smart_degen",
2026-07-01,4U9s6ktkZVD6W9K5X1RRVG89Mm9ZGznrPhhPhXezNedm,0.52,35,1280,4382.09,0.018,3.23,64.0,"gmgn,smart_degen",
2026-07-01,6dtUFfjQfQ35tkwGRMs3NFsF9sYn3mRV4UtGaC4uBh8J,0.341,7,363,3415.23,0.109,46.37,63.0,"axiom,smart_degen",
2026-07-01,FHgfsbUcqdd9iXY75yN2KErCnVsxNYwo486nYzFuTVc8,0.35,7,302,2430.62,0.09,37.93,31.0,"axiom,smart_degen",
2026-07-01,Hd5wMoiypHWRQmkus5SHu6ECH27fXVqkhg3d5rGhvLAL,0.693,146,4930,8233.25,0.017,0.24,44.0,smart_degen,
2026-07-01,2vCGDcmkcAm2xUzeuSap9c2MvzK5cFH7QJ1puesXRY8x,0.656,32,501,2928.11,0.104,17.6,18.0,"axiom,smart_degen",
2026-07-01,hnu69n6P5CgYXCtUKii9wgamqtDeTVHY3TVJ6HKt7wC,0.809,704,2220,33352.1,0.021,15.76,280.0,"padre,smart_degen",
2026-07-01,HhGwhBNHNgtSSBhzexejDGyRuvQNxeiPEEeqGUxmAkB3,0.323,7,334,4853.32,0.143,0.02,289.0,"padre,smart_degen",
2026-07-02,3UpkoNtfywvqrUmUaNpGi6rVhtL7EvsboRh8374op5xx,0.718,60,3570,2635.95,0.062,39.97,278.0,"axiom,padre,smart_degen",
2026-07-02,FLiYfD2z5NRpCuBg2hx6zM4UooVtvtD6ssQFUNpuPGEQ,0.716,168,2122,24224.74,0.067,141.17,38.0,smart_degen,
2026-07-02,5uez2R1fXyJ6YW1wVPqFoEq91WJufuWceVQy647qVYHF,0.742,139,1201,23475.69,0.043,444.46,88.0,smart_degen,
2026-07-02,hnu69n6P5CgYXCtUKii9wgamqtDeTVHY3TVJ6HKt7wC,0.806,709,2203,39289.61,0.025,15.7,281.0,"padre,smart_degen",
2026-07-02,CEq8qbEpk2sWr7Pi7T8kXScWUaM6NmCJCCdni1uortz5,0.505,32,5006,3599.69,0.011,6.16,27.0,smart_degen,
2026-07-02,CRehX3UNi4MyyQagMz7MyfiWrN9ZynE6v2eNZ2ffrPD1,0.518,44,3797,7659.55,0.051,20.86,155.0,smart_degen,
2026-07-02,5JswvranX5XMtMAhAqFBCYnGiJS2hmyFrCtVkfwUa56e,0.653,79,93,2762.66,0.3,13.53,211.0,"axiom,fresh_wallet,smart_degen,trojan",
2026-07-02,BfCP1ncxu7ZWp4B6TvQEcXGVSCiM2LhAzyYjG7zWyKdY,0.533,10,1575,10655.95,0.061,12.86,145.0,"axiom,smart_degen",
2026-07-02,2dUXoXcKRQLH2yRkatZipp52cLxvnZ81neWQisLTDNph,0.611,58,338,2610.05,0.053,3.92,153.0,"axiom,smart_degen",
2026-07-02,FkwgLV7bTkUAvq4gg9Qj3UdH73uwHD9GDmHmqtcuEcyX,0.342,9,105,6233.92,0.484,138.93,9.0,"axiom,smart_degen",
2026-07-02,D2AMrLUWS1KX7nUTJdMfaxBmdXBTYUwCTadNJv7mrdN8,0.427,10,3064,6353.4,0.035,65.21,45.0,"axiom,smart_degen",
2026-07-02,7fV3dWwDm2UNiSjB6YGtjsAePRfMW3N8h8HmozbQHnAy,0.443,16,3811,2328.15,0.009,2.72,27.0,smart_degen,
2026-07-02,77XV9rBiwk6WAXjzTWiwtCQfmB6CXsw1j7Kp3G5xUyez,0.355,85,1651,2747.86,0.039,49.74,121.0,"axiom,padre,smart_degen",
2026-07-02,Grvuaqqiv3XYD44GQv5WQ2Un7aeT5CvhGN3aY9akzgK,0.452,16,141,12832.63,1.156,0.03,,smart_degen,
2026-07-02,AZw5jyPyPxHNYvio8GrmgrUEwTcyeeT36Sd2i2Jc5bDR,0.461,11,1091,4191.74,0.036,0.1,11.0,"fomo,smart_degen",
2026-07-02,2xLWR1UQXmo9wugLuet9fqM22kxSHDaSwTGRvEo8VMn2,0.468,5,254,2211.12,0.124,6.27,9.0,"axiom,fresh_wallet,smart_degen",
2026-07-02,991Mi3sGxGCxVsBnRTYBGwxKxNXxMksyMFo85cqxsuML,0.309,41,468,4802.57,0.139,9.04,68.0,"padre,smart_degen",
2026-07-02,sss1xvCPpn1EXoaWDW9fw9cwJHZgHvDUCmcvtvUyM7E,0.331,32,3309,13340.25,0.094,78.55,29.0,"axiom,padre,smart_degen",
2026-07-02,qniX4Yn2TTr8B3d9ujNEFu8MScbHBHRsH67EjzCpQHw,0.382,20,1303,6803.49,0.104,62.94,9.0,"axiom,smart_degen",
2026-07-02,CMkDGqxGDvuDiBr4TU1AhZQmhuqZfFLXb1WkYmQhd4mb,0.631,19,2688,1598.93,0.017,31.79,24.0,smart_degen,
2026-07-02,JXNpGnH1X971eACRX99TJzUJ8KWqBQb1YQgettg1boz,0.51,51,531,2757.24,0.057,19.08,66.0,"axiom,smart_degen",
2026-07-02,SupRAxJybdbv68r1PDXDq9LWKgdzLsmPwiyj41RM5SF,0.598,257,2137,5409.9,0.028,3.41,360.0,smart_degen,
2026-07-02,D5nwCbBJ5FwvYkLXktQv8RxCMv1uMnH47sXAzykYDUMP,0.306,5,185,9143.75,0.327,4.35,8.0,"axiom,fresh_wallet,photon,smart_degen",
2026-07-02,WeNFTDvHrcnQE7guovDRYTHxfv4cBBuAqqFokRgmbG1,0.379,11,131,3858.74,0.182,25.71,158.0,smart_degen,
2026-07-02,2oYNaFL8ZAy8kKKEBZ6uHY2aCMdujk7LG7ggX2Fm3zBa,0.348,684,807,36982.93,0.113,141.27,231.0,"axiom,gmgn,smart_degen",makupnl
2026-07-03,SupRAxJybdbv68r1PDXDq9LWKgdzLsmPwiyj41RM5SF,0.593,262,2175,5198.2,0.025,0.47,361.0,smart_degen,
2026-07-03,3ArHvdGs1v9gdwNEMRJihHfRUnwfFkYjtzcdSBD3cDdJ,0.549,27,1702,4481.37,0.047,15.42,156.0,"axiom,gmgn,padre,smart_degen,trojan",
2026-07-03,5bvKKEVpC6m8JAccHuw6Cb4PT4KETttv7Q9HNHWsQyyZ,0.332,849,2794,17704.42,0.082,50.82,66.0,"axiom,smart_degen",
2026-07-03,2gcfHaxYV3KrkaniDYFoR8eNpboL5fH2PpK2vBm3Xgon,0.438,65,240,15907.21,0.321,17.19,431.0,"axiom,gmgn,smart_degen",PEEWEE3333
2026-07-03,6BicaqePAEUii4FQPijYmorjyTAZYrz7iA2WTdg2HGNT,0.658,33,279,16203.57,0.245,106.12,77.0,"axiom,padre,smart_degen",
2026-07-03,1337tfZ2aYuCEY14XWz5d1bnYkSyREuwM5DaPBeaqKKo,0.616,24,4035,2743.03,0.017,6.97,165.0,"axiom,padre,smart_degen",
2026-07-03,9d1XVVe34kaB5AVBvdk5o13nRCfX5vUNEq4wmWr4sg25,0.304,9,2527,13910.28,0.1,21.76,46.0,"axiom,smart_degen",
2026-07-03,2TLEG5x8QrG7npMjgd9Ue5W8BgubCpsBkv9JQ56kReHW,0.411,18,454,12914.48,0.256,14.92,462.0,"photon,smart_degen",
2026-07-03,GvmgmxkE7ed9b74YigRuNeAS6rSnpCAUbjtK4Wc8ed4S,0.429,533,3267,65496.5,0.147,168.02,547.0,"axiom,gmgn,photon,smart_degen",
2026-07-03,D3C1Lh9x88kTBdysNiZ7QRfYZTC8T5u1Sjj7f7G64Bah,0.315,418,2508,15487.86,0.106,143.1,435.0,"axiom,smart_degen",
2026-07-03,2oYNaFL8ZAy8kKKEBZ6uHY2aCMdujk7LG7ggX2Fm3zBa,0.345,697,853,39544.27,0.113,62.18,232.0,"axiom,gmgn,smart_degen",makupnl
2026-07-03,4FcpobdBuXZLCiYKhm9nmzhiguFjzqe6eGQ7kanqoDFE,0.739,24,315,3445.61,0.235,2.82,22.0,"smart_degen,trojan",
2026-07-03,G4dZH7s2KZz1DJk1eJcsAAmMqtPrmeT2dbgrz5UNMYxq,0.387,52,3409,15688.73,0.084,72.67,93.0,"axiom,smart_degen",
2026-07-03,BfCP1ncxu7ZWp4B6TvQEcXGVSCiM2LhAzyYjG7zWyKdY,0.534,15,1657,11405.75,0.063,19.6,146.0,"axiom,smart_degen",
2026-07-03,D2AMrLUWS1KX7nUTJdMfaxBmdXBTYUwCTadNJv7mrdN8,0.426,11,3327,6394.35,0.032,85.6,46.0,"axiom,smart_degen",
2026-07-03,D36rVP4h6moJ1f41iyNXXRipxpJnuEZcfJDEYEFBDfSj,0.436,11,3291,13762.46,0.055,32.64,36.0,"padre,smart_degen",
2026-07-03,Bg8S899R2r5g7qy3zdoyFnZqvBCDt338qP8mbGNZXVxB,0.483,188,2225,6214.22,0.021,31.66,204.0,"axiom,padre,smart_degen",
2026-07-03,9fpUmh3Tv3UCdeHLyq3o4QhkTBu5XAbEiKP9FtGaSndb,0.491,818,3112,15338.59,0.031,69.38,551.0,"axiom,bullx,padre,smart_degen",
2026-07-03,2nhqxaPjXQM7jmGP4pk4D5gXdmPtAbZGnNBGDcyqHS73,0.603,82,797,4211.14,0.035,44.33,242.0,"axiom,smart_degen",
2026-07-03,HLZ3wicHLAAj9adoAZtwKpRZvjmCdwVRZddsdN2hDUs7,0.518,122,579,3075.39,0.04,39.61,484.0,"axiom,smart_degen",
2026-07-03,qniX4Yn2TTr8B3d9ujNEFu8MScbHBHRsH67EjzCpQHw,0.371,19,1455,6670.68,0.09,52.62,10.0,"axiom,smart_degen",
2026-07-03,AyDZfBXqcUaashtLvquaiHgpwYL7eqRXgB3fexHGvf37,0.424,19,3340,15117.57,0.058,33.6,36.0,"padre,smart_degen",
2026-07-03,G8JiF92gwGRX4GxpUBs7KskQ4vyUfK7neNG7qPnJv4Ry,0.444,8,715,3082.34,0.096,7.16,342.0,"axiom,smart_degen",
2026-07-03,Hk8e3jvYNTGTobcCNv7LG7py7DStLJqPJ1cYTbhKuaWf,0.447,10,677,6182.37,0.085,2.01,16.0,"axiom,gmgn,smart_degen",
2026-07-03,729t4TQ3MLci2JamzdXvtaZH4JjJYp2dbXvYHC65XWGu,0.299,7,866,4120.63,0.124,22.5,4.0,"axiom,fresh_wallet,smart_degen",
2026-07-03,KAYAzRt3SN9bcnWHTKjHboe9PjkRiBFTpYCLQ8xrLSk,0.458,33,740,5910.48,0.098,17.8,23.0,"axiom,smart_degen",
2026-07-04,D36rVP4h6moJ1f41iyNXXRipxpJnuEZcfJDEYEFBDfSj,0.433,19,3397,13673.95,0.052,19.23,37.0,"padre,smart_degen",
2026-07-04,AyDZfBXqcUaashtLvquaiHgpwYL7eqRXgB3fexHGvf37,0.429,21,3382,14630.92,0.055,21.62,37.0,"padre,smart_degen",
2026-07-04,74XXc63ckj3TJHhxw2ett6Qa3Gm5su7fPUHRa7VgK1nN,0.451,13,1196,4049.32,0.046,40.46,246.0,"axiom,smart_degen",
2026-07-04,G5JF87vKfuMMVs74LkeqjL2AFVUnQKjjSuesG5wo8qtG,0.471,11,593,3031.09,0.064,40.56,70.0,"axiom,smart_degen",
2026-07-04,4FcpobdBuXZLCiYKhm9nmzhiguFjzqe6eGQ7kanqoDFE,0.769,33,326,3992.83,0.238,21.03,23.0,"smart_degen,trojan",
2026-07-04,qniX4Yn2TTr8B3d9ujNEFu8MScbHBHRsH67EjzCpQHw,0.36,23,1620,6487.76,0.08,39.33,11.0,"axiom,smart_degen",
2026-07-04,9d1XVVe34kaB5AVBvdk5o13nRCfX5vUNEq4wmWr4sg25,0.31,10,2447,13347.53,0.097,7.59,47.0,"axiom,smart_degen",
2026-07-04,1337tfZ2aYuCEY14XWz5d1bnYkSyREuwM5DaPBeaqKKo,0.619,26,3979,2821.81,0.017,6.71,166.0,"axiom,padre,smart_degen",
2026-07-04,6X21Z6z4Awbfekhna746LgUmExaS1CgrhaypH69ats6X,0.342,7,953,3872.24,0.062,11.22,6.0,"axiom,fresh_wallet,smart_degen",
2026-07-04,FFEjC9MHhpQViBPrD2iU6LmV2hEigyhLJaL7MZUZzyD4,0.581,846,283,11934.91,0.157,69.79,394.0,"axiom,smart_degen",
2026-07-04,EW1BMaF3AUnu9anjUmu8p3EY5F33ZhMESi7V2DJHNgNw,0.567,692,282,12119.69,0.157,71.44,433.0,"axiom,smart_degen",
2026-07-04,THXcGyTMLSKWmvpDpdgL8G224xfMXksCfA29LBoJfUJ,0.549,590,282,12353.77,0.163,66.23,444.0,"axiom,bullx,smart_degen",
2026-07-04,AgiGpUAF25B7NL9u8byDcptPcYWi4eFU4kjtcRtaMmdQ,0.367,45,1270,7781.0,0.037,40.41,46.0,"axiom,smart_degen",
2026-07-04,Hh51PcwzQjH5oJWEdhr9F42riCEeWKW2JfH7FJxeXjzn,0.401,16,1202,6056.18,0.084,0.02,22.0,"padre,smart_degen",
2026-07-04,8XaG4UZtnoYRmwNRoJLQkygL8zheojre48qrVijZMRsX,0.418,24,3364,11376.34,0.046,24.65,37.0,"padre,smart_degen",
2026-07-04,FtH3TUgM5A7PtGivytWWdj3xVj1dv8itqTdqLTgL9vbR,0.446,11,348,1346.58,0.035,3.98,250.0,"axiom,smart_degen",
2026-07-04,DPwH9aWrYGSBqMiPNLMW4Hti1k1xgq64t781eycfLCp5,0.644,140,3865,5316.14,0.014,8.67,384.0,"axiom,padre,smart_degen",
2026-07-04,BCagckXeMChUKrHEd6fKFA1uiWDtcmCXMsqaheLiUPJd,0.305,27270,13265,1111.86,0.002,291.84,67.0,"axiom,bullx,gmgn,wash_trader",vibed333
2026-07-04,7q15WZ4iSUDvqfs5Kdh9bfptkQhs6qKUyCUq6GY6PGxg,0.669,439,1899,4922.91,0.02,5.21,611.0,"axiom,smart_degen",
2026-07-04,2oYNaFL8ZAy8kKKEBZ6uHY2aCMdujk7LG7ggX2Fm3zBa,0.344,706,866,37667.64,0.104,63.23,233.0,"axiom,gmgn,smart_degen",makupnl
2026-07-04,Bg8S899R2r5g7qy3zdoyFnZqvBCDt338qP8mbGNZXVxB,0.483,191,2271,6160.56,0.02,18.2,205.0,"axiom,padre,smart_degen",
2026-07-04,FskgHQ5a3H7cMLjkfAtzyb2UboQbF5iBx6qxTGWUqjF5,0.469,242,475,17206.45,0.232,86.42,183.0,"axiom,padre,smart_degen",
2026-07-04,CaR3ZKSL23vLqPj8dRHB9om6wXoyPJvKwPodYkkW8eog,0.413,8,453,2513.32,0.042,13.96,55.0,"axiom,smart_degen",
2026-07-04,GDZDbpouxosbbm1bonNbE1uQ7DYMZB3q15bkDwe9AFUq,0.471,23,1685,1275.7,0.035,15.2,379.0,"axiom,smart_degen",
2026-07-04,G4LFjeKUXeTFJteeSCLCdEmxdWr4nGKzKdXtK9u8N7MJ,0.471,52,314,4214.29,0.227,8.69,8.0,"fresh_wallet,gmgn,smart_degen",
2026-07-04,DY4tAwMkz6v1KrYkXZNAeyjPNubepmmUZnpPr1fLRoWe,0.349,49,619,2189.8,0.1,7.76,162.0,"gmgn,padre,smart_degen",
2026-07-05,CNQHDwLNz7JeM8iSKkHFFZJ9xNt4cwEVhEsgQS1KdGn8,0.683,19,871,1880.01,0.024,20.3,252.0,"photon,smart_degen",
2026-07-05,CuNkUCH3zbDNaDdmAcf19ER2py1GExQ6c9gUdL21582d,0.575,6,714,4831.2,0.041,0.08,,"fomo,smart_degen",
2026-07-05,qniX4Yn2TTr8B3d9ujNEFu8MScbHBHRsH67EjzCpQHw,0.362,26,1709,7049.21,0.081,46.8,12.0,"axiom,smart_degen",
2026-07-05,4FcpobdBuXZLCiYKhm9nmzhiguFjzqe6eGQ7kanqoDFE,0.759,56,337,4106.84,0.228,22.36,24.0,"smart_degen,trojan",
2026-07-05,4xUk6DQXLW7cSwjwKpkT2yptryprdHBqeJrZuJQZszXa,0.479,21,156,3798.35,0.266,37.97,52.0,"axiom,smart_degen",
2026-07-05,8a7wfr6mZjoNdBWi3Vvezy6n1Tt61LffpHNrGyTpuQji,0.475,8,990,3274.15,0.087,2.96,12.0,"axiom,smart_degen",
2026-07-05,AutGs6XGfH3rx8aniwDyon57ccDoFwEhzP3vWZDcgmeh,0.448,7,867,4811.69,0.135,4.06,69.0,"axiom,smart_degen",
2026-07-05,BmqMU1i8wnWW3qZQybYiGjWHzHoJWYVnULX8xGkvR19W,0.498,15,8755,954.92,0.006,34.1,70.0,smart_degen,
2026-07-05,5y11mwVaSxvhhgbMR9HUigDQeAT3gpd3styihy2sSm8f,0.524,4,123,628.15,0.062,2.94,244.0,"axiom,smart_degen",
2026-07-05,G4LFjeKUXeTFJteeSCLCdEmxdWr4nGKzKdXtK9u8N7MJ,0.496,64,371,4998.56,0.219,11.71,9.0,"gmgn,smart_degen",
2026-07-05,CjnRcJWKG4wR7eh1TMVmqBce4NpEg5crUs5oav8ye1wF,0.346,77,1099,23095.72,0.185,11.24,25.0,"axiom,smart_degen",
2026-07-05,2jT7VsXGsAZkT9zDLT9yD64tAfiFUDhgjyHrSCj7cJKd,0.374,129,1118,30558.77,0.236,9.57,34.0,"axiom,smart_degen",
2026-07-05,KAYAzRt3SN9bcnWHTKjHboe9PjkRiBFTpYCLQ8xrLSk,0.455,41,822,7770.31,0.107,39.77,25.0,"axiom,smart_degen",
2026-07-05,FkwgLV7bTkUAvq4gg9Qj3UdH73uwHD9GDmHmqtcuEcyX,0.398,11,175,7038.49,0.363,47.37,12.0,"axiom,smart_degen",
2026-07-05,93fjdwW7S3Aw4TkrnMzy51sZ5pP4ArpvtmFYujNyDVgH,0.6,25,708,16685.02,0.066,5.08,68.0,"fomo,padre,smart_degen",
2026-07-05,Bg8S899R2r5g7qy3zdoyFnZqvBCDt338qP8mbGNZXVxB,0.485,190,2256,4303.76,0.014,8.71,206.0,"axiom,padre,smart_degen",
2026-07-05,3ArHvdGs1v9gdwNEMRJihHfRUnwfFkYjtzcdSBD3cDdJ,0.548,32,2130,5471.48,0.047,20.07,158.0,"axiom,gmgn,padre,smart_degen,trojan",
2026-07-05,2rQP56mHC2wgM1p8iL5EKXrKt7h49n4CGE16Q3M1763B,0.443,21,422,6914.93,0.143,338.37,59.0,"axiom,smart_degen",
2026-07-05,312N1Mv3WpXpByNJ6nqZAwNdu1wdZaAeRLJxRpNfjarV,0.438,25,1449,4467.49,0.063,13.27,258.0,"axiom,smart_degen",
2026-07-05,SupRAxJybdbv68r1PDXDq9LWKgdzLsmPwiyj41RM5SF,0.603,270,2201,5712.9,0.028,1.49,363.0,smart_degen,
2026-07-05,E4SqhAopGupHqu4RhZWXJ5Ar33rPhWuWojJjghnz6ya5,0.422,22,397,6524.55,0.176,338.23,58.0,"axiom,smart_degen",
2026-07-05,CmzeDwSUePjV8iqAuAk7BW8PQUyZCm8Y2vW9jEegBnTz,0.335,20,399,6124.97,0.164,335.15,57.0,"axiom,smart_degen",
2026-07-05,EjAHxa6nfmmetEvYMwbNy8tSEctiyo55yKTUF9yzgr2r,0.348,18,399,5381.67,0.145,328.02,57.0,"axiom,smart_degen",
2026-07-05,G8JiF92gwGRX4GxpUBs7KskQ4vyUfK7neNG7qPnJv4Ry,0.423,11,648,3888.59,0.102,5.75,344.0,"axiom,smart_degen",
2026-07-05,D3C1Lh9x88kTBdysNiZ7QRfYZTC8T5u1Sjj7f7G64Bah,0.311,431,2529,16657.6,0.107,149.68,437.0,"axiom,smart_degen",
2026-07-05,5QPQDU9iuY9R1gars8Xe6BAQ4KMxwpy4vNiBq8FYGMGS,0.477,14,318,2178.32,0.149,0.31,31.0,"gmgn,smart_degen",
2026-07-05,GNrmKZCxYyNiSUsjduwwPJzhed3LATjciiKVuSGrsHEC,0.497,5010,1082,25820.36,0.169,66.98,391.0,"axiom,gmgn,padre,smart_degen,top_followed,top_renamed",Giann2K
2026-07-06,312N1Mv3WpXpByNJ6nqZAwNdu1wdZaAeRLJxRpNfjarV,0.438,28,1446,4861.37,0.067,10.17,259.0,"axiom,smart_degen",
2026-07-06,BCagckXeMChUKrHEd6fKFA1uiWDtcmCXMsqaheLiUPJd,0.293,27378,14162,-140.66,-0.0,376.08,69.0,"axiom,bullx,gmgn,top_followed,top_renamed,wash_trader",vibed333
2026-07-06,GvmgmxkE7ed9b74YigRuNeAS6rSnpCAUbjtK4Wc8ed4S,0.421,597,3203,74461.04,0.132,177.67,550.0,"axiom,gmgn,photon,smart_degen",
2026-07-06,2JLTKcECTybkCEp64v7V4P4FijjKiMgKnFkX2WwRWTM6,0.484,14,709,3651.69,0.101,2.71,79.0,"axiom,smart_degen",
2026-07-06,AfCQRBBbnPH9MJeSzVmHAvfWefcU64b3frTmNotqLwUW,0.478,5,705,3157.15,0.09,2.7,56.0,"axiom,smart_degen",
2026-07-06,BJG9c35ArqMKB2okGQGS2yg43WchTAp4EMTjY26cUY1c,0.744,40,488,30338.73,0.097,1.83,157.0,smart_degen,
2026-07-06,2gcfHaxYV3KrkaniDYFoR8eNpboL5fH2PpK2vBm3Xgon,0.448,82,280,18103.4,0.324,27.9,434.0,"axiom,gmgn,smart_degen",PEEWEE3333
2026-07-06,FLiYfD2z5NRpCuBg2hx6zM4UooVtvtD6ssQFUNpuPGEQ,0.731,193,2180,24168.34,0.066,80.01,42.0,smart_degen,
2026-07-06,D64ajBtPfuuAGtnGnsiqsxwTXX2EDk8j1dHqMF7bi6YR,0.395,130,1692,6221.32,0.1,26.51,444.0,"axiom,padre,smart_degen",
2026-07-06,Hk8e3jvYNTGTobcCNv7LG7py7DStLJqPJ1cYTbhKuaWf,0.456,22,999,7471.09,0.076,0.81,19.0,"axiom,gmgn,smart_degen",
2026-07-06,qniX4Yn2TTr8B3d9ujNEFu8MScbHBHRsH67EjzCpQHw,0.357,28,1783,6874.34,0.076,41.74,13.0,"axiom,smart_degen",
2026-07-06,4qyYcBA8tizD2MQCcHkXwrdFowZihKwdcFL6PExShVvL,0.65,1657,94,3299.33,0.263,6.24,484.0,"axiom,gmgn,pepeboost,smart_degen",sharruarua
2026-07-06,7TSA8mGiB5j97j9Kcpam8okoj2CwzBdF5NtiGKJQMQZG,0.423,10,974,3492.79,0.095,24.11,15.0,"axiom,smart_degen",
2026-07-06,6FpZdYmBtbXCCAYUpAJ6qE812wz87tcEyRvTUa8U5Nsd,0.629,133,1563,21905.88,0.035,5.23,24.0,"axiom,smart_degen",
2026-07-06,GeoV6vnc1wdn4cgY8bL2upKMamvfPMKvKDr6N1mqWKRo,0.308,6,2687,2113.56,0.048,8.01,73.0,smart_degen,
2026-07-06,9d1XVVe34kaB5AVBvdk5o13nRCfX5vUNEq4wmWr4sg25,0.309,18,2325,13303.12,0.088,7.29,49.0,"axiom,smart_degen",
2026-07-06,BfCP1ncxu7ZWp4B6TvQEcXGVSCiM2LhAzyYjG7zWyKdY,0.538,25,1800,12007.7,0.06,22.78,149.0,"axiom,smart_degen",
2026-07-06,8a7wfr6mZjoNdBWi3Vvezy6n1Tt61LffpHNrGyTpuQji,0.471,8,1026,3200.95,0.084,0.84,13.0,"axiom,smart_degen",
2026-07-06,SupRAxJybdbv68r1PDXDq9LWKgdzLsmPwiyj41RM5SF,0.604,279,2219,5964.85,0.028,0.67,364.0,smart_degen,
2026-07-06,CECxGSBzUEfL4TGiL5nJjtcg7ZdS5JvnXJiFdTwtcEE1,0.389,31,377,6551.92,0.165,51.35,289.0,"axiom,padre,smart_degen,trojan",
2026-07-06,4nEyc3dF635n9Ut8vyBBzVS6LxdSnpgDcMjVE4dpMeh3,0.678,26,396,2252.27,0.053,43.04,265.0,smart_degen,
2026-07-06,9J1iJaHegx6hn8Riz1YZUhmhGFpiAZ9JTEA7XqGjywt5,0.514,5,824,5325.95,0.087,19.62,36.0,"axiom,smart_degen",
2026-07-06,FnTpxwwaB1qtz8tJSUuDSTfv67cbRBEEcfBmSaXXoPqd,0.4,54,1839,8617.2,0.132,30.07,132.0,"axiom,smart_degen",
2026-07-07,AMX9shLufHBuWoEHeoy6H8fSV5dgfXyJ7Qp9eSHtve92,0.434,26,883,3084.27,0.076,3.87,15.0,"axiom,smart_degen",
2026-07-07,PRWFQiWGkRYyxqEsAJZKADqo1i5FVMtYUoGpM8Ra1Hb,0.411,24,418,2941.56,0.114,19.23,9.0,"axiom,smart_degen",
2026-07-07,FbpPyCMQA3EcyNsmhnhfSwExgfwm7NM2rcZ6NY5CfazG,0.419,23,571,3184.39,0.084,7.89,25.0,"gmgn,smart_degen,trojan",
2026-07-07,G4LFjeKUXeTFJteeSCLCdEmxdWr4nGKzKdXtK9u8N7MJ,0.512,80,544,6653.71,0.187,8.63,11.0,"gmgn,smart_degen",
2026-07-07,4fwAmLunU94rxHSjXt5rmHDvDgr6NHNP3DWw4Gp6WE5D,0.564,29,2243,6074.86,0.041,8.33,55.0,"axiom,smart_degen",
2026-07-07,CXVJewdc79TYR55sz4SGLSWUPz3r4LBJ9Mn93bZ8ZyAz,0.376,639,3400,6820.43,0.023,131.33,551.0,"axiom,bullx,gmgn,padre,smart_degen",
2026-07-07,6X7Ln5KPurRfNiNroyZxxi7VstEzuhd4jMefNEqAu7uV,0.391,200,2533,18116.32,0.038,16.45,101.0,"axiom,padre,smart_degen",
2026-07-07,4FcpobdBuXZLCiYKhm9nmzhiguFjzqe6eGQ7kanqoDFE,0.774,80,357,4864.53,0.256,10.4,26.0,"smart_degen,trojan",
2026-07-07,8a7wfr6mZjoNdBWi3Vvezy6n1Tt61LffpHNrGyTpuQji,0.458,8,1089,3146.75,0.08,0.88,14.0,"axiom,smart_degen",
2026-07-07,HwoUch9dtBshU2ZvuxzNAWvtfeiUiXUJaLko8duWhHCg,0.494,77,820,2533.48,0.024,23.95,763.0,"padre,smart_degen",
2026-07-07,5qdDKvwc2Cs7gzRgZy2hp32iDL3mkXpWcbGf9eQxccBf,0.45,5,2114,1755.8,0.021,4.24,506.0,smart_degen,
2026-07-07,2hN82SXLUffhG3vxpezRmae1sGrCBMqHHBDxjmjpagqk,0.471,261,108,22105.57,0.804,48.64,74.0,"axiom,gmgn,padre,smart_degen",lyftical
2026-07-07,2cPTXvPbYHKX7WiFHsafSXRuvd4ozCgCSynbZatVmeoA,0.396,9,2509,3102.7,0.041,16.56,30.0,"axiom,smart_degen",
2026-07-07,8fCBbZrTXSb1kRAUECkFAFKesj9BQ7ShVGnpPVVACLHr,0.605,70,686,4218.78,0.06,49.8,571.0,"bullx,gmgn,smart_degen",
2026-07-07,6sWgnsBjShNTrJiYBGa7w9KumFgJtWfik2JUqwggZj3Z,0.521,118,718,2457.33,0.032,156.98,212.0,"axiom,smart_degen",
2026-07-07,CyyBWJhqapTvJpC5SVgGyhVEYgfCjTX3xPWhYfz8mjtq,0.365,71,1684,3815.71,0.05,52.88,126.0,"axiom,padre,smart_degen",
2026-07-07,46cSe3pbpyqzENHgvie4FnYvYPsYJQUVX1oSnPNc4xBZ,0.369,33,1698,2484.79,0.037,42.6,59.0,"axiom,padre,smart_degen",
2026-07-07,DAL34ApCKoVjp3AEMsxXkLNuVmthnVgkvUtG4SNVJGYQ,0.369,33,1691,3849.66,0.043,42.83,59.0,"axiom,padre,smart_degen",
2026-07-07,EnQdeYsyhacWWDuWfFJvtyk1ehD1cB511ujxJpUtiiWA,0.359,216,1753,7129.3,0.071,83.38,249.0,"gmgn,padre,smart_degen",
2026-07-07,CECxGSBzUEfL4TGiL5nJjtcg7ZdS5JvnXJiFdTwtcEE1,0.39,33,383,6472.02,0.158,37.66,290.0,"axiom,padre,smart_degen,trojan",
2026-07-07,FLiYfD2z5NRpCuBg2hx6zM4UooVtvtD6ssQFUNpuPGEQ,0.733,208,2207,23903.6,0.065,15.59,43.0,smart_degen,
2026-07-07,HW1wbyPSa7QTqjRzD4kCKZyBbXFzR8cA7sJqBrzrJ6o4,0.621,76,8165,8325.43,0.009,6.03,56.0,"axiom,smart_degen",
2026-07-07,D64ajBtPfuuAGtnGnsiqsxwTXX2EDk8j1dHqMF7bi6YR,0.414,133,1674,6453.2,0.107,19.68,445.0,"axiom,padre,smart_degen",
2026-07-07,9FYZ1hQxC5Ekm4Js2aBvHxiM52Gomvc2p6Q3PF5QB3DX,0.433,125,1404,1542.82,0.016,0.23,445.0,"axiom,smart_degen",
2026-07-07,6KuCbkFJxq7JinaiiQhsQWQHqty7U77neot7yKGVJm7v,0.381,56,784,6616.28,0.082,17.19,73.0,"axiom,gmgn,padre,smart_degen",
2026-07-07,6X21Z6z4Awbfekhna746LgUmExaS1CgrhaypH69ats6X,0.334,12,1100,4694.66,0.065,8.86,9.0,"axiom,smart_degen",
2026-07-08,8QDX63jZ35ZhjWuuXy52WSNQZ9vE3SLn3KAMmmme8XJQ,0.481,13,167,650.15,0.022,16.06,360.0,"axiom,smart_degen",
2026-07-08,D36rVP4h6moJ1f41iyNXXRipxpJnuEZcfJDEYEFBDfSj,0.425,35,3511,17097.5,0.059,62.1,41.0,"padre,smart_degen",
2026-07-08,8XaG4UZtnoYRmwNRoJLQkygL8zheojre48qrVijZMRsX,0.421,31,3375,13137.65,0.05,55.31,41.0,"padre,smart_degen",
2026-07-08,AyDZfBXqcUaashtLvquaiHgpwYL7eqRXgB3fexHGvf37,0.422,32,3432,18486.1,0.063,62.63,41.0,"padre,smart_degen",
2026-07-08,BCagckXeMChUKrHEd6fKFA1uiWDtcmCXMsqaheLiUPJd,0.281,27448,13884,-408.55,-0.001,370.78,71.0,"axiom,bullx,gmgn,wash_trader",vibed333
2026-07-08,CMw7kj6ceqVqdj6XLc8FEJaZfPHBSUzubArqXjChfn11,0.482,11,416,4991.73,0.101,58.73,9.0,"axiom,smart_degen",
2026-07-08,AJPkaCvcTAaH1xNkhx6bTSbVovqgEqXqcLoyRtGyAR6U,0.552,153,542,8171.96,0.084,44.97,71.0,"axiom,smart_degen",
2026-07-08,HfN9JFxwS89fERT8of2dt1it6G3P2ia5sJc5J8GkwU5k,0.428,473,684,61775.47,0.303,183.19,441.0,"axiom,smart_degen",
2026-07-08,C7j9V4TnUDqFf4qCuMhbuEas22r7mwusQQUoMTjqjhJ2,0.446,63,3075,6008.4,0.033,16.05,377.0,"axiom,padre,smart_degen",
2026-07-08,G4LFjeKUXeTFJteeSCLCdEmxdWr4nGKzKdXtK9u8N7MJ,0.495,87,618,6560.73,0.15,20.64,12.0,"gmgn,smart_degen",
2026-07-08,WeNFTDvHrcnQE7guovDRYTHxfv4cBBuAqqFokRgmbG1,0.445,12,206,6912.44,0.172,25.61,164.0,smart_degen,
2026-07-08,65wRy1bQVzTb9p629FmLgGG4eCGANgPYgya2YAo2uCr9,0.622,47,254,17089.39,0.867,179.55,10.0,"padre,smart_degen",
2026-07-08,8fCBbZrTXSb1kRAUECkFAFKesj9BQ7ShVGnpPVVACLHr,0.611,72,799,5180.52,0.062,10.48,572.0,"bullx,gmgn,smart_degen",
2026-07-08,GVXndNAyARszNNYd1BYnscyYae6d7farHXw1yUDgu7ga,0.61,121,4435,40325.39,0.419,9.3,500.0,"axiom,smart_degen",
2026-07-08,3zsrxxcvJxif7eC4nRuRLg5qufxumZo4b2HNwETvuM5B,0.387,126,3655,8423.72,0.034,10.45,106.0,"gmgn,smart_degen",
2026-07-08,HwoUch9dtBshU2ZvuxzNAWvtfeiUiXUJaLko8duWhHCg,0.505,79,831,2684.94,0.024,13.28,764.0,"padre,smart_degen",
2026-07-08,CRehX3UNi4MyyQagMz7MyfiWrN9ZynE6v2eNZ2ffrPD1,0.491,47,3822,6685.38,0.039,17.37,161.0,smart_degen,
2026-07-08,j3tSqvpbx2f7XMtt8u7MWyPWZS1c4E8PP51d9kUFJ7k,0.39,18,310,6039.82,0.105,145.25,87.0,"axiom,smart_degen",
2026-07-08,9Ma6JBcu8cfney6U7Q7fT2t55uSTpYVbtmF9kV2XtTaF,0.393,15,303,6252.85,0.131,143.37,87.0,"axiom,smart_degen",
2026-07-08,4QZUDh2n2GJ4zri5CQfTijocGBWtPeT7awuYvpVxTKZe,0.373,12,307,5927.31,0.125,134.1,87.0,"axiom,smart_degen",
2026-07-08,CNQHDwLNz7JeM8iSKkHFFZJ9xNt4cwEVhEsgQS1KdGn8,0.699,25,1028,3233.19,0.034,20.21,255.0,"photon,smart_degen",
2026-07-08,FnTpxwwaB1qtz8tJSUuDSTfv67cbRBEEcfBmSaXXoPqd,0.418,61,1723,7620.0,0.12,26.03,134.0,"axiom,smart_degen",
2026-07-08,6KuCbkFJxq7JinaiiQhsQWQHqty7U77neot7yKGVJm7v,0.399,57,784,6244.66,0.077,14.56,74.0,"axiom,gmgn,padre,smart_degen",
2026-07-09,XjsgzZkt4k1Z5S1wq4y6oNH7iqCZ68mabV8E2cu2fgt,0.373,223,1007,18299.97,0.128,39.96,181.0,"axiom,padre,smart_degen",
2026-07-09,4zujnGUcuzJ2XUAXDxwnHX9eAVeCqYkVMxZ1SZTYNqqF,0.446,11,924,2831.15,0.05,9.66,27.0,"axiom,smart_degen",
2026-07-09,DY4tAwMkz6v1KrYkXZNAeyjPNubepmmUZnpPr1fLRoWe,0.375,57,676,3346.63,0.144,6.46,167.0,"gmgn,padre,smart_degen",
2026-07-09,4ZNV1X2g2ssSrrqmBQXA7JHpesGxSrBHsCFtESB1FdtM,0.143,103,34,-355.04,-0.236,4.16,506.0,padre,
2026-07-09,6KuCbkFJxq7JinaiiQhsQWQHqty7U77neot7yKGVJm7v,0.398,57,786,5218.83,0.07,15.97,75.0,"axiom,gmgn,padre,smart_degen",
2026-07-09,D64ajBtPfuuAGtnGnsiqsxwTXX2EDk8j1dHqMF7bi6YR,0.404,135,1500,5531.17,0.098,21.44,447.0,"axiom,padre,smart_degen",
2026-07-09,FnTpxwwaB1qtz8tJSUuDSTfv67cbRBEEcfBmSaXXoPqd,0.415,61,1626,7169.94,0.118,29.77,135.0,"axiom,smart_degen",
2026-07-09,456xjxMrRKcp5odo8B1McWiTbvTUffFi5iCV1Ky9Sft7,0.359,260,2890,23022.28,0.054,45.29,140.0,"axiom,smart_degen",
2026-07-09,sss1xvCPpn1EXoaWDW9fw9cwJHZgHvDUCmcvtvUyM7E,0.326,42,3587,17374.09,0.103,114.57,36.0,"axiom,padre,smart_degen",
2026-07-09,G4LFjeKUXeTFJteeSCLCdEmxdWr4nGKzKdXtK9u8N7MJ,0.51,96,692,6699.83,0.138,11.51,13.0,"gmgn,smart_degen",
2026-07-09,312N1Mv3WpXpByNJ6nqZAwNdu1wdZaAeRLJxRpNfjarV,0.439,33,1384,8530.65,0.118,40.33,262.0,"axiom,smart_degen",
2026-07-09,8Xo7so2GbfBXWb1Z2tdscAx4raMtypMEMjpKRoVo3CS7,0.475,50,2387,1879.78,0.018,3.97,72.0,"axiom,smart_degen",
2026-07-09,GVofHA4QQPRrbcUA2vfWBHKXYfzQpgPTRaBkuc8sZn7W,0.333,10,394,1570.48,0.152,13.45,493.0,"axiom,padre,smart_degen",
2026-07-09,31iRQFxAApGY6LAXm16QDXmPFHSeY2mP4dW96P22iTBV,0.338,33,1869,11163.97,0.07,40.57,63.0,"axiom,smart_degen",
2026-07-09,55msLm128tQdXLXCXLxd756H9SaCo7wPpdetEioe7D8d,0.417,194,2843,4574.3,0.037,29.11,81.0,"axiom,gmgn,smart_degen",
2026-07-09,D2AMrLUWS1KX7nUTJdMfaxBmdXBTYUwCTadNJv7mrdN8,0.438,16,3398,8071.04,0.036,3.8,52.0,"axiom,smart_degen",
2026-07-09,3kSUZ79VEfpy9Uw9sWnB1jG2GwmTQSCcn72NH57s1rCx,0.465,230,1886,9782.11,0.023,0.0,154.0,"fomo,padre,smart_degen",
2026-07-09,CwvYUDGo4x7TYonn9qLb1c9rnUu5k3s4FN5hT38rnbsq,0.517,103,1024,41483.77,0.144,125.44,42.0,"axiom,smart_degen",
2026-07-09,4S9xgzvbbfEZYkSK4tQPCzxefbEeM8tD8iiaszUtSeJz,0.439,26,98,9864.42,0.604,28.03,60.0,"smart_degen,trojan",
2026-07-09,Hk8e3jvYNTGTobcCNv7LG7py7DStLJqPJ1cYTbhKuaWf,0.45,38,1340,8431.76,0.066,2.56,22.0,"axiom,gmgn,smart_degen",
2026-07-09,6X7Ln5KPurRfNiNroyZxxi7VstEzuhd4jMefNEqAu7uV,0.384,229,2464,16727.96,0.036,17.69,103.0,"axiom,padre,smart_degen",
2026-07-09,HwoUch9dtBshU2ZvuxzNAWvtfeiUiXUJaLko8duWhHCg,0.505,79,838,2568.0,0.022,10.07,765.0,"padre,smart_degen",
2026-07-09,signeraMNtVHUcVSAV9HCCCJUhQTLsbQneHZGmUQcWk,0.354,35,1931,35313.37,0.121,119.08,20.0,"axiom,smart_degen",
2026-07-09,E4SqhAopGupHqu4RhZWXJ5Ar33rPhWuWojJjghnz6ya5,0.428,25,469,8038.13,0.171,354.46,62.0,"axiom,smart_degen",
2026-07-09,2rQP56mHC2wgM1p8iL5EKXrKt7h49n4CGE16Q3M1763B,0.448,23,500,8702.98,0.146,357.57,63.0,"axiom,smart_degen",
2026-07-09,CmzeDwSUePjV8iqAuAk7BW8PQUyZCm8Y2vW9jEegBnTz,0.357,22,471,7959.68,0.169,352.77,61.0,"axiom,smart_degen",
2026-07-09,2JLTKcECTybkCEp64v7V4P4FijjKiMgKnFkX2WwRWTM6,0.49,24,779,3753.3,0.094,0.85,82.0,"axiom,smart_degen",
2026-07-09,AfCQRBBbnPH9MJeSzVmHAvfWefcU64b3frTmNotqLwUW,0.478,9,768,3469.86,0.088,0.9,59.0,"axiom,smart_degen",
2026-07-09,CAmNcBJ82xr1tzXrwZ6tZKwEFs26TG8kT6dJeR1bxjW9,0.615,1644,234,39241.23,1.411,43.7,181.0,"axiom,smart_degen",
2026-07-10,D2AMrLUWS1KX7nUTJdMfaxBmdXBTYUwCTadNJv7mrdN8,0.436,16,3503,8176.64,0.036,2.85,53.0,"axiom,smart_degen",
2026-07-10,456xjxMrRKcp5odo8B1McWiTbvTUffFi5iCV1Ky9Sft7,0.357,264,2925,23360.36,0.054,47.88,141.0,"axiom,smart_degen",
2026-07-10,CECxGSBzUEfL4TGiL5nJjtcg7ZdS5JvnXJiFdTwtcEE1,0.392,34,365,6465.96,0.161,43.14,293.0,"axiom,padre,smart_degen,trojan",
2026-07-10,D64ajBtPfuuAGtnGnsiqsxwTXX2EDk8j1dHqMF7bi6YR,0.401,135,1524,5319.93,0.093,9.07,448.0,"axiom,padre,smart_degen",
2026-07-10,FnTpxwwaB1qtz8tJSUuDSTfv67cbRBEEcfBmSaXXoPqd,0.403,64,1635,6728.02,0.11,9.13,136.0,"axiom,smart_degen",
2026-07-10,5zDYdttKY6zEUf2amuah5GtfdSXeyiWrSdGGvjU35YGT,0.657,7,279,2928.35,0.048,63.92,59.0,smart_degen,
2026-07-10,312N1Mv3WpXpByNJ6nqZAwNdu1wdZaAeRLJxRpNfjarV,0.436,39,1305,8860.14,0.13,38.82,263.0,"axiom,smart_degen",
2026-07-10,43P9Y1gNaBVKSWLgeKu3r6nMaS9txEfrSumM9CWGPkyA,0.625,68,258,3451.72,0.073,34.67,97.0,"axiom,smart_degen",
2026-07-10,4zujnGUcuzJ2XUAXDxwnHX9eAVeCqYkVMxZ1SZTYNqqF,0.44,12,941,2827.67,0.048,8.47,28.0,"axiom,smart_degen",
2026-07-10,gWTmSBYYJhDf8kM9CKdej7pL96Jjq7rhTiBd6pyv2Yb,0.573,82,8298,11566.62,0.012,2.69,87.0,"padre,smart_degen",
2026-07-10,HW1wbyPSa7QTqjRzD4kCKZyBbXFzR8cA7sJqBrzrJ6o4,0.63,81,8446,8818.46,0.009,7.78,59.0,"axiom,smart_degen",
2026-07-10,94iQuYjVgTwGXxtM7ywfpzfLvx3gN4oQRuc9osRE2pEm,0.674,330,8011,16587.34,0.018,4.62,375.0,"axiom,smart_degen",
2026-07-10,7q15WZ4iSUDvqfs5Kdh9bfptkQhs6qKUyCUq6GY6PGxg,0.639,452,2178,5151.62,0.017,6.89,617.0,"axiom,smart_degen",
2026-07-10,6FpZdYmBtbXCCAYUpAJ6qE812wz87tcEyRvTUa8U5Nsd,0.622,147,1658,26469.07,0.038,40.81,28.0,"axiom,smart_degen",
2026-07-10,Hd5wMoiypHWRQmkus5SHu6ECH27fXVqkhg3d5rGhvLAL,0.708,163,5371,10484.9,0.019,0.21,53.0,smart_degen,
2026-07-10,48cgxNPA97ACEvKqHfx7XWWHtgU2eAkNHFqPe4xp6eBR,0.575,6,1104,2099.56,0.041,9.47,56.0,"axiom,smart_degen",
2026-07-10,E98Ear8xbvrYyCDwrs8gx4dM2P1aZ7jp8tMBLJTmm2rc,0.643,42,1623,5833.81,0.019,0.87,127.0,"padre,smart_degen",
2026-07-10,6X7Ln5KPurRfNiNroyZxxi7VstEzuhd4jMefNEqAu7uV,0.375,233,2425,15161.36,0.032,51.7,104.0,"axiom,padre,smart_degen",
2026-07-11,6kzsXq32zgmW1cEw9xKn9HyfE72oUX9b8PiPBZ8fWn9S,0.507,117,1489,4985.27,0.065,26.53,863.0,"photon,smart_degen",
2026-07-11,HeC2DERjGC8xZKKv5RWsSRmBbddxBxFADZEBrFiZhMQ6,0.417,544,1201,26697.07,0.157,376.87,200.0,"axiom,smart_degen",
2026-07-11,DY4tAwMkz6v1KrYkXZNAeyjPNubepmmUZnpPr1fLRoWe,0.368,58,669,3092.85,0.136,7.15,169.0,"gmgn,padre,smart_degen",
2026-07-11,6X7Ln5KPurRfNiNroyZxxi7VstEzuhd4jMefNEqAu7uV,0.378,238,2350,16724.36,0.035,33.04,105.0,"axiom,padre,smart_degen",
2026-07-11,EtcypjU3iERqtNZGmTa5jQ1qSyQvTN6KX6Fet7m2KyAj,0.361,16,1898,6433.9,0.004,45.7,202.0,smart_degen,
2026-07-11,31iRQFxAApGY6LAXm16QDXmPFHSeY2mP4dW96P22iTBV,0.337,34,1739,10389.51,0.069,43.89,65.0,"axiom,smart_degen",
2026-07-11,CQjYGzyCxwH7SmjRSpoZ4jWg481LAkuumyWRot9FcGmz,0.593,10,2105,3018.01,0.013,43.77,555.0,"axiom,smart_degen",
2026-07-11,4zujnGUcuzJ2XUAXDxwnHX9eAVeCqYkVMxZ1SZTYNqqF,0.437,12,960,2445.94,0.04,7.66,29.0,"axiom,smart_degen",
2026-07-11,6kQEpBbP7uU2gvmU1EWAncs3okjdVYx4eqkDYvo5dJDr,0.757,59,218,2356.77,0.059,19.35,398.0,"smart_degen,trojan",
2026-07-11,48cgxNPA97ACEvKqHfx7XWWHtgU2eAkNHFqPe4xp6eBR,0.568,6,1152,2089.95,0.041,4.33,57.0,"axiom,smart_degen",
2026-07-11,BCagckXeMChUKrHEd6fKFA1uiWDtcmCXMsqaheLiUPJd,0.284,27721,14061,-2182.16,-0.003,398.21,74.0,"axiom,bullx,gmgn,top_followed,top_renamed,wash_trader",vibed333
2026-07-11,D64ajBtPfuuAGtnGnsiqsxwTXX2EDk8j1dHqMF7bi6YR,0.409,135,1469,5575.41,0.102,46.57,449.0,"axiom,padre,smart_degen",
2026-07-11,FnTpxwwaB1qtz8tJSUuDSTfv67cbRBEEcfBmSaXXoPqd,0.408,63,1558,6662.32,0.113,44.81,137.0,"axiom,smart_degen",
2026-07-11,Emy6gwEvLJMuXzrgXvUo4aKBB5tABEk3KcoaDP5WUNBc,0.364,12,140,3422.94,0.323,22.07,503.0,smart_degen,
2026-07-11,3kSUZ79VEfpy9Uw9sWnB1jG2GwmTQSCcn72NH57s1rCx,0.473,234,1885,9975.01,0.022,0.04,156.0,"fomo,padre,smart_degen",
2026-07-11,HG3rPoQR6SXEyHUrVmKR9rvzKgfQ1yqyeixJLxagbdty,0.367,31,660,6464.02,0.276,8.79,15.0,"axiom,smart_degen",
2026-07-11,8xbPnfWAV1sK2ybNCBEHdDhSKFATvsebw2NLAn15vfgH,0.727,4,152,878.18,0.082,11.26,541.0,"smart_degen,trojan",
2026-07-11,FSUBrLxJ9rdRzWQFZG7TFyDtFxaYpibivTr4UMwvBYRj,0.464,127,39,2141.37,0.138,35.82,523.0,"axiom,padre,smart_degen",
2026-07-11,GWv65JohnkJgHVbqdjn4Z2BhFmBuwCTyTuUwWsspHBZ4,0.484,329,1011,22833.71,0.151,64.39,159.0,"axiom,padre,smart_degen",
2026-07-11,GNrmKZCxYyNiSUsjduwwPJzhed3LATjciiKVuSGrsHEC,0.515,5137,1001,24021.89,0.166,57.86,397.0,"axiom,gmgn,padre,smart_degen,top_followed,top_renamed",Giann2K
2026-07-11,GLjnQ8VT9yFHs78N5CZWGGn22a3pm4XHih5WxUpozYnq,0.469,204,1011,23397.5,0.154,63.68,132.0,"axiom,smart_degen",
2026-07-11,HW1wbyPSa7QTqjRzD4kCKZyBbXFzR8cA7sJqBrzrJ6o4,0.626,83,8248,8588.26,0.009,2.79,60.0,"axiom,smart_degen",
2026-07-11,JXNpGnH1X971eACRX99TJzUJ8KWqBQb1YQgettg1boz,0.525,62,890,5184.22,0.055,11.09,75.0,"axiom,smart_degen",
2026-07-12,BLf852irUk6Nd9RggNxukNiXaADxeMRuAJbQgMHpEgyg,0.472,43,1803,2529.19,0.018,33.59,209.0,"gmgn,smart_degen",
2026-07-12,31iRQFxAApGY6LAXm16QDXmPFHSeY2mP4dW96P22iTBV,0.34,40,1789,12109.88,0.077,81.36,66.0,"axiom,smart_degen",
2026-07-12,4ZNV1X2g2ssSrrqmBQXA7JHpesGxSrBHsCFtESB1FdtM,0.217,104,72,1464.78,0.474,28.19,509.0,padre,
2026-07-12,HG3rPoQR6SXEyHUrVmKR9rvzKgfQ1yqyeixJLxagbdty,0.356,31,670,6406.5,0.268,7.8,16.0,"axiom,smart_degen",
2026-07-12,7MTfzDmxVjz2uZtBbehU1ZK6BCJenGq6qEQkaY15vEvG,1.0,30,256,13235.02,0.018,1.95,490.0,,
2026-07-12,AZw5jyPyPxHNYvio8GrmgrUEwTcyeeT36Sd2i2Jc5bDR,0.445,13,2091,5223.16,0.019,0.35,21.0,"fomo,smart_degen",
2026-07-12,6FpZdYmBtbXCCAYUpAJ6qE812wz87tcEyRvTUa8U5Nsd,0.633,156,1506,28063.14,0.042,50.23,30.0,"axiom,smart_degen",
2026-07-12,5uez2R1fXyJ6YW1wVPqFoEq91WJufuWceVQy647qVYHF,0.706,183,1538,28602.48,0.041,492.87,97.0,smart_degen,
2026-07-12,DY4tAwMkz6v1KrYkXZNAeyjPNubepmmUZnpPr1fLRoWe,0.372,58,658,3538.7,0.162,9.6,170.0,"gmgn,padre,smart_degen",
2026-07-12,7gdo83WqcXvown8aHUrgma716BEwGdjRA9CtdUThBy5U,0.45,208,3208,5861.63,0.045,18.11,516.0,"axiom,padre,smart_degen",
2026-07-12,7QLMAJ4b8SrHMVCg1MFDB1UFcm8ugBfLVzTPoSkeptnK,0.471,17,1366,10428.31,0.076,19.9,105.0,"axiom,smart_degen",
2026-07-12,Hd5wMoiypHWRQmkus5SHu6ECH27fXVqkhg3d5rGhvLAL,0.722,168,5085,10901.2,0.02,0.28,55.0,smart_degen,
2026-07-12,AgiGpUAF25B7NL9u8byDcptPcYWi4eFU4kjtcRtaMmdQ,0.36,48,1334,8541.45,0.031,19.2,54.0,"axiom,smart_degen",
2026-07-12,SupRAxJybdbv68r1PDXDq9LWKgdzLsmPwiyj41RM5SF,0.658,291,2085,6770.93,0.029,3.15,370.0,smart_degen,
2026-07-12,CaR3ZKSL23vLqPj8dRHB9om6wXoyPJvKwPodYkkW8eog,0.511,16,429,4362.56,0.071,25.01,63.0,"axiom,smart_degen",
2026-07-12,3HjedYMFbXhdMHxR6qkJfHuvZFmd2JaU1UaqMkdxqbPP,0.515,12,407,4349.18,0.073,24.33,75.0,"axiom,smart_degen",
2026-07-12,3kSUZ79VEfpy9Uw9sWnB1jG2GwmTQSCcn72NH57s1rCx,0.467,237,1867,9602.35,0.021,0.45,157.0,"fomo,padre,smart_degen",
2026-07-12,B9kJYdzb4gB9AC3aFChReDhJ2D5YDCaR4UrEoen2NcyC,0.563,929,1854,86568.58,0.155,130.42,441.0,"axiom,gmgn,padre,smart_degen",kyro10k
2026-07-12,CwvYUDGo4x7TYonn9qLb1c9rnUu5k3s4FN5hT38rnbsq,0.506,113,1039,40219.18,0.134,121.96,45.0,"axiom,smart_degen",
2026-07-12,BCagckXeMChUKrHEd6fKFA1uiWDtcmCXMsqaheLiUPJd,0.284,27758,13607,-7599.38,-0.013,371.06,75.0,"axiom,bullx,gmgn,wash_trader",vibed333
2026-07-12,2zbM47wNKDfkwYD7d7iaVApaPwof8DSTZJau9UHxuqXv,0.718,19,1051,5075.05,0.056,4.36,297.0,smart_degen,
2026-07-13,FskgHQ5a3H7cMLjkfAtzyb2UboQbF5iBx6qxTGWUqjF5,0.471,263,499,19692.63,0.241,58.54,192.0,"axiom,padre,smart_degen",
2026-07-13,CQTc3FxSukLQQUseN4RqxRCLRNWxuQXUyCNFH9GQsfKo,0.349,65,3046,4745.15,0.084,19.9,126.0,"axiom,smart_degen",
2026-07-13,FakckxEr9U29sWK7s3PNiit8c23xTi7XspbvB4nfLQih,0.355,81,2956,4781.69,0.086,21.46,126.0,"axiom,smart_degen",
2026-07-13,HV4cjkteGZ5g9HywDrM1HPC9f95PS9upzvH3MmgPfs53,0.348,65,2953,4503.91,0.08,11.62,126.0,"axiom,gmgn,smart_degen",
2026-07-13,4wWYacRGWT9u1qyB7VU3VWfjbidrCu14vn1cpwfnvdBV,0.483,27,1769,5062.34,0.032,36.49,159.0,smart_degen,
2026-07-13,9haKJiniE7HR5im7b9a74VUGD7vHDu6waBwAdQegwqQm,0.619,8,1033,4608.65,0.014,0.1,21.0,smart_degen,
2026-07-13,DaKSn9Vy7pbnwuTkW1LNsd5hXskjWbjNVuXjGpNsQCLb,0.573,45,2273,7849.11,0.058,30.45,,smart_degen,
2026-07-13,312N1Mv3WpXpByNJ6nqZAwNdu1wdZaAeRLJxRpNfjarV,0.422,38,1124,7622.57,0.125,40.46,266.0,"axiom,smart_degen",
2026-07-13,35W2aRQpsJNKdhucq4YJobra4D3GuVaoFKhkHVWi8R9G,0.476,42,328,11420.98,0.153,104.49,54.0,"axiom,smart_degen",
2026-07-13,2TBB6qz7QijkPWyEwwQrj24pF35yGd5Xkshwh96vxouc,0.537,7,159,2623.92,0.088,10.72,533.0,smart_degen,
2026-07-13,DS9myGTwn8ZTSsG39hYK8kiZdNhK7XjKPVXpeN8V1hsx,0.367,8,1113,7783.72,0.114,38.36,12.0,"axiom,smart_degen",
2026-07-13,31iRQFxAApGY6LAXm16QDXmPFHSeY2mP4dW96P22iTBV,0.345,46,1836,12921.17,0.08,91.36,67.0,"axiom,smart_degen",
2026-07-13,6X7Ln5KPurRfNiNroyZxxi7VstEzuhd4jMefNEqAu7uV,0.373,256,2206,14080.72,0.031,18.27,107.0,"axiom,padre,smart_degen",
2026-07-13,9rxYAy2Dx8hFJ8yRBbY1M21EwsXcdJG7cvFfegatfatj,0.536,11,91,2104.3,0.166,0.08,4.0,"fresh_wallet,photon,smart_degen",
2026-07-13,DiWjszBgKWna1io9dRfcJY6gUuZfyTJdHXhYqnqPLkyG,0.609,4,603,1483.17,0.035,12.14,13.0,"axiom,smart_degen",
2026-07-13,HW1wbyPSa7QTqjRzD4kCKZyBbXFzR8cA7sJqBrzrJ6o4,0.624,88,7953,8408.16,0.009,4.5,62.0,"axiom,smart_degen",
2026-07-13,5uez2R1fXyJ6YW1wVPqFoEq91WJufuWceVQy647qVYHF,0.707,189,1533,28128.52,0.04,477.56,98.0,smart_degen,
2026-07-13,A2MwjTFz4jzT1mY4xrqkwm1vAbZDrqnA6QJoyTAU8Djw,0.433,1226,657,7193.63,0.061,69.09,336.0,"axiom,gmgn,padre,smart_degen",dddemono7ogy
2026-07-13,DPwH9aWrYGSBqMiPNLMW4Hti1k1xgq64t781eycfLCp5,0.638,157,4020,6242.98,0.015,11.47,393.0,"axiom,padre,smart_degen",
2026-07-13,EJhCBXeXWfuUCT2KPXLckm8PVm7fvkiQYMuVjZYJdB2y,0.459,15,722,5990.04,0.086,13.25,23.0,"axiom,smart_degen",
2026-07-14,8Hj62P3Dth1HoR86LHcJfY6gDwhMvy8VN5dYZ37tmowB,0.544,39,3293,2134.61,0.008,25.81,359.0,smart_degen,
2026-07-14,P6NKrKd5ZydutWqAywMYEbUV5RxiUiLevV3Vhp43ZxC,0.628,11,423,3888.37,0.061,38.19,31.0,smart_degen,
2026-07-14,31iRQFxAApGY6LAXm16QDXmPFHSeY2mP4dW96P22iTBV,0.338,50,1917,10643.97,0.064,76.37,68.0,"axiom,smart_degen",
2026-07-14,DaKSn9Vy7pbnwuTkW1LNsd5hXskjWbjNVuXjGpNsQCLb,0.559,46,2422,7823.41,0.054,33.47,,smart_degen,
2026-07-14,4M5mWUecEGKzAMH5AYrm8gg9zyK7MNbCdxwB1nMfFHVG,0.377,77,1940,6002.95,0.03,19.1,77.0,"axiom,padre,smart_degen",
2026-07-14,HXC4ym2gevPBQLJrnjptiGMSK4vAjVyJLe2DJuvWVmb1,0.316,30,426,4430.89,0.104,43.62,116.0,"axiom,smart_degen",
2026-07-14,5iFfo44ffJM1JA45QsdVWaP1UbK7U6sML3pjGk4hNn4E,0.582,41,842,2923.94,0.087,29.71,109.0,"axiom,smart_degen",
2026-07-14,3Ycnj9RqQW3eEhhaxFPzbeDSzpeKRFytT9KHJLtd3RZm,0.501,39,8140,3763.61,0.034,5.87,77.0,"axiom,smart_degen",
2026-07-14,Hd5wMoiypHWRQmkus5SHu6ECH27fXVqkhg3d5rGhvLAL,0.726,182,4803,11745.04,0.022,0.23,57.0,smart_degen,
2026-07-14,456xjxMrRKcp5odo8B1McWiTbvTUffFi5iCV1Ky9Sft7,0.334,283,3102,24439.27,0.053,38.6,145.0,"axiom,smart_degen",
2026-07-14,3kSUZ79VEfpy9Uw9sWnB1jG2GwmTQSCcn72NH57s1rCx,0.469,239,1937,10467.48,0.021,0.19,159.0,"fomo,padre,smart_degen",
2026-07-14,gWTmSBYYJhDf8kM9CKdej7pL96Jjq7rhTiBd6pyv2Yb,0.578,90,7725,11314.7,0.013,1.22,91.0,"padre,smart_degen",
2026-07-14,GLjnQ8VT9yFHs78N5CZWGGn22a3pm4XHih5WxUpozYnq,0.47,217,946,22947.5,0.158,61.55,135.0,"axiom,smart_degen",
2026-07-14,GWv65JohnkJgHVbqdjn4Z2BhFmBuwCTyTuUwWsspHBZ4,0.493,346,947,22662.71,0.156,66.0,162.0,"axiom,padre,smart_degen",
2026-07-14,GNrmKZCxYyNiSUsjduwwPJzhed3LATjciiKVuSGrsHEC,0.517,5213,937,23840.21,0.172,60.39,400.0,"axiom,gmgn,padre,smart_degen,top_followed,top_renamed",Giann2K
2026-07-14,35W2aRQpsJNKdhucq4YJobra4D3GuVaoFKhkHVWi8R9G,0.475,47,362,14718.33,0.178,139.7,55.0,"axiom,smart_degen",
2026-07-14,9haKJiniE7HR5im7b9a74VUGD7vHDu6waBwAdQegwqQm,0.621,12,1116,5019.04,0.014,1.51,22.0,smart_degen,
2026-07-14,EtcypjU3iERqtNZGmTa5jQ1qSyQvTN6KX6Fet7m2KyAj,0.359,16,2131,7687.0,0.004,45.3,205.0,smart_degen,
2026-07-14,DiWjszBgKWna1io9dRfcJY6gUuZfyTJdHXhYqnqPLkyG,0.608,5,657,1657.5,0.035,13.62,14.0,"axiom,smart_degen",
2026-07-14,5pbLj3qgfnDgRUJuuztgnUFGdoRgwANJHPvQifXxffx3,0.526,4,478,3381.22,0.064,45.08,503.0,smart_degen,
2026-07-15,GAAcxw3qcRmQTzm34UGQLz6q5V33Wk7vyugMPWXZKAbn,0.671,96,3064,4602.45,0.018,7.7,32.0,smart_degen,
2026-07-15,Hd5wMoiypHWRQmkus5SHu6ECH27fXVqkhg3d5rGhvLAL,0.728,185,4608,12284.59,0.023,0.21,58.0,smart_degen,
2026-07-15,94iQuYjVgTwGXxtM7ywfpzfLvx3gN4oQRuc9osRE2pEm,0.662,344,7812,18001.01,0.02,3.67,380.0,"axiom,smart_degen",
2026-07-15,G4LFjeKUXeTFJteeSCLCdEmxdWr4nGKzKdXtK9u8N7MJ,0.509,208,963,8258.16,0.113,14.01,19.0,"gmgn,smart_degen",ha_li60704
2026-07-15,9bZ9PyDDmSXMk3wc9cAf3TKJ5svvyC5Kde4soXbNknPB,0.302,106,758,22224.87,0.186,5.85,502.0,"smart_degen,trojan",
2026-07-15,5uez2R1fXyJ6YW1wVPqFoEq91WJufuWceVQy647qVYHF,0.705,194,1617,27807.88,0.038,422.33,100.0,smart_degen,
2026-07-15,7KjC6pHMA3wjxnnTV5nGspGwTQm6TJjZTGLNi7wMWwo8,0.447,68,422,2212.09,0.069,16.29,177.0,smart_degen,
2026-07-15,7q15WZ4iSUDvqfs5Kdh9bfptkQhs6qKUyCUq6GY6PGxg,0.635,456,2443,6580.42,0.021,3.67,622.0,"axiom,smart_degen",
2026-07-15,DaKSn9Vy7pbnwuTkW1LNsd5hXskjWbjNVuXjGpNsQCLb,0.557,47,2518,7986.33,0.053,38.88,,smart_degen,
2026-07-15,9Vvx19ziD6pB3xwktLYcLmDHdZ7BB11zyiWi6kPphsjd,0.404,27,678,1392.04,0.029,0.02,316.0,"axiom,bullx,smart_degen",
2026-07-15,5qdDKvwc2Cs7gzRgZy2hp32iDL3mkXpWcbGf9eQxccBf,0.45,6,2233,2717.48,0.031,7.86,514.0,smart_degen,
2026-07-15,6kzsXq32zgmW1cEw9xKn9HyfE72oUX9b8PiPBZ8fWn9S,0.51,129,1560,5350.52,0.066,34.55,867.0,"photon,smart_degen",
2026-07-15,CNQHDwLNz7JeM8iSKkHFFZJ9xNt4cwEVhEsgQS1KdGn8,0.705,32,1080,4536.42,0.04,29.42,262.0,"photon,smart_degen",
2026-07-15,CMw7kj6ceqVqdj6XLc8FEJaZfPHBSUzubArqXjChfn11,0.466,24,498,10122.74,0.174,94.67,16.0,"axiom,smart_degen",
2026-07-15,4qSrjCUiRRH6H4PeVYDKnfSapdqznJKuTkzk2BmVHbxE,0.557,3,186,3610.16,0.196,0.0,103.0,smart_degen,
2026-07-15,HW1wbyPSa7QTqjRzD4kCKZyBbXFzR8cA7sJqBrzrJ6o4,0.618,89,7869,9198.58,0.01,3.9,64.0,"axiom,smart_degen",
2026-07-15,9haKJiniE7HR5im7b9a74VUGD7vHDu6waBwAdQegwqQm,0.613,12,1181,5395.59,0.014,1.44,23.0,smart_degen,
2026-07-15,6X21Z6z4Awbfekhna746LgUmExaS1CgrhaypH69ats6X,0.327,19,1399,6533.63,0.072,31.02,17.0,"axiom,smart_degen",
2026-07-15,hnu69n6P5CgYXCtUKii9wgamqtDeTVHY3TVJ6HKt7wC,0.762,750,2811,46235.72,0.022,20.78,294.0,"padre,smart_degen",
2026-07-15,FKMrrPLEhCtBkrBFKnT6vE6ajSXVb9PYS69wvoYvv16i,0.328,55,167,9285.66,0.32,3.48,543.0,smart_degen,
2026-07-15,AgiGpUAF25B7NL9u8byDcptPcYWi4eFU4kjtcRtaMmdQ,0.371,48,1198,8643.31,0.032,32.87,57.0,"axiom,smart_degen",
2026-07-15,7yd579zXmWPoxEE22BUYTzAo8nyMmQtPyEWS3g1BFhH4,0.399,416,1538,9444.07,0.026,107.02,427.0,"axiom,smart_degen",
2026-07-15,tefsDGYz1qc3F52ckPPxaVqxwbCuJkheoEhzyFDumyf,0.598,238,5752,4989.27,0.012,9.78,160.0,smart_degen,
2026-07-15,31iRQFxAApGY6LAXm16QDXmPFHSeY2mP4dW96P22iTBV,0.337,54,1957,11262.91,0.067,76.96,69.0,"axiom,smart_degen",
2026-07-15,6xX7LudE5AqnTUc8dJJfzuarkSc6WMw7qRHgQXUdWauJ,0.486,5649,884,25057.52,0.212,336.58,701.0,"axiom,smart_degen,top_followed,top_renamed",
2026-07-15,8XvHtG3mJLiXBoeTiq7Ykb5EoHurtCo6rKNPYj9Bt7ks,0.327,521,782,5067.24,0.038,0.02,387.0,smart_degen,
2026-07-15,HagBAc9gHuC3i8Abwom3UfRTTS6ACiJrv6tMKThccReZ,0.55,16,7524,4978.39,0.008,9.55,29.0,smart_degen,
2026-07-15,A2MwjTFz4jzT1mY4xrqkwm1vAbZDrqnA6QJoyTAU8Djw,0.443,1262,731,7735.6,0.059,49.18,338.0,"axiom,gmgn,padre,smart_degen",dddemono7ogy
2026-07-16,7edgdtnsR3eJPtbfJBTxcZar3rn7bEFhn6AQqmkBYgXX,0.334,18,477,2566.28,0.076,14.81,47.0,"axiom,gmgn,smart_degen",
2026-07-16,G4LFjeKUXeTFJteeSCLCdEmxdWr4nGKzKdXtK9u8N7MJ,0.517,234,1043,9104.49,0.113,27.28,20.0,"gmgn,smart_degen",ha_li60704
2026-07-16,31iRQFxAApGY6LAXm16QDXmPFHSeY2mP4dW96P22iTBV,0.335,60,2201,10728.18,0.057,53.64,70.0,"axiom,smart_degen",
2026-07-16,CbpnbXAD9PUAwVcYjHY96qooq6eNnoLiZzif766gqLPH,0.58,168,925,8353.17,0.038,73.34,434.0,"axiom,gmgn,smart_degen",
2026-07-16,GAAcxw3qcRmQTzm34UGQLz6q5V33Wk7vyugMPWXZKAbn,0.674,97,2960,4523.36,0.018,5.52,33.0,smart_degen,
2026-07-16,CQTc3FxSukLQQUseN4RqxRCLRNWxuQXUyCNFH9GQsfKo,0.347,70,3075,5914.67,0.098,23.11,129.0,"axiom,smart_degen",
2026-07-16,HV4cjkteGZ5g9HywDrM1HPC9f95PS9upzvH3MmgPfs53,0.347,72,2978,5547.67,0.094,11.29,129.0,"axiom,gmgn,smart_degen",
2026-07-16,FakckxEr9U29sWK7s3PNiit8c23xTi7XspbvB4nfLQih,0.353,83,2985,5884.59,0.1,25.92,129.0,"axiom,smart_degen",
2026-07-16,3kSUZ79VEfpy9Uw9sWnB1jG2GwmTQSCcn72NH57s1rCx,0.477,247,1960,13010.82,0.026,0.18,161.0,"fomo,padre,smart_degen",
2026-07-16,456xjxMrRKcp5odo8B1McWiTbvTUffFi5iCV1Ky9Sft7,0.321,300,2970,19274.91,0.044,15.44,147.0,"axiom,smart_degen",
2026-07-16,8fMq3Kz6CnayEJaZ7SfFnX1KPCpNjCSdoa8F2kMzewjd,0.426,6,1799,4646.37,0.074,4.15,83.0,"axiom,smart_degen",
2026-07-16,gtfoTELAeEZHUgHetA6umfsCETiBMzJCN4tB2sqCgFL,0.784,123,326,73896.97,0.124,125.33,20.0,smart_degen,
2026-07-16,2k9Ho6YBqBXgjsFZRd7r2KjaeGUy6XS7GrjEUDiiastE,0.419,24,432,8431.97,0.137,144.81,12.0,"axiom,smart_degen",
2026-07-16,GijFWw4oNyh9ko3FaZforNsi3jk6wDovARpkKahPD4o5,0.442,10203,4786,159795.35,0.199,1443.16,576.0,"axiom,gmgn,padre,photon,smart_degen,top_followed,top_renamed",
2026-07-16,CkakfbMYpsXd7FRNtz9mZqik1dWjk9EmmxuVhUTQcmq8,0.631,82,410,2225.42,0.074,15.21,208.0,"axiom,smart_degen",
2026-07-16,9bZ9PyDDmSXMk3wc9cAf3TKJ5svvyC5Kde4soXbNknPB,0.292,108,781,21273.53,0.172,0.07,503.0,"smart_degen,trojan",
2026-07-16,HagBAc9gHuC3i8Abwom3UfRTTS6ACiJrv6tMKThccReZ,0.552,17,6765,5421.51,0.01,6.21,30.0,smart_degen,
2026-07-16,tefsDGYz1qc3F52ckPPxaVqxwbCuJkheoEhzyFDumyf,0.601,241,5673,4862.52,0.011,46.95,161.0,smart_degen,
2026-07-16,5uez2R1fXyJ6YW1wVPqFoEq91WJufuWceVQy647qVYHF,0.699,198,1659,27903.63,0.038,504.01,101.0,smart_degen,
2026-07-16,Hd5wMoiypHWRQmkus5SHu6ECH27fXVqkhg3d5rGhvLAL,0.734,186,4508,12924.9,0.025,0.28,59.0,smart_degen,
2026-07-16,GKuT7sm231TtcMMutTvmbyqgmBvpx8KvwgRcvjGBajF,0.447,21,2324,4340.82,0.03,21.2,86.0,smart_degen,
2026-07-16,69nz7kBYDf8yxhHtRERY6pMLEusVk3UiAxXnbqRaswA8,0.565,22,457,6497.8,0.082,91.0,14.0,"gmgn,smart_degen",
2026-07-16,AJsuoSYsSGrNsXa7E7DEmzxhDPVVsPTGDnnT5x2Wuyye,0.518,19,159,2368.97,0.173,22.02,71.0,"gmgn,smart_degen,trojan",
2026-07-17,9haKJiniE7HR5im7b9a74VUGD7vHDu6waBwAdQegwqQm,0.624,16,1320,6287.58,0.015,1.3,25.0,smart_degen,
2026-07-17,hnu69n6P5CgYXCtUKii9wgamqtDeTVHY3TVJ6HKt7wC,0.755,777,2810,46563.21,0.022,20.14,296.0,"padre,smart_degen",
2026-07-17,7yd579zXmWPoxEE22BUYTzAo8nyMmQtPyEWS3g1BFhH4,0.411,421,1470,12996.85,0.037,105.76,429.0,"axiom,smart_degen",
2026-07-17,2k9Ho6YBqBXgjsFZRd7r2KjaeGUy6XS7GrjEUDiiastE,0.424,27,524,9375.95,0.127,154.68,13.0,"axiom,smart_degen",
2026-07-17,DjiJKVgtS3MrR9VasbQWMMZUpB4zsbipeKUJR1YLw91r,0.37,448,2380,2377.1,0.005,119.92,82.0,"axiom,smart_degen",
2026-07-17,JCXdWz4aRo4qHJ1W867SVCQe1HRiP3J6gCWs27pUAXzG,0.413,24,7848,19406.25,0.024,2.81,23.0,"axiom,smart_degen",
2026-07-17,GijFWw4oNyh9ko3FaZforNsi3jk6wDovARpkKahPD4o5,0.438,10249,4656,160993.17,0.203,1467.53,577.0,"axiom,gmgn,padre,photon,smart_degen,top_followed,top_renamed",
2026-07-17,3XxM17DT9j5nAv8j6kp8UcsjkbPLme7Ts6XTDNvFUD8e,0.429,30,165,4138.81,0.093,0.22,331.0,smart_degen,
2026-07-17,218Rr8p6rm8Hi17xXb4NNG3NwJVMJQ9eC5umrCm5G8yS,0.5,31,112,9288.18,0.281,0.56,261.0,smart_degen,
2026-07-17,6Dz5uBiVcF1R5DdyVYzEUFSzj9f137mT6Krb2x5fiEpT,0.647,611,36,4212.91,1.661,77.32,111.0,"axiom,smart_degen",
2026-07-17,J4VwASQoun49NGShwqWhy7UBsQq3gFbVfDLgJMsJjQKF,0.483,53,150,15292.22,0.337,1.65,261.0,smart_degen,
2026-07-17,FrTDFnHS3FaCs4z4p3FQAvbcg65dHUdRetEEB5WRRZEB,0.492,40,128,6582.63,0.218,1.34,261.0,smart_degen,
2026-07-17,BiKXA6BeDbwqjt874KeJTT4VZUBNS3Dns3NhCS92XAzM,0.462,19,167,7705.59,0.168,1.15,268.0,smart_degen,
2026-07-17,31iRQFxAApGY6LAXm16QDXmPFHSeY2mP4dW96P22iTBV,0.335,71,2311,12420.35,0.062,81.34,71.0,"axiom,smart_degen",
2026-07-17,7LFV8F5y9VTefNbN4BLdbA5cVqyZu3xiiFyaDKcEYJYo,0.426,65,146,8633.43,0.353,1.24,260.0,smart_degen,
2026-07-17,9HLLXsQVkb7naNsTke9BC8iqzmJrvqzWVMpC18GgAk7A,0.473,56,163,12817.4,0.359,1.36,267.0,smart_degen,
2026-07-17,qeRcZ9tGFwBpJuVpaYidjRdpBnHWzjuh7m7sMQNpgjy,0.476,43,143,8461.04,0.264,1.64,260.0,smart_degen,
2026-07-17,JDrigAfnXCfU5jmLqRNtNJfDhba1oxCckhrriQTbnTzq,0.44,21,163,11780.56,0.291,1.25,267.0,smart_degen,
2026-07-17,AAf5EVBQVkXmJK8tf6mWmuThWpo6DM72VNMSBpnH352p,0.389,59,176,14827.63,0.443,1.55,260.0,smart_degen,
2026-07-17,HNGwZZajxKgom7XARrHns9y98YxJp8GFZJ7ioCx9tvo9,0.444,46,165,14566.51,0.491,1.14,269.0,smart_degen,
2026-07-17,CU5HGM7PoLYSXGXC3StwKeqmFoLHVSQxPg459ofArBhT,0.478,62,170,25262.67,0.804,1.8,269.0,smart_degen,
2026-07-17,2XbwqRgdHNMYYowGDCLC62kfFoJwA8Qap7ff2Jp7M58N,0.507,116,198,48828.05,1.16,1.45,260.0,smart_degen,
2026-07-17,7uz8597YAGd4Q7aUYdX2yPxh4Bbst9QarwDdgxtZDuBQ,0.471,39,199,27124.15,0.615,0.79,311.0,smart_degen,
2026-07-17,EVSzDb4atiW7Zj6dAm2guwD1sWNuxYbxfzjKFrZ8Uuqu,0.541,66,163,26903.68,0.909,1.4,311.0,smart_degen,
2026-07-17,BFbEv2cysR4S5SUmr3rREs9EtBANTUofDGUDsTmXXfrY,0.488,47,210,15909.61,0.435,1.45,311.0,smart_degen,
2026-07-17,4wWYacRGWT9u1qyB7VU3VWfjbidrCu14vn1cpwfnvdBV,0.471,34,2423,7478.26,0.036,59.09,163.0,smart_degen,
2026-07-17,5SFgzLhLpjGKcm3iMaG3jFJS4fUVruHYQiphiBrQd2Qb,0.76,62,830,11018.75,0.031,0.39,60.0,smart_degen,
2026-07-17,Bw1mpBY7GnaHZifCNqYca4xtgRbuNrTbmHdAbY3Qn7Nz,0.478,56,196,16879.18,0.387,1.35,300.0,smart_degen,
2026-07-17,G8UgjG75Eo25L4B1ZgNfcoonGgpuDPm11qFgW8TCnxt9,0.525,37,209,14934.07,0.326,1.54,320.0,smart_degen,
2026-07-17,EcREe7gBRoz3KsU3JTM4BN2nJ4E4vC5NZdMpjp4M5Qku,0.5,111,226,14585.65,0.337,1.39,300.0,smart_degen,
2026-07-17,GSPJTDUrWCXg5LYZ5Qo2Y5fBbAWrL9G6f56KvvZM7jL9,0.461,22,2679,4282.0,0.023,47.26,36.0,smart_degen,
2026-07-17,7z5eEp8JCnXUsPbffwqt6f9kFEcw3nye4oBzvT1t1qdb,0.419,73,212,32576.4,0.715,1.3,300.0,smart_degen,
2026-07-17,CwvYUDGo4x7TYonn9qLb1c9rnUu5k3s4FN5hT38rnbsq,0.518,141,1043,41576.81,0.14,125.52,50.0,"axiom,smart_degen",
2026-07-17,CMw7kj6ceqVqdj6XLc8FEJaZfPHBSUzubArqXjChfn11,0.47,27,529,10427.23,0.17,49.3,18.0,"axiom,smart_degen",
2026-07-17,Edni57CyRhGbjDQFd9jYbBN8asjLDmxCXws2Qo248CRB,0.563,50,557,9272.35,0.119,29.83,180.0,"gmgn,smart_degen",
2026-07-17,7KjC6pHMA3wjxnnTV5nGspGwTQm6TJjZTGLNi7wMWwo8,0.443,69,444,2767.07,0.081,19.68,180.0,smart_degen,
2026-07-17,tefsDGYz1qc3F52ckPPxaVqxwbCuJkheoEhzyFDumyf,0.593,246,5642,4252.56,0.01,41.94,162.0,smart_degen,
2026-07-17,6qLWeCuTKGx8yjyZfuqHvhiktT9b8Hh5X33upgycWyHQ,0.586,8,295,4335.73,0.111,82.48,86.0,"axiom,smart_degen",
2026-07-18,EwnkxBuhKSqFaee7GY9AXbhpkSAQtEvnrcLEJ7cxVh6N,0.53,12,560,3371.45,0.081,15.05,170.0,"gmgn,smart_degen",
2026-07-18,DaKSn9Vy7pbnwuTkW1LNsd5hXskjWbjNVuXjGpNsQCLb,0.552,60,2718,10030.76,0.063,33.02,,smart_degen,
2026-07-18,DMS1vb5nQF8qcPS6RdmM9HNfzzSSN9KbywENNCDcTof8,0.727,6,116,1476.31,0.029,33.13,3.0,"fresh_wallet,smart_degen",
2026-07-18,Hd5wMoiypHWRQmkus5SHu6ECH27fXVqkhg3d5rGhvLAL,0.732,193,4439,12998.87,0.025,0.26,61.0,smart_degen,
2026-07-18,BnNMkMRhQmAd56KPN9141ULX9HhPmQrkSzYxr8CCPbyX,0.353,10,2465,2088.35,0.01,0.81,42.0,"axiom,smart_degen",
2026-07-18,31iRQFxAApGY6LAXm16QDXmPFHSeY2mP4dW96P22iTBV,0.335,107,2376,22315.16,0.109,35.72,72.0,"axiom,smart_degen",
2026-07-18,FjkwfPK91zbRKNZVRBEhz99EdjF46ytW8E95djHdG4RX,0.639,585,455,44162.48,0.257,165.16,561.0,"axiom,padre,photon,smart_degen",
2026-07-18,7yd579zXmWPoxEE22BUYTzAo8nyMmQtPyEWS3g1BFhH4,0.409,424,1425,13073.24,0.039,114.22,430.0,"axiom,smart_degen",
2026-07-18,G8d896csSR1SeTxpBi3GYFndceHFhkJdNRwriaqmG9eV,0.57,51,624,3398.23,0.051,17.52,445.0,"axiom,smart_degen",
2026-07-18,7KjC6pHMA3wjxnnTV5nGspGwTQm6TJjZTGLNi7wMWwo8,0.444,73,469,2865.49,0.079,21.85,180.0,smart_degen,
2026-07-18,FLuHbGvgxEi3X3txGQRXhcduvqBn7L8JNVcMCx3B1RMJ,0.535,14,1433,2066.44,0.038,14.87,164.0,smart_degen,
2026-07-18,5Zj65LDNSRmQXr5ZrDHbBVDh8Q4SxmfakXXc9kytq6aW,0.41,92,1524,19439.08,0.105,17.99,7.0,"fresh_wallet,gmgn,smart_degen",
2026-07-18,EydyXYJ2V9Up79wCCoj2heMBRSUSDqFnQtVEDwESmY4n,0.36,101,1784,14456.17,0.07,21.45,6.0,"fresh_wallet,gmgn,padre,smart_degen",
2026-07-18,HZXdwRRw27kfpYtTqc7bMfrRgK3LSUaiKDFtqoEihik8,0.447,817,2161,36946.34,0.201,354.71,179.0,"photon,smart_degen",
2026-07-18,DPwH9aWrYGSBqMiPNLMW4Hti1k1xgq64t781eycfLCp5,0.65,166,4567,8496.04,0.018,4.44,398.0,"axiom,padre,smart_degen",
2026-07-18,yCZh8B1aDzYi7QLvbWGxSE3BdaPcnNrDtL9M65fMiLZ,0.383,23,2909,3047.74,0.075,1.69,11.0,"axiom,smart_degen",
2026-07-18,6H6qYxub5i3BNQBQzRmYoC8APa4mYNZAKaoQWtcMiLZ,0.379,14,2992,3185.56,0.07,1.61,12.0,"axiom,smart_degen",
2026-07-18,gTgdTQ8yzgP3t4DrgD92uitLSS2zq8k9xLUtpwsxHAM,0.384,16,2848,3202.17,0.081,1.79,11.0,"axiom,smart_degen",
2026-07-18,B4VNbMjFcLD7M2n4LJKKhNEPheuU15kvrsXMDAgq4XMN,0.396,31,1900,1434.45,0.006,5.88,81.0,"padre,smart_degen",
2026-07-18,B1QesfSxQFkCmCvWyc2jXcPAEVa2FYNNoRJEFVKSftVD,0.396,25,1598,1155.04,0.006,6.03,295.0,"axiom,padre,smart_degen",
2026-07-18,6qLWeCuTKGx8yjyZfuqHvhiktT9b8Hh5X33upgycWyHQ,0.586,10,314,4644.75,0.111,83.86,87.0,"axiom,smart_degen",
2026-07-18,5uez2R1fXyJ6YW1wVPqFoEq91WJufuWceVQy647qVYHF,0.698,215,1707,27437.75,0.036,218.69,103.0,smart_degen,
2026-07-18,BCagckXeMChUKrHEd6fKFA1uiWDtcmCXMsqaheLiUPJd,0.307,28160,12462,3446.35,0.008,602.3,81.0,"axiom,bullx,gmgn,top_followed,top_renamed,wash_trader",vibed333
2026-07-18,yvfpNnyERgh8wGaY3H6fRiFzi1MAa3wBXn4jmwmN1UG,0.484,18,414,1326.12,0.143,3.67,605.0,smart_degen,
2026-07-18,951wq3qDowjKHaycrNaiRB5WpovYVKXnqhnrcKPh46zt,0.461,19540,1262,34207.96,0.568,14.94,83.0,"axiom,gmgn,padre,smart_degen,top_followed",savemejrus
2026-07-18,isoQDhiRHcHPcVUjiyXh11ZppmdPLehhCzZN8cLuzBG,0.491,134,143,4264.97,0.111,69.03,121.0,"axiom,smart_degen",
2026-07-18,5E36QXMR4VP7dShYAmMgeKi6PvAvszLBhQFZU57pK2wq,0.474,6,208,1564.24,0.125,0.91,9.0,smart_degen,
2026-07-18,tefsDGYz1qc3F52ckPPxaVqxwbCuJkheoEhzyFDumyf,0.583,249,5520,3961.75,0.009,39.55,163.0,smart_degen,
2026-07-18,3kaskGCR1hucFFHUHc8XCHuN1Kzs9LBnYe6JfaWuMG1e,0.5,46,785,2261.59,0.066,30.51,208.0,"gmgn,smart_degen",
2026-07-19,5SFgzLhLpjGKcm3iMaG3jFJS4fUVruHYQiphiBrQd2Qb,0.701,72,1026,12806.88,0.03,30.54,62.0,smart_degen,
2026-07-19,Hd5wMoiypHWRQmkus5SHu6ECH27fXVqkhg3d5rGhvLAL,0.731,199,4451,12949.34,0.025,0.27,62.0,smart_degen,
2026-07-19,3kaskGCR1hucFFHUHc8XCHuN1Kzs9LBnYe6JfaWuMG1e,0.5,50,1012,2584.28,0.06,35.46,209.0,"gmgn,smart_degen",
2026-07-19,DaKSn9Vy7pbnwuTkW1LNsd5hXskjWbjNVuXjGpNsQCLb,0.554,65,2872,10434.73,0.062,42.84,,smart_degen,
2026-07-19,4wWYacRGWT9u1qyB7VU3VWfjbidrCu14vn1cpwfnvdBV,0.465,46,2617,9224.45,0.041,42.28,165.0,smart_degen,
2026-07-19,3odfRu4MEmcGUQKSPa3P32F8w5ebE4WxKricHmZL44rD,0.48,3,95,1097.2,0.053,4.19,11.0,smart_degen,
2026-07-19,B3SwZ7ixpUxn8e7izhUqTy1GozA747PLL53okso3VPu7,0.545,4,606,1979.96,0.05,9.25,74.0,"gmgn,smart_degen",
2026-07-19,CMw7kj6ceqVqdj6XLc8FEJaZfPHBSUzubArqXjChfn11,0.466,30,586,10170.06,0.149,110.4,20.0,"axiom,smart_degen",
2026-07-19,FGdZwJbkus7hz5Q7h2VDhLkzKREKGHUmYvnDij9iYUsg,0.571,6,1999,2267.45,0.02,3.7,4.0,"fresh_wallet,smart_degen",
2026-07-19,GSPJTDUrWCXg5LYZ5Qo2Y5fBbAWrL9G6f56KvvZM7jL9,0.458,27,2891,5223.03,0.026,35.61,38.0,smart_degen,
2026-07-19,G8d896csSR1SeTxpBi3GYFndceHFhkJdNRwriaqmG9eV,0.59,54,627,4351.77,0.063,13.69,446.0,"axiom,smart_degen",
2026-07-19,9haKJiniE7HR5im7b9a74VUGD7vHDu6waBwAdQegwqQm,0.635,23,1470,7467.28,0.016,1.13,27.0,smart_degen,
2026-07-19,CGFLn4iE1Td6DSp8Lr4YpK4mTtUEgDnNxhDksJeiXiNP,0.51,50,153,10138.0,0.432,0.03,273.0,smart_degen,
2026-07-19,5E36QXMR4VP7dShYAmMgeKi6PvAvszLBhQFZU57pK2wq,0.441,6,257,1610.66,0.108,0.46,10.0,smart_degen,
2026-07-19,hnu69n6P5CgYXCtUKii9wgamqtDeTVHY3TVJ6HKt7wC,0.757,810,2804,45988.3,0.022,20.77,298.0,"padre,smart_degen",
2026-07-19,pvDd7Ut3wLf9XJW7u2wi34EK4oGdEVYjk7vCWJ99gD9,0.605,11,362,4810.55,0.48,9.82,25.0,smart_degen,
2026-07-19,FKMrrPLEhCtBkrBFKnT6vE6ajSXVb9PYS69wvoYvv16i,0.309,57,191,9777.9,0.319,3.54,547.0,smart_degen,
2026-07-19,5uez2R1fXyJ6YW1wVPqFoEq91WJufuWceVQy647qVYHF,0.703,217,1712,26993.71,0.035,218.62,104.0,smart_degen,
2026-07-19,BCagckXeMChUKrHEd6fKFA1uiWDtcmCXMsqaheLiUPJd,0.31,28209,12704,6350.51,0.014,648.13,82.0,"axiom,bullx,gmgn,top_followed,top_renamed,wash_trader",vibed333
2026-07-19,FLuHbGvgxEi3X3txGQRXhcduvqBn7L8JNVcMCx3B1RMJ,0.53,15,1515,1828.82,0.031,13.8,165.0,smart_degen,
2026-07-19,DEvy1haYnVi6y45CPV7LtYkkWXvwL4rP69kVdoutQdAw,0.511,9,115,2564.5,0.165,0.31,11.0,smart_degen,
2026-07-19,456xjxMrRKcp5odo8B1McWiTbvTUffFi5iCV1Ky9Sft7,0.303,318,3102,13385.45,0.031,15.02,150.0,"axiom,smart_degen",
2026-07-19,Ay1pyfhZX7SVrHdgF2ExC5JgPqLoG5maDd5azrfwDvbh,0.503,254,5177,6571.73,0.023,27.49,453.0,"axiom,smart_degen",
2026-07-19,Db585c3RZoQGEGnqqKsL1RjaLjcTURFL6JQ4FUDbx5Hf,0.311,21,160,7081.06,0.418,3.75,69.0,"axiom,photon,smart_degen",
2026-07-19,ECzbbZRETNs7VdY1Ko5Sq3qGNXevvyqSvn2zBQ7HEL4w,0.422,49,708,3390.73,0.08,0.17,48.0,smart_degen,
2026-07-19,3kSUZ79VEfpy9Uw9sWnB1jG2GwmTQSCcn72NH57s1rCx,0.48,252,1894,13640.97,0.027,0.02,164.0,"fomo,padre,smart_degen",
2026-07-19,CwFHabimmttCzovWrd879fNk3iJGczobxrehM55iTaAH,0.302,11,1181,2891.45,0.044,7.94,36.0,"axiom,smart_degen",
2026-07-19,teddyYXw7aiNpDuQCeLb2YiBJhqthBid4C54BuWcPxm,0.433,1521,2146,52019.89,0.189,304.49,160.0,"axiom,padre,smart_degen",
2026-07-19,4qSrjCUiRRH6H4PeVYDKnfSapdqznJKuTkzk2BmVHbxE,0.564,4,178,4007.31,0.22,0.0,107.0,smart_degen,
2026-07-19,2zbM47wNKDfkwYD7d7iaVApaPwof8DSTZJau9UHxuqXv,0.725,47,1476,7028.95,0.05,10.33,304.0,smart_degen,
2026-07-19,72NWWbchKdRJKvhG6U4f9363psUttkeEkE4yk15imy8u,0.547,55,1030,1105.78,0.007,36.86,419.0,smart_degen,
2026-07-19,DjiJKVgtS3MrR9VasbQWMMZUpB4zsbipeKUJR1YLw91r,0.37,467,2713,4724.29,0.01,101.96,84.0,"axiom,smart_degen",
2026-07-20,GAAcxw3qcRmQTzm34UGQLz6q5V33Wk7vyugMPWXZKAbn,0.66,108,2894,3433.03,0.013,3.43,37.0,smart_degen,
2026-07-20,gTgdTQ8yzgP3t4DrgD92uitLSS2zq8k9xLUtpwsxHAM,0.378,22,3250,3250.94,0.072,4.02,13.0,"axiom,smart_degen",
2026-07-20,6H6qYxub5i3BNQBQzRmYoC8APa4mYNZAKaoQWtcMiLZ,0.374,22,3394,3233.0,0.063,7.19,14.0,"axiom,smart_degen",
2026-07-20,yCZh8B1aDzYi7QLvbWGxSE3BdaPcnNrDtL9M65fMiLZ,0.376,30,3310,3104.54,0.067,3.19,13.0,"axiom,smart_degen",
2026-07-20,4wWYacRGWT9u1qyB7VU3VWfjbidrCu14vn1cpwfnvdBV,0.458,48,2678,9656.4,0.044,33.19,166.0,smart_degen,
2026-07-20,popo3Rj6arKNttyUFpWfbkv2gG8uS13TGtmH6JPMuHz,0.685,512,8268,66154.82,0.02,3.51,206.0,smart_degen,
2026-07-20,9haKJiniE7HR5im7b9a74VUGD7vHDu6waBwAdQegwqQm,0.628,27,1553,7479.73,0.015,1.06,29.0,smart_degen,
2026-07-20,69nz7kBYDf8yxhHtRERY6pMLEusVk3UiAxXnbqRaswA8,0.523,44,641,6301.09,0.056,112.15,18.0,"gmgn,smart_degen",
2026-07-20,3kaskGCR1hucFFHUHc8XCHuN1Kzs9LBnYe6JfaWuMG1e,0.502,51,1122,2657.35,0.056,13.02,210.0,"gmgn,smart_degen",
2026-07-20,A8yiUQzGELdiG481AbZoyCGG9QvRPaEmYbnkAmb7Fpc7,0.481,16,241,1443.27,0.073,9.53,83.0,"axiom,smart_degen",
2026-07-20,Eq7kXPwxF5qZZjjgTZ3BaEAgH2uMFvZtYi9yeLRHafeA,0.478,12,1629,8655.78,0.113,47.21,58.0,"axiom,smart_degen",
2026-07-20,BCagckXeMChUKrHEd6fKFA1uiWDtcmCXMsqaheLiUPJd,0.322,28276,13184,6660.99,0.014,664.19,83.0,"axiom,bullx,gmgn,top_followed,top_renamed,wash_trader",vibed333
2026-07-20,Hd5wMoiypHWRQmkus5SHu6ECH27fXVqkhg3d5rGhvLAL,0.729,210,4574,13535.0,0.025,0.19,63.0,smart_degen,
2026-07-20,BGcaMBrmXR82BAqLu7rvqKzfrBmEwRGqQHecEhj4tk9q,0.456,23,3221,1524.18,0.053,3.09,38.0,"axiom,gmgn,smart_degen",
2026-07-20,5E36QXMR4VP7dShYAmMgeKi6PvAvszLBhQFZU57pK2wq,0.461,13,330,2354.46,0.131,1.69,12.0,smart_degen,
2026-07-20,GSPJTDUrWCXg5LYZ5Qo2Y5fBbAWrL9G6f56KvvZM7jL9,0.453,27,2957,6123.74,0.03,29.21,39.0,smart_degen,
2026-07-20,yvfpNnyERgh8wGaY3H6fRiFzi1MAa3wBXn4jmwmN1UG,0.48,18,455,1737.91,0.169,9.52,607.0,smart_degen,
2026-07-20,CkakfbMYpsXd7FRNtz9mZqik1dWjk9EmmxuVhUTQcmq8,0.622,91,546,3762.42,0.09,10.0,212.0,"axiom,smart_degen",
2026-07-20,3CsDNN3KGgN32JCXVZa8XJJ9ssYJyoYcYMK5igPq5fPW,0.559,35,3852,2855.62,0.009,3.6,55.0,smart_degen,
2026-07-20,4U9s6ktkZVD6W9K5X1RRVG89Mm9ZGznrPhhPhXezNedm,0.566,70,1275,7697.5,0.03,5.82,83.0,"gmgn,smart_degen",
2026-07-20,5uez2R1fXyJ6YW1wVPqFoEq91WJufuWceVQy647qVYHF,0.7,227,1719,26400.81,0.034,237.48,106.0,smart_degen,
2026-07-20,3ke6V9TJ3DLrvAqAv8ds43AMeNvdpDF1GQBF7Ng5SJwC,0.619,8,82,4295.06,0.337,0.05,105.0,smart_degen,
2026-07-20,4fLjMNg5D1JyHg7ZFJpHD2NELRr7EiQTBeJvVJ2HhAPm,0.368,3,394,974.08,0.056,0.01,7.0,"fresh_wallet,smart_degen",
2026-07-20,2sqA7hhhJHckSFMMP8hJNHc86L4JNYNbh6Ts3ymMCWvP,0.357,10,300,1091.45,0.035,5.54,6.0,"axiom,fomo,fresh_wallet,smart_degen",
2026-07-20,HfN9JFxwS89fERT8of2dt1it6G3P2ia5sJc5J8GkwU5k,0.426,508,575,63147.73,0.337,213.98,453.0,"axiom,smart_degen",
2026-07-20,2k9Ho6YBqBXgjsFZRd7r2KjaeGUy6XS7GrjEUDiiastE,0.413,41,768,11587.15,0.108,178.77,16.0,"axiom,smart_degen",
2026-07-20,5f5LEyqTvypZdZwTG5uhTQFro9RaLBV4DLNhLMqfXdsW,0.481,29,261,2323.15,0.062,77.43,144.0,"axiom,smart_degen",
2026-07-21,GSPJTDUrWCXg5LYZ5Qo2Y5fBbAWrL9G6f56KvvZM7jL9,0.452,27,3159,6577.34,0.03,37.33,40.0,smart_degen,
2026-07-21,4WFt2rTpAQr89dDDFg1NNoyPu2xFoQfxM8t75BKFW9PS,0.463,9,3824,1682.5,0.006,38.0,29.0,"axiom,smart_degen",
2026-07-21,Hd5wMoiypHWRQmkus5SHu6ECH27fXVqkhg3d5rGhvLAL,0.726,220,4648,13455.14,0.025,0.27,64.0,smart_degen,
2026-07-21,31iRQFxAApGY6LAXm16QDXmPFHSeY2mP4dW96P22iTBV,0.338,164,2596,22726.79,0.1,37.28,75.0,"axiom,smart_degen",
2026-07-21,4wWYacRGWT9u1qyB7VU3VWfjbidrCu14vn1cpwfnvdBV,0.458,53,2883,10263.09,0.043,41.43,167.0,smart_degen,
2026-07-21,CNQHDwLNz7JeM8iSKkHFFZJ9xNt4cwEVhEsgQS1KdGn8,0.687,45,1096,4930.67,0.042,29.59,268.0,"gmgn,photon,smart_degen",
2026-07-21,2k9Ho6YBqBXgjsFZRd7r2KjaeGUy6XS7GrjEUDiiastE,0.413,46,858,12298.56,0.101,174.27,17.0,"axiom,smart_degen",
2026-07-21,popo3Rj6arKNttyUFpWfbkv2gG8uS13TGtmH6JPMuHz,0.679,533,8256,62839.33,0.019,1.72,207.0,smart_degen,
2026-07-21,4aE7NqEznFdD7kBvyhj8wvoQvTjezvmiB8vdHZfmSD5B,0.4,18,730,6334.91,0.171,58.9,15.0,"axiom,smart_degen",
2026-07-21,4PY3MLrKPV4H3k477XYNC5ngGnYivstKhjc4e28ajYRu,0.385,18,8763,1799.57,0.013,16.62,86.0,"axiom,smart_degen",
2026-07-21,7MdMXpA2i9BLKP1wKpycfJcZ87RvvNbW9QHSkMGdoJZb,0.682,34,4153,4056.89,0.014,8.76,86.0,smart_degen,
2026-07-21,6KuCbkFJxq7JinaiiQhsQWQHqty7U77neot7yKGVJm7v,0.385,72,1289,6882.93,0.06,20.49,87.0,"axiom,gmgn,padre,smart_degen",CookedSayers
2026-07-21,99aWEJ1iXpcEg8CxEobZQiwBRBSpCd8m1Pwu3RqS6VNn,0.499,197,958,6648.76,0.034,8.44,343.0,"axiom,gmgn,padre,smart_degen",tradersnitch9
2026-07-21,hnu69n6P5CgYXCtUKii9wgamqtDeTVHY3TVJ6HKt7wC,0.756,848,2790,46315.34,0.022,20.39,300.0,"padre,smart_degen",
2026-07-21,3CsDNN3KGgN32JCXVZa8XJJ9ssYJyoYcYMK5igPq5fPW,0.551,37,3876,2982.03,0.009,0.61,55.0,smart_degen,
2026-07-21,9haKJiniE7HR5im7b9a74VUGD7vHDu6waBwAdQegwqQm,0.634,27,1585,7616.32,0.015,0.98,29.0,smart_degen,
2026-07-21,4mZ1ynHxCQhV5Kuk6LXqDL9FGsosWLeDjB2YCh1rGx9d,0.34,30,438,13128.38,0.22,10.29,26.0,"axiom,gmgn,smart_degen",cwypt0x
2026-07-21,5SFgzLhLpjGKcm3iMaG3jFJS4fUVruHYQiphiBrQd2Qb,0.717,99,1244,16563.24,0.033,100.88,64.0,smart_degen,
2026-07-21,CkakfbMYpsXd7FRNtz9mZqik1dWjk9EmmxuVhUTQcmq8,0.603,94,607,3163.72,0.061,10.08,213.0,"axiom,smart_degen",
2026-07-21,B3SwZ7ixpUxn8e7izhUqTy1GozA747PLL53okso3VPu7,0.545,7,665,1836.39,0.042,2.38,76.0,"gmgn,smart_degen",
2026-07-21,2nhqxaPjXQM7jmGP4pk4D5gXdmPtAbZGnNBGDcyqHS73,0.624,89,1367,8242.19,0.036,64.71,260.0,"axiom,smart_degen",
2026-07-21,FMrLCzfeRZLiawdoj7PRiAyo3kwbYWJ7XWQXgxmeHr8w,0.506,652,516,20267.64,0.136,30.26,479.0,"axiom,smart_degen",
2026-07-21,AnCkz86GTunuGTHAwa4utaeHud2T9dyufQ6S7Uheqisp,0.452,13,1739,3592.37,0.036,16.28,20.0,"axiom,smart_degen",
2026-07-21,DiWjszBgKWna1io9dRfcJY6gUuZfyTJdHXhYqnqPLkyG,0.569,7,1050,3084.52,0.036,25.56,21.0,"axiom,smart_degen",
2026-07-21,GAAcxw3qcRmQTzm34UGQLz6q5V33Wk7vyugMPWXZKAbn,0.658,114,2925,3386.19,0.013,1.7,38.0,smart_degen,
2026-07-21,3mfERS8rCpDLbi2eu7ZWUnHPtR9o5cQu275JvSb9wLiL,0.492,7,345,2550.54,0.148,7.17,27.0,"axiom,smart_degen",
2026-07-21,UWUsbWpXxdD3S9NxDnrDCEZBHDcACU9hDHuYQnk244y,0.481,35,147,13410.27,0.231,31.24,30.0,"axiom,gmgn,smart_degen",
2026-07-21,3kaskGCR1hucFFHUHc8XCHuN1Kzs9LBnYe6JfaWuMG1e,0.494,52,1318,3181.26,0.056,23.58,211.0,"gmgn,smart_degen",
2026-07-21,DaKSn9Vy7pbnwuTkW1LNsd5hXskjWbjNVuXjGpNsQCLb,0.546,66,3112,11023.06,0.063,34.76,,smart_degen,
2026-07-21,AJPkaCvcTAaH1xNkhx6bTSbVovqgEqXqcLoyRtGyAR6U,0.571,170,456,8708.02,0.095,23.29,84.0,"axiom,smart_degen",
2026-07-22,GAAcxw3qcRmQTzm34UGQLz6q5V33Wk7vyugMPWXZKAbn,0.651,120,2929,3033.52,0.011,4.78,39.0,smart_degen,
2026-07-22,CxhCsRD9Jo8zf2V5MPmQHkcYHPwkBPBEjpnpgYgdtjom,0.605,1,217,3596.4,0.033,49.9,8.0,smart_degen,
2026-07-22,7yd579zXmWPoxEE22BUYTzAo8nyMmQtPyEWS3g1BFhH4,0.405,431,1452,11059.95,0.031,184.46,434.0,"axiom,smart_degen",
2026-07-22,BopgSXVHNqks8GNMp5UJ3g54mKP1Wgfs8j6DcRNSCoBb,0.327,464,897,46478.57,0.326,101.73,502.0,"axiom,photon,smart_degen",
2026-07-22,XjsgzZkt4k1Z5S1wq4y6oNH7iqCZ68mabV8E2cu2fgt,0.337,246,962,14992.3,0.109,118.09,194.0,"axiom,padre,smart_degen",
2026-07-22,DjiJKVgtS3MrR9VasbQWMMZUpB4zsbipeKUJR1YLw91r,0.373,501,3217,9092.69,0.017,119.67,87.0,"axiom,smart_degen",
2026-07-22,G4LFjeKUXeTFJteeSCLCdEmxdWr4nGKzKdXtK9u8N7MJ,0.5,307,1569,9453.13,0.078,19.58,26.0,"gmgn,smart_degen",ha_li60704
2026-07-22,DRJBox2NWscEPCkngCgAT9VN8edXMnHxGsnTLt9PwVQi,0.36,37,658,2549.27,0.082,59.93,85.0,"padre,smart_degen",
2026-07-22,BeUW3MFm5Em8zpReaSrfgRNyHhya7jA5VAJdnfEk7HoU,0.503,62,4884,5064.77,0.021,23.51,106.0,smart_degen,
2026-07-22,FhVMASKRg6JfmsjJu71FdkmYpt63JhHawapJtkdLJ659,0.467,62,324,3967.11,0.142,0.44,251.0,"axiom,smart_degen",
2026-07-22,7gdo83WqcXvown8aHUrgma716BEwGdjRA9CtdUThBy5U,0.443,252,3618,12673.68,0.078,44.58,526.0,"axiom,padre,smart_degen",
2026-07-22,Ggb7o1osAQjv4PrAaFzF9UKRW9qYkfCtSZs56BgcAffa,0.565,64,259,4764.34,0.041,43.21,368.0,"photon,smart_degen",
2026-07-22,7bQkmyXf4UYWR6LmyvR1TH4Y1rKRbJi1SukugYToHXeh,0.648,17,93,1883.22,0.103,27.22,96.0,"axiom,smart_degen",
2026-07-22,EH61htz7xVQJQXJRmaJXGSdhY57Ks8fmSYZvUNYYW5Cu,0.519,5,245,1896.96,0.067,8.64,7.0,"axiom,fresh_wallet,smart_degen",
2026-07-22,9haKJiniE7HR5im7b9a74VUGD7vHDu6waBwAdQegwqQm,0.63,28,1623,7454.29,0.015,0.9,30.0,smart_degen,
2026-07-22,3mfERS8rCpDLbi2eu7ZWUnHPtR9o5cQu275JvSb9wLiL,0.489,7,357,2465.0,0.136,7.19,28.0,"axiom,smart_degen",
2026-07-22,3kYrKeXhU4dozhGVFZ4MgpPBTZTb4RuztvbCRM6fY4wk,0.446,2,5843,2144.13,0.005,9.26,47.0,smart_degen,
2026-07-22,2nhqxaPjXQM7jmGP4pk4D5gXdmPtAbZGnNBGDcyqHS73,0.635,95,1416,9879.62,0.041,79.04,261.0,"axiom,smart_degen",
2026-07-22,teddyYXw7aiNpDuQCeLb2YiBJhqthBid4C54BuWcPxm,0.431,1611,2261,57247.57,0.21,332.13,163.0,"axiom,padre,smart_degen",
2026-07-22,BCagckXeMChUKrHEd6fKFA1uiWDtcmCXMsqaheLiUPJd,0.323,28350,13852,6133.52,0.012,664.88,85.0,"axiom,bullx,gmgn,top_followed,top_renamed,wash_trader",vibed333
2026-07-22,CAmNcBJ82xr1tzXrwZ6tZKwEFs26TG8kT6dJeR1bxjW9,0.673,1823,320,42196.81,1.137,42.46,194.0,"axiom,smart_degen",
2026-07-22,4PY3MLrKPV4H3k477XYNC5ngGnYivstKhjc4e28ajYRu,0.386,20,8625,2119.27,0.015,19.43,87.0,"axiom,smart_degen",
2026-07-22,CMw7kj6ceqVqdj6XLc8FEJaZfPHBSUzubArqXjChfn11,0.479,49,699,13456.86,0.168,142.58,23.0,"axiom,smart_degen",
2026-07-22,HV4cjkteGZ5g9HywDrM1HPC9f95PS9upzvH3MmgPfs53,0.351,78,2858,5213.15,0.091,5.03,135.0,"axiom,gmgn,smart_degen",
2026-07-22,FakckxEr9U29sWK7s3PNiit8c23xTi7XspbvB4nfLQih,0.353,89,2906,5593.24,0.097,8.76,135.0,"axiom,smart_degen",
2026-07-22,CQTc3FxSukLQQUseN4RqxRCLRNWxuQXUyCNFH9GQsfKo,0.347,79,2918,5587.14,0.096,7.01,135.0,"axiom,smart_degen",
2026-07-22,9XqwcSGu1bqf9wPNjaG22avEqtRa2RKmsShAw5sKoEjv,0.655,20,791,8788.86,0.037,1.6,31.0,smart_degen,
2026-07-22,BZ85RGfhPQjwBV4ntLtF1LEbvokLh2wz6cSRdruDrbaj,0.429,2,652,1611.33,0.102,6.02,17.0,"axiom,smart_degen",
2026-07-22,HkjHhf9ijd9Acjn9S7qT4pFnh5TBbrbfJ6DaYgir8eAK,0.266,1,1982,3648.03,0.038,0.29,519.0,smart_degen,
2026-07-22,91Tot4afpSsuYQgMRsTms32REKCVZ4GPD35SKoK36Aso,0.565,49,643,3782.04,0.049,3.79,445.0,"axiom,smart_degen",
2026-07-22,CwvYUDGo4x7TYonn9qLb1c9rnUu5k3s4FN5hT38rnbsq,0.534,158,1023,39590.35,0.129,109.19,55.0,"axiom,smart_degen",
2026-07-22,3ricXXziD22sZFyecy12L3dbYLH5Dep6scaHVdL8JdFz,0.451,105,1100,6479.43,0.062,30.14,85.0,"gmgn,smart_degen",
2026-07-22,DaKSn9Vy7pbnwuTkW1LNsd5hXskjWbjNVuXjGpNsQCLb,0.549,69,3106,11514.26,0.065,38.6,,smart_degen,
2026-07-22,CCzw1UmMy2qd9VQterfW8iiGtrSd5XxKQKjRap8wnP7a,0.538,110,759,11119.72,0.073,31.71,296.0,"axiom,smart_degen",
2026-07-22,2GWX7HXWbfeBiGSKAYKwdgYP2EPATdU7NBD9kbJ6Ai2S,0.619,6,197,3850.97,0.167,0.0,110.0,smart_degen,
2026-07-23,7yd579zXmWPoxEE22BUYTzAo8nyMmQtPyEWS3g1BFhH4,0.401,437,1422,9442.49,0.027,147.01,435.0,"axiom,smart_degen",
2026-07-23,HbGw2sgZwhJEENeCEqGnABLBqG8nUR71vzabFLAYceuv,0.347,261,1293,113492.58,0.893,275.91,43.0,"gmgn,smart_degen",
2026-07-23,7WpEMRyV2Drs7FRNeD9XpdT3nCpqyqj2QYyVSJ4XKYnn,0.395,261,1259,20912.81,0.226,49.34,226.0,"axiom,smart_degen",
2026-07-23,2UoZHvfBUB2UjiDcnfhczrukqrfBWTu5JeTqLaAHSzVo,0.386,567,1189,23055.15,0.262,187.2,461.0,"axiom,smart_degen",
2026-07-23,4PY3MLrKPV4H3k477XYNC5ngGnYivstKhjc4e28ajYRu,0.378,23,9037,2187.34,0.015,18.83,88.0,"axiom,smart_degen",
2026-07-23,XJ7tbEKnrwvioTxABhEtwmG4AWkGEDDJASstUzBgh7x,0.761,199,507,6878.93,0.056,0.26,255.0,"fomo,smart_degen,trojan",
2026-07-23,AeBgCFnkSWMAwv3zjaJPB93hxEBUEVkhEyKVFaxT84pJ,0.471,279,31619,41255.52,0.011,101.61,65.0,smart_degen,
2026-07-23,Hxwu3gAUEhJ1dZNEgMKcsD8cyhp7sGuaQ7rJs6Bdtw2g,0.333,5,283,5063.78,0.14,0.0,3.0,"axiom,fresh_wallet,smart_degen",
2026-07-23,82x6tv3dTHY4727tsFrTX13dj7RhpDa58KrpdmVXg5rn,0.369,4,279,3313.03,0.096,0.0,3.0,"axiom,fresh_wallet,smart_degen",
2026-07-23,Fc6NKATQ4LPettRnnGfApqPXgmgpaN2SwqLj1UwMXJER,0.444,145,8546,54288.52,0.124,432.12,68.0,"axiom,gmgn,smart_degen",
2026-07-23,5ELQToyzmX3nd3caP2ZoFLQ2A7McEX5caSW9YqsNHKsv,0.354,33,265,3907.83,0.135,45.1,35.0,"smart_degen,trojan",
2026-07-23,CwvYUDGo4x7TYonn9qLb1c9rnUu5k3s4FN5hT38rnbsq,0.54,160,1023,40454.99,0.13,95.35,56.0,"axiom,smart_degen",
2026-07-23,HkjHhf9ijd9Acjn9S7qT4pFnh5TBbrbfJ6DaYgir8eAK,0.284,5,2125,3907.38,0.039,13.01,520.0,smart_degen,
2026-07-23,3ricXXziD22sZFyecy12L3dbYLH5Dep6scaHVdL8JdFz,0.45,111,1077,6575.35,0.065,36.46,86.0,"gmgn,smart_degen",
2026-07-23,DaKSn9Vy7pbnwuTkW1LNsd5hXskjWbjNVuXjGpNsQCLb,0.537,73,3203,11644.79,0.069,22.59,,smart_degen,
2026-07-23,7vqbM1Lkbq2diGcwixUnDgcgvtKZnBttFZrtmfJbw8Ph,0.484,82,297,14238.01,0.051,70.21,68.0,"axiom,smart_degen",
2026-07-23,3kaskGCR1hucFFHUHc8XCHuN1Kzs9LBnYe6JfaWuMG1e,0.474,56,1553,3333.37,0.049,25.43,213.0,"gmgn,smart_degen",
2026-07-23,DiWjszBgKWna1io9dRfcJY6gUuZfyTJdHXhYqnqPLkyG,0.555,9,1234,2306.88,0.022,12.83,23.0,"axiom,smart_degen",
2026-07-23,3TNXTxgPnDWCytXm8YZxRmLFJ8yYCzqAYjmHvkxHktYq,0.459,5,606,2777.24,0.062,14.79,86.0,"padre,smart_degen",
2026-07-23,4aE7NqEznFdD7kBvyhj8wvoQvTjezvmiB8vdHZfmSD5B,0.38,27,959,5579.47,0.092,40.52,17.0,"axiom,smart_degen",
2026-07-23,GSPJTDUrWCXg5LYZ5Qo2Y5fBbAWrL9G6f56KvvZM7jL9,0.444,30,3140,6175.07,0.029,17.08,42.0,smart_degen,
2026-07-23,4wWYacRGWT9u1qyB7VU3VWfjbidrCu14vn1cpwfnvdBV,0.45,64,2859,9972.41,0.043,13.97,169.0,smart_degen,
2026-07-23,7gdo83WqcXvown8aHUrgma716BEwGdjRA9CtdUThBy5U,0.452,255,3554,13904.08,0.086,56.83,527.0,"axiom,padre,smart_degen",
2026-07-23,HT1bmCAJgxqjNmtgH5NVxT5JUTSqMJz2c3JM11yty1Gt,0.464,116,413,14860.58,0.142,335.66,49.0,"photon,smart_degen",
2026-07-23,2k9Ho6YBqBXgjsFZRd7r2KjaeGUy6XS7GrjEUDiiastE,0.404,52,1213,9449.41,0.055,61.05,19.0,"axiom,smart_degen",
2026-07-23,CAmNcBJ82xr1tzXrwZ6tZKwEFs26TG8kT6dJeR1bxjW9,0.648,1842,358,41081.13,0.99,4.73,195.0,"axiom,smart_degen",
2026-07-23,6qLWeCuTKGx8yjyZfuqHvhiktT9b8Hh5X33upgycWyHQ,0.57,17,357,4925.9,0.103,92.04,92.0,"axiom,smart_degen",
2026-07-23,GAAcxw3qcRmQTzm34UGQLz6q5V33Wk7vyugMPWXZKAbn,0.641,125,2874,2846.6,0.011,2.62,40.0,smart_degen,
2026-07-23,G8d896csSR1SeTxpBi3GYFndceHFhkJdNRwriaqmG9eV,0.595,65,657,4202.63,0.054,3.07,450.0,"axiom,smart_degen",
2026-07-23,FkT7sXCo9GRCPMNsMXynBnTaUQ8fUdY5wG8SBGfo8JTh,0.287,1424,426,-40184.68,-0.2,1.02,523.0,"arbitrager,trojan",
2026-07-23,HaYb3QkMpwmu6gG5ron1DS4oVTXFYgDssgoMWKu4SANf,0.435,22,509,2839.8,0.058,18.71,199.0,"smart_degen,trojan",
2026-07-23,FLiYfD2z5NRpCuBg2hx6zM4UooVtvtD6ssQFUNpuPGEQ,0.699,237,1410,13522.2,0.046,114.76,59.0,smart_degen,
2026-07-24,4M5mWUecEGKzAMH5AYrm8gg9zyK7MNbCdxwB1nMfFHVG,0.385,93,2119,10767.06,0.043,46.8,87.0,"axiom,padre,smart_degen",
2026-07-24,7uLJ6GSpC3eLFv997BoMH9M2qcN7Tqt5RmiMFE6AgHY5,0.549,52,1465,4833.12,0.047,2.92,87.0,"axiom,gmgn,smart_degen",
2026-07-24,EzXApcJzUXFquZPVxKn6eMh3HWPZBVDVxXK3yVNhm8c7,0.554,6,1419,1934.87,0.029,59.81,3.0,"fresh_wallet,smart_degen",
2026-07-24,DaKSn9Vy7pbnwuTkW1LNsd5hXskjWbjNVuXjGpNsQCLb,0.521,73,3422,11534.61,0.064,20.9,,smart_degen,
2026-07-24,3kaskGCR1hucFFHUHc8XCHuN1Kzs9LBnYe6JfaWuMG1e,0.468,56,1719,3335.1,0.044,18.31,214.0,"gmgn,smart_degen",
2026-07-24,2JLTKcECTybkCEp64v7V4P4FijjKiMgKnFkX2WwRWTM6,0.479,23,686,3544.61,0.088,1.33,97.0,"axiom,smart_degen",
2026-07-24,Cy2kKwn1hQ5i5DhaBDgrZj9wkj9j6X2B2zGaxUUqNQTA,0.481,35,616,3832.58,0.07,24.75,335.0,"axiom,smart_degen",
2026-07-24,ErA7iwSLQG49pzXsrWaTUzoncEY1vGwdYsSgivvSNDFU,0.37,43,768,6812.43,0.09,0.0,190.0,"fomo,smart_degen",
2026-07-24,4ZNV1X2g2ssSrrqmBQXA7JHpesGxSrBHsCFtESB1FdtM,0.14,105,158,428.04,0.052,2.04,521.0,padre,
2026-07-24,74ra1n7Xr2FXHX7R2yUu3fY1RCcW6MAnephkvKVHNwbJ,0.472,4,450,1116.53,0.03,9.24,19.0,"axiom,smart_degen",
2026-07-24,4Y7Ej1WVXUhmCLFnvrTxw1RHu3mKVtrBJDEzWsV9baaw,0.33,18,3323,6933.74,0.02,69.21,54.0,"axiom,smart_degen",
2026-07-24,8xZbXCGdh5nfzuzh91iCNzQEKeRhdzG4DM7y8ty7rcr,0.345,9,1370,7454.01,0.075,109.5,11.0,"axiom,smart_degen",
2026-07-24,BCagckXeMChUKrHEd6fKFA1uiWDtcmCXMsqaheLiUPJd,0.308,28428,14958,5008.02,0.01,670.64,87.0,"axiom,bullx,gmgn,top_followed,top_renamed,wash_trader",vibed333
2026-07-24,CxhCsRD9Jo8zf2V5MPmQHkcYHPwkBPBEjpnpgYgdtjom,0.551,5,251,2816.27,0.023,49.45,10.0,smart_degen,
2026-07-24,HT1bmCAJgxqjNmtgH5NVxT5JUTSqMJz2c3JM11yty1Gt,0.468,129,419,18835.87,0.171,403.26,50.0,"photon,smart_degen",
2026-07-24,XJ7tbEKnrwvioTxABhEtwmG4AWkGEDDJASstUzBgh7x,0.761,207,532,7560.84,0.058,0.14,256.0,"fomo,smart_degen,trojan",
2026-07-24,Hd5wMoiypHWRQmkus5SHu6ECH27fXVqkhg3d5rGhvLAL,0.721,245,4959,14770.22,0.025,0.26,67.0,smart_degen,
2026-07-24,91Tot4afpSsuYQgMRsTms32REKCVZ4GPD35SKoK36Aso,0.569,50,745,4161.15,0.046,4.18,447.0,"axiom,smart_degen",
2026-07-24,DPwH9aWrYGSBqMiPNLMW4Hti1k1xgq64t781eycfLCp5,0.657,174,4530,9708.51,0.02,4.13,404.0,"axiom,padre,smart_degen",
2026-07-24,G4tB7kPyG1Yo8RukBXsjJ2tP72hdiMHER1x5xPejAjsA,0.595,4,1727,3572.71,0.023,3.42,3.0,"fresh_wallet,smart_degen",
2026-07-25,CWryqL8F79bCUPfRMnFHxXpJEyW5TixWe59hEuFXWYnD,0.425,362,1414,7410.32,0.069,34.71,544.0,"axiom,photon,smart_degen",
2026-07-25,Edni57CyRhGbjDQFd9jYbBN8asjLDmxCXws2Qo248CRB,0.542,92,945,10699.37,0.079,10.9,188.0,"gmgn,smart_degen",
2026-07-25,5kidNviTucvoHuFGuPQUikWokMxsLZMncGrS5gK9Cujs,0.36,63,3346,13414.96,0.051,171.49,79.0,"axiom,smart_degen",
2026-07-25,DenZLNzBtE3L8T1kQFKh8oE7FCXBrdsM9xwCbsnKvdJq,0.374,60,3347,12357.17,0.047,163.07,79.0,"axiom,smart_degen",
2026-07-25,2AwjJTdTWCu6QjyZKvF6oVEd9TkQP1WYvVswFvDEySxn,0.375,52,3345,12854.29,0.049,159.98,84.0,"axiom,smart_degen",
2026-07-25,Hedt6aVyFRvxpQJkrrqgZ3e3JxUNb7ufCVyYXMnHYYE4,0.38,55,3352,13290.85,0.051,171.2,92.0,"axiom,smart_degen",
2026-07-25,FhtZnHAmc2X3cTGNDQ6f3iM13Rp3BfzhPSyGaBD8fxck,0.484,89,3177,9718.8,0.046,10.5,188.0,"axiom,padre,smart_degen",
2026-07-25,3ArHvdGs1v9gdwNEMRJihHfRUnwfFkYjtzcdSBD3cDdJ,0.468,59,3109,9046.61,0.045,22.59,178.0,"axiom,gmgn,padre,smart_degen,trojan",
2026-07-25,Hd5wMoiypHWRQmkus5SHu6ECH27fXVqkhg3d5rGhvLAL,0.72,253,5150,15340.28,0.025,0.2,68.0,smart_degen,
2026-07-25,HGciMUSkyBwq2ebKXST67qf9JCpHuNy2YM6T9zMJbQxw,0.333,5,52,1596.6,0.078,0.39,,"fomo,smart_degen",
2026-07-25,GAAcxw3qcRmQTzm34UGQLz6q5V33Wk7vyugMPWXZKAbn,0.621,133,3008,3482.13,0.012,6.65,42.0,smart_degen,
2026-07-25,AeBgCFnkSWMAwv3zjaJPB93hxEBUEVkhEyKVFaxT84pJ,0.479,305,29393,41762.75,0.011,112.24,67.0,smart_degen,
2026-07-25,2nHsHJpkXmHb43BqSjnQFMbUcU2kWEqFqoXsbe2zv2Wi,0.592,272,2687,34967.61,0.045,210.8,299.0,"axiom,padre,smart_degen",
2026-07-25,JXNpGnH1X971eACRX99TJzUJ8KWqBQb1YQgettg1boz,0.556,65,1209,6068.49,0.047,21.36,89.0,"axiom,smart_degen",
2026-07-25,7vqbM1Lkbq2diGcwixUnDgcgvtKZnBttFZrtmfJbw8Ph,0.488,88,301,14079.43,0.049,72.24,70.0,"axiom,smart_degen",
2026-07-25,CLz4eLvZphZxNMwjsTFGZ4kukeAdWgCrqWvfTn1pJSyq,0.488,69,70,4356.2,0.349,93.78,97.0,"axiom,smart_degen",
2026-07-25,XJ7tbEKnrwvioTxABhEtwmG4AWkGEDDJASstUzBgh7x,0.766,219,564,8424.98,0.061,0.3,257.0,"fomo,smart_degen,trojan",
2026-07-25,EzXApcJzUXFquZPVxKn6eMh3HWPZBVDVxXK3yVNhm8c7,0.548,7,1794,1981.09,0.023,66.33,4.0,"fresh_wallet,smart_degen",
2026-07-25,91K4B4WNQngwFMSWWDHGCn7qfcUYYdFAXTzi5awuQRfL,0.411,11,803,4608.49,0.058,28.93,89.0,"gmgn,padre,smart_degen",
2026-07-25,HaYb3QkMpwmu6gG5ron1DS4oVTXFYgDssgoMWKu4SANf,0.436,23,540,2918.23,0.056,2.55,201.0,"smart_degen,trojan",
2026-07-25,HkjHhf9ijd9Acjn9S7qT4pFnh5TBbrbfJ6DaYgir8eAK,0.302,11,2756,6208.47,0.048,30.05,522.0,smart_degen,
2026-07-25,92cwTJoGDFKSnp6Zr2taFr3sFWqs8jRvtU73qbut2win,0.352,209,275,12665.38,0.061,124.13,152.0,"axiom,smart_degen",
2026-07-25,CkakfbMYpsXd7FRNtz9mZqik1dWjk9EmmxuVhUTQcmq8,0.592,98,788,4607.92,0.059,10.09,217.0,"axiom,smart_degen",
2026-07-26,4Ct4a8KJEDPgVkfWPXxTwCo5tjSLBkE6kV53hvXnueWZ,0.35,1,2383,2638.7,0.054,4.35,19.0,"axiom,smart_degen",
2026-07-26,G8mikf4gH6NrMMCQJqbCKRyoemPwGJT2RVHT9Z3v94Pc,0.472,21,485,4066.09,0.054,60.48,89.0,"axiom,smart_degen",
2026-07-26,4M5mWUecEGKzAMH5AYrm8gg9zyK7MNbCdxwB1nMfFHVG,0.387,99,2296,12684.03,0.047,36.57,89.0,"axiom,padre,smart_degen",
2026-07-26,A8yiUQzGELdiG481AbZoyCGG9QvRPaEmYbnkAmb7Fpc7,0.522,22,451,2599.15,0.069,2.86,89.0,"axiom,smart_degen",
2026-07-26,AfF3YPLnXH8JhVgkcBQ8atxaJif1DMPrp4xJwZVURbgf,0.418,3,1229,1010.85,0.028,17.13,5.0,"fresh_wallet,smart_degen",
2026-07-26,3wWAi8aH34gLsgpw6iYj5sTVcZp5gMBL9PqA643kz14S,0.508,365,148,3160.04,0.309,32.62,54.0,"axiom,smart_degen",
2026-07-26,BXHFf59u8Dq7ioEYU27qpgSgsxbWrQngmeW2tK6g3Erv,0.483,25,1121,4267.06,0.045,54.36,144.0,"padre,smart_degen",
2026-07-26,CxMNfL7JAFon8MkjGvFRodsJ9Fzi4ZCQ4QKBNhhDgb2Q,0.514,201,1126,5073.33,0.029,25.89,398.0,"axiom,smart_degen",
2026-07-26,7QLMAJ4b8SrHMVCg1MFDB1UFcm8ugBfLVzTPoSkeptnK,0.489,30,1349,10768.47,0.076,48.32,119.0,"axiom,smart_degen",
2026-07-26,74ra1n7Xr2FXHX7R2yUu3fY1RCcW6MAnephkvKVHNwbJ,0.448,8,686,1897.79,0.033,17.99,21.0,"axiom,smart_degen",
2026-07-26,GAAcxw3qcRmQTzm34UGQLz6q5V33Wk7vyugMPWXZKAbn,0.613,136,3082,3173.61,0.011,3.8,43.0,smart_degen,
2026-07-26,3ricXXziD22sZFyecy12L3dbYLH5Dep6scaHVdL8JdFz,0.457,112,1176,6718.28,0.058,20.4,89.0,"gmgn,smart_degen",
2026-07-26,XJ7tbEKnrwvioTxABhEtwmG4AWkGEDDJASstUzBgh7x,0.763,228,603,9358.93,0.062,0.41,258.0,"fomo,smart_degen,trojan",
2026-07-26,HT1bmCAJgxqjNmtgH5NVxT5JUTSqMJz2c3JM11yty1Gt,0.465,141,434,19781.45,0.172,433.91,52.0,"photon,smart_degen",
2026-07-26,BaiyK1aJeypxRszgWEUvAanVjNhdkDhk1Zbcu49XVeXq,0.345,195,3651,5903.44,0.016,2.84,461.0,"axiom,smart_degen",
2026-07-26,E2tVJXu8GFjxxYeFftLSoqz9L15qVoqpDEiFGB7YJC8s,0.455,45,860,1654.79,0.027,12.64,370.0,"axiom,smart_degen",
2026-07-26,FQa9kwnFMvpC52hcSGNFwK7gyndmxwYmFRonnnyDWwet,0.447,30,870,2094.46,0.034,10.59,249.0,"axiom,smart_degen",
2026-07-26,fk1mySwAWiUEzHqMUTFxbXhYTRk2Z8FpCejwSe4ncJt,0.685,32,6143,5393.56,0.019,0.23,69.0,smart_degen,
2026-07-27,H3rUiKEFPnTM6CHCmJqKt4Nd1xeFATK9aUmU4sbD5za7,0.666,133,5086,4215.37,0.009,0.45,145.0,"axiom,smart_degen",
2026-07-27,DPwH9aWrYGSBqMiPNLMW4Hti1k1xgq64t781eycfLCp5,0.672,181,4551,10354.0,0.021,2.11,407.0,"axiom,padre,smart_degen",
2026-07-27,3ArHvdGs1v9gdwNEMRJihHfRUnwfFkYjtzcdSBD3cDdJ,0.461,60,3169,8241.15,0.04,16.57,180.0,"axiom,gmgn,padre,smart_degen,trojan",
2026-07-27,FhtZnHAmc2X3cTGNDQ6f3iM13Rp3BfzhPSyGaBD8fxck,0.481,99,3238,9089.43,0.041,19.29,190.0,"axiom,padre,smart_degen",
2026-07-27,EkhEA4E8T9LqvdxkGnVsfEt3rwqnQ18K3CSoDhDnS2G9,0.454,9,792,2510.46,0.056,18.09,12.0,"axiom,smart_degen",
2026-07-27,BjaGSPb7Kyc9yKDAUEextfj4qoKzUpx6j8P9s2JcGrBU,0.483,10,813,3072.06,0.065,18.71,12.0,"axiom,smart_degen",
2026-07-27,97EPgYwPStsB8tAhkqqKCJG9hZiNfJ6H5FNx56mtdrc4,0.5,7,810,2915.76,0.063,21.99,12.0,"axiom,smart_degen",
2026-07-27,9asBCQqp2o5BicHWPJZJ1RBh8hKQR76rejKgkQkzNwPy,0.641,105,4446,4028.04,0.007,2.76,457.0,"axiom,smart_degen",
2026-07-27,FhaYN5TDH6JGdkAU1q3vvVeWa7Snbz4dAk53g2XMv9go,0.407,788,414,19606.21,0.142,150.55,465.0,"axiom,gmgn,padre,smart_degen",
2026-07-27,CMw7kj6ceqVqdj6XLc8FEJaZfPHBSUzubArqXjChfn11,0.461,61,1018,17286.42,0.153,183.51,28.0,"axiom,smart_degen",
2026-07-27,2NxB1ndXuEd9DaXh1y44aTptfpmeZnuyqmSLR3W3aYqP,0.743,8,383,1617.62,0.426,0.03,4.0,"fresh_wallet,smart_degen",
2026-07-27,GAAcxw3qcRmQTzm34UGQLz6q5V33Wk7vyugMPWXZKAbn,0.604,144,3213,2917.69,0.009,0.93,44.0,smart_degen,
2026-07-27,zephyrni115ZD4MvotSF8Xi92yennkdpT5nJkAjGdSU,0.579,105,3336,4335.27,0.009,12.49,119.0,"padre,smart_degen",
2026-07-27,CkakfbMYpsXd7FRNtz9mZqik1dWjk9EmmxuVhUTQcmq8,0.59,107,930,6218.98,0.064,9.85,219.0,"axiom,smart_degen",
2026-07-27,7Ke2PvMakpMdipDMoaEt3EP5duveSDXRbxSXKPsoCK4T,0.538,68,1383,11135.89,0.059,149.73,413.0,"axiom,padre,smart_degen",swayyytrades
2026-07-27,C937MwaPmo2d6zxysoGeEERZZit7EC7H1R3Mem3BfUKZ,0.515,153,566,13372.77,0.068,117.67,207.0,"axiom,padre,smart_degen",
2026-07-27,6KuCbkFJxq7JinaiiQhsQWQHqty7U77neot7yKGVJm7v,0.394,77,1710,7597.16,0.054,7.94,93.0,"axiom,gmgn,padre,smart_degen",CookedSayers
2026-07-27,2nHsHJpkXmHb43BqSjnQFMbUcU2kWEqFqoXsbe2zv2Wi,0.585,290,2736,35679.17,0.044,168.84,301.0,"axiom,padre,smart_degen",
2026-07-27,AyCi9rWHt1NwdjFBwnFRnFsRBNbwCBVoKsK9uZshWmJo,0.47,13,1096,1396.05,0.027,5.2,114.0,"axiom,padre,smart_degen",
2026-07-27,3wWAi8aH34gLsgpw6iYj5sTVcZp5gMBL9PqA643kz14S,0.493,372,157,3158.57,0.258,16.39,55.0,"axiom,smart_degen",
2026-07-27,4Ct4a8KJEDPgVkfWPXxTwCo5tjSLBkE6kV53hvXnueWZ,0.344,11,3367,3963.25,0.039,0.02,20.0,"axiom,smart_degen",
2026-07-27,8fmdJKeFus6P27WyEBHq9Mg3ULrGe4zjQ39VhFRLtPdu,0.469,1,391,3212.69,0.095,17.98,25.0,"axiom,smart_degen",
2026-07-27,6tycBvS79K1dTbrKa69uuguPkR9tj4Q7X6y7HP1FpWx4,0.338,0,363,1174.21,0.032,5.31,48.0,"axiom,padre,smart_degen",
2026-07-27,2tVnqzRozPkkB8ar6UwaKK48nm1MNK616QN33ooA1i8A,0.512,13,238,2965.52,0.106,32.15,6.0,"axiom,fresh_wallet,smart_degen",
2026-07-27,Aemby6yXpjA8CzFoq7cDbgPah5iuTgdnmLt8rFHBTUi8,0.433,1934,863,19026.11,0.129,436.18,469.0,"axiom,smart_degen",
2026-07-28,3AfZNMNnHXe4q53715YiWRA1zK5ndtLrvgS6yJHunbHy,0.303,12,1248,7776.46,0.125,50.64,22.0,"axiom,smart_degen",
2026-07-28,6KrWrAJLRQTKyLTsLY7bJkGPt7RTK1FfFQZv14pu5PdJ,0.43,0,298,2329.8,0.125,31.92,501.0,"axiom,smart_degen",
2026-07-28,GKx5epKN85cdaViDSECLrCu5Vbk9gzJRdmW7P5zmaVpz,0.461,2,199,1857.58,0.129,0.06,6.0,"fresh_wallet,gmgn,smart_degen",
2026-07-28,91K4B4WNQngwFMSWWDHGCn7qfcUYYdFAXTzi5awuQRfL,0.418,13,857,5578.49,0.058,21.14,92.0,"gmgn,padre,smart_degen",
2026-07-28,AzWnNS9isJR9HZ6WAEAUwqVMu5SAwHsPNmrmEVCroyMS,0.497,173,6707,21477.66,0.025,61.34,91.0,"axiom,gmgn,smart_degen",
2026-07-28,31iRQFxAApGY6LAXm16QDXmPFHSeY2mP4dW96P22iTBV,0.327,225,3870,36111.0,0.112,81.89,82.0,"axiom,smart_degen",
2026-07-28,C1riAte36NeUScnE4vAiXHXeSu2xo8gzksKpnvc2ipDr,0.35,2,1543,3045.74,0.051,36.73,59.0,"axiom,gmgn,smart_degen",
2026-07-28,6RGDFBUkXkAEDuWSARb7ysq1W7hfyhUqxtTT5aFrANJP,0.358,8,1532,3437.98,0.058,41.05,59.0,"axiom,gmgn,smart_degen",
2026-07-28,Aemby6yXpjA8CzFoq7cDbgPah5iuTgdnmLt8rFHBTUi8,0.437,1941,956,21133.15,0.135,428.14,470.0,"axiom,smart_degen",
2026-07-28,befdPodePJ77DHV1XCFMK8HUdc9AhhzgedP7J6izkoF,0.513,5,549,3999.8,0.036,17.76,92.0,"axiom,gmgn,smart_degen",
2026-07-28,EWhERzvLMwzBCgj2f91AuSbELMaZ3NESa3XzxsA3ZS2Q,0.402,3,1136,1571.32,0.057,3.36,316.0,"axiom,smart_degen",
2026-07-28,64ozFG3EAKga6PugXZjdoU5uvbNiN3r1RsTodJvpBShH,0.463,21,1694,6705.97,0.038,24.9,95.0,"axiom,gmgn,photon,smart_degen",
2026-07-28,6KuCbkFJxq7JinaiiQhsQWQHqty7U77neot7yKGVJm7v,0.392,77,1590,6806.22,0.055,4.47,94.0,"axiom,gmgn,padre,smart_degen",CookedSayers
2026-07-28,8y4aYZiaRisoHHgwH1cTiFnswuWPQoHHH9FKgYDnruoc,0.564,22,2394,5920.93,0.04,59.76,91.0,"axiom,smart_degen",
2026-07-28,2pUza9ic3zVni4EtKf9e6cys7Jwd6P974ac3szKiSZRU,0.35,126,2580,9373.93,0.021,52.19,456.0,"axiom,padre,smart_degen",
2026-07-28,J56M2D9BeigqKVTNGSegVho8s8d9XtFueFDurN5z9Fxf,0.268,31,69,1773.97,0.179,42.77,3.0,"fresh_wallet,gmgn,smart_degen",
2026-07-28,2tVnqzRozPkkB8ar6UwaKK48nm1MNK616QN33ooA1i8A,0.544,14,326,4416.57,0.113,46.08,7.0,"axiom,fresh_wallet,smart_degen",
2026-07-28,ECB4vEwE75SZcdsvL1kuhNfJ34CHDPyXdZpDzHVcPhVc,0.405,55,1643,22172.28,0.116,387.29,107.0,"axiom,smart_degen",
2026-07-28,9Ma6JBcu8cfney6U7Q7fT2t55uSTpYVbtmF9kV2XtTaF,0.384,51,1641,24649.14,0.134,389.29,107.0,"axiom,smart_degen",
2026-07-28,j3tSqvpbx2f7XMtt8u7MWyPWZS1c4E8PP51d9kUFJ7k,0.393,41,1647,25028.17,0.12,427.24,107.0,"axiom,smart_degen",
2026-07-28,4QZUDh2n2GJ4zri5CQfTijocGBWtPeT7awuYvpVxTKZe,0.389,27,1641,19103.62,0.103,340.94,107.0,"axiom,smart_degen",
2026-07-28,6LxiLdPzEpBxGNwMGiXJ53fb27wGVj1ZxH7GNvzZvPZN,0.329,299,1134,6842.48,0.179,53.03,758.0,"axiom,padre,photon,smart_degen,trojan",pip0pkajou
2026-07-28,7DTCHN9zSnCBtM3RpyPagmC2bR1Lsf84bNYqHg4CwJhu,0.475,22,929,4253.41,0.082,20.95,96.0,"axiom,gmgn,smart_degen,trojan",
2026-07-28,GBDeHF9DL2a4FKaqk1LWQKSfRQz7WJocykkft7DXhosY,0.464,23,930,3823.43,0.074,21.12,86.0,"axiom,smart_degen",
2026-07-28,G9p3sCGDUja1wNzZjUoMx9tJLqPDgY4YsNJ5Xek8xcmk,0.305,59,855,3771.95,0.045,5.16,162.0,"axiom,smart_degen",
2026-07-28,48cgxNPA97ACEvKqHfx7XWWHtgU2eAkNHFqPe4xp6eBR,0.606,22,1989,5198.94,0.057,20.98,74.0,"axiom,smart_degen",
2026-07-28,9fpUmh3Tv3UCdeHLyq3o4QhkTBu5XAbEiKP9FtGaSndb,0.496,921,6487,35028.03,0.037,96.36,576.0,"axiom,bullx,padre,smart_degen",
2026-07-28,bTiNAiDWsAzuDvqf1vGcv3GuvgLxVvaj76KABoqkJa6,0.318,232,1622,1991.37,0.011,49.11,219.0,"axiom,padre,smart_degen",
2026-07-29,FhtZnHAmc2X3cTGNDQ6f3iM13Rp3BfzhPSyGaBD8fxck,0.469,109,3516,9179.22,0.038,18.06,192.0,"axiom,padre,smart_degen",
2026-07-29,74ra1n7Xr2FXHX7R2yUu3fY1RCcW6MAnephkvKVHNwbJ,0.444,11,1084,2416.38,0.025,3.97,24.0,"axiom,smart_degen",
2026-07-29,GAAcxw3qcRmQTzm34UGQLz6q5V33Wk7vyugMPWXZKAbn,0.604,152,3438,4272.79,0.013,84.25,46.0,smart_degen,
2026-07-29,5TSJhQpL9wLoyYqmwRmTJBkjvXVipPtAnj9UigYm9kqD,0.385,4,459,2764.96,0.086,7.51,4.0,"axiom,fresh_wallet,smart_degen",
2026-07-29,BmcUcfRc5mSkuDa3K33Rz6jaQUAC81fdkLf16NPKppbD,0.374,19,601,5987.86,0.085,43.12,83.0,"axiom,smart_degen",
2026-07-29,GKx5epKN85cdaViDSECLrCu5Vbk9gzJRdmW7P5zmaVpz,0.425,13,354,1704.86,0.059,3.26,7.0,"fresh_wallet,gmgn,smart_degen",jasonhongdaisy
2026-07-29,6RGDFBUkXkAEDuWSARb7ysq1W7hfyhUqxtTT5aFrANJP,0.343,10,1693,3844.99,0.063,36.92,60.0,"axiom,gmgn,smart_degen",
2026-07-29,C1riAte36NeUScnE4vAiXHXeSu2xo8gzksKpnvc2ipDr,0.346,4,1701,3576.76,0.058,34.19,60.0,"axiom,gmgn,smart_degen",
2026-07-29,qniXyGUYVo72NQsqtBopqge3z524xAJuE5Mox3LvP2W,0.311,10,894,2668.77,0.059,48.2,8.0,"axiom,smart_degen",
2026-07-29,sss1KjTuzzgCoZj95rU9HBYZ6qyiFCJ9KSAf5xBS18X,0.331,10,892,2684.87,0.059,57.54,8.0,"axiom,smart_degen",
2026-07-29,2tVnqzRozPkkB8ar6UwaKK48nm1MNK616QN33ooA1i8A,0.554,17,358,4549.29,0.102,49.47,8.0,"axiom,smart_degen",
2026-07-29,A4dNFYotdaKKG3jwGM2YM5LegZYwo6GkQSPXHoTZkX4x,0.329,14,977,2630.01,0.067,5.23,116.0,"gmgn,smart_degen",
2026-07-29,763QnBSvcF8QqhbcxnyoQQPA5YEfqghyjK3tM84twao9,0.434,63,211,18243.73,0.174,213.01,97.0,"axiom,smart_degen",
2026-07-29,CkakfbMYpsXd7FRNtz9mZqik1dWjk9EmmxuVhUTQcmq8,0.565,108,1088,5336.81,0.045,11.07,221.0,"axiom,smart_degen",
2026-07-29,HSsJjkHrxezZ1SdhgdivhDGXbxANicWbKvKsVtrMrJvG,0.629,255,1560,16828.37,0.056,71.24,261.0,"axiom,padre,smart_degen",
2026-07-29,AzWnNS9isJR9HZ6WAEAUwqVMu5SAwHsPNmrmEVCroyMS,0.495,190,6835,19733.49,0.021,12.81,92.0,"axiom,gmgn,smart_degen",
2026-07-29,EsnPMjPo9pH7sWS2r28H2xC214S8BSXhyYgMG3vXbSgt,0.603,36,290,3545.92,0.208,0.02,97.0,"gmgn,padre,smart_degen",
2026-07-29,9fpUmh3Tv3UCdeHLyq3o4QhkTBu5XAbEiKP9FtGaSndb,0.495,927,6667,33564.46,0.034,89.8,577.0,"axiom,bullx,padre,smart_degen",
2026-07-29,C7bFqgUrJ1EE4fNAmuSeqvU6VnaCEYnPg2agAWUVV2fF,0.325,34,557,19449.63,0.221,9.88,61.0,"axiom,smart_degen",
2026-07-29,EH61htz7xVQJQXJRmaJXGSdhY57Ks8fmSYZvUNYYW5Cu,0.475,17,496,7059.85,0.11,52.62,14.0,"axiom,smart_degen",
2026-07-29,CM1dn5LZ21o6PQv3NQpQeEFPGGo9dNpSQ4eWQctmp17g,0.298,432,344,1992.72,0.079,10.94,858.0,"padre,smart_degen,trojan",
2026-07-29,HrtVLLCBM4LXfRGLGcXBYvkkJ9xnbiJ3ob1MxKdmNs7o,0.563,546,1289,8432.77,0.047,13.66,371.0,"axiom,smart_degen",
2026-07-29,BfCP1ncxu7ZWp4B6TvQEcXGVSCiM2LhAzyYjG7zWyKdY,0.56,46,1255,7700.97,0.046,12.87,172.0,"axiom,smart_degen",
2026-07-29,BSPdKsA3VyyHesPCkfEktfThbEqqFxvot29BkYaSmqbm,0.546,65,665,6071.04,0.047,96.78,92.0,"axiom,smart_degen",
2026-07-30,GBDeHF9DL2a4FKaqk1LWQKSfRQz7WJocykkft7DXhosY,0.456,28,973,4520.52,0.083,24.24,88.0,"axiom,smart_degen",
2026-07-30,7DTCHN9zSnCBtM3RpyPagmC2bR1Lsf84bNYqHg4CwJhu,0.466,25,970,4672.46,0.086,23.68,98.0,"axiom,gmgn,smart_degen,trojan",
2026-07-30,FQTm2LutmRp4yWKpfFic1Xxgz4oEtYrFsed5xu2TR6Ji,0.37,35,1102,10746.65,0.067,8.0,6.0,"axiom,fresh_wallet,smart_degen",
2026-07-30,2pUza9ic3zVni4EtKf9e6cys7Jwd6P974ac3szKiSZRU,0.339,133,2752,8040.21,0.018,34.93,458.0,"axiom,padre,smart_degen",
2026-07-30,H2P6zuxHgybQyfxsZxo7Ze1iv5da5rNtHZ5x5yEwtpXy,0.556,2,128,1061.1,0.199,11.45,6.0,"fresh_wallet,padre,smart_degen",
2026-07-30,EWhERzvLMwzBCgj2f91AuSbELMaZ3NESa3XzxsA3ZS2Q,0.399,6,1228,1633.55,0.047,0.01,318.0,"axiom,smart_degen",
2026-07-30,DcDjfh1nfGA4GUuq2eRhzN8hS8Zpa7KLMZREX4rMSJ4s,0.358,16,340,4599.22,0.122,17.67,420.0,"axiom,photon,smart_degen",
2026-07-30,7q15WZ4iSUDvqfs5Kdh9bfptkQhs6qKUyCUq6GY6PGxg,0.646,468,2734,6965.25,0.02,2.49,637.0,"axiom,smart_degen",
2026-07-30,AzWnNS9isJR9HZ6WAEAUwqVMu5SAwHsPNmrmEVCroyMS,0.491,204,6779,22545.73,0.023,49.73,93.0,"axiom,gmgn,smart_degen",
2026-07-30,8fmdJKeFus6P27WyEBHq9Mg3ULrGe4zjQ39VhFRLtPdu,0.456,11,594,5622.4,0.106,35.51,28.0,"axiom,smart_degen",
2026-07-30,7Ke2PvMakpMdipDMoaEt3EP5duveSDXRbxSXKPsoCK4T,0.537,103,1623,11810.43,0.054,151.31,416.0,"axiom,padre,smart_degen",swayyytrades
2026-07-30,3QELEdPBiyzRVNh2bnKbsnXgKfQdmSjg5pscoRJHDb9k,0.346,480,599,7189.02,0.049,94.4,419.0,"axiom,smart_degen",
2026-07-30,77Uy6sLLggDg9ZB7Yu7xbtCShVTVvJsVNrPdyQFjLVD5,0.484,37,807,3446.92,0.055,19.7,268.0,"axiom,smart_degen",
2026-07-30,CzeYKKJJNakBSqPP4i9AQ5GvmFZvTmkWwwfUj1zVYtYV,0.504,86,821,3477.63,0.054,19.92,403.0,"axiom,smart_degen",
2026-07-30,7pKs6PHJNFWgQR8XaSKGUsCuDLzsFV85S4CCiStsb5JS,0.493,5,1058,2642.63,0.056,12.87,511.0,"axiom,bullx,smart_degen",
2026-07-30,HSsJjkHrxezZ1SdhgdivhDGXbxANicWbKvKsVtrMrJvG,0.619,258,1411,15936.76,0.06,1.96,262.0,"axiom,padre,smart_degen",
2026-07-30,4pxb31CAPMhojNVCB4Tac4yrTvwwWqTrbm8HZzVqah3q,0.512,11,1098,2880.59,0.027,12.09,112.0,"axiom,smart_degen",
2026-07-30,BfCP1ncxu7ZWp4B6TvQEcXGVSCiM2LhAzyYjG7zWyKdY,0.564,48,1088,5731.7,0.04,19.04,173.0,"axiom,smart_degen",
2026-07-30,4monw7faX8kNczb2cYYsFiQktXy7KnzRc3NsQd3VZd7h,0.315,40,202,8933.93,0.498,82.55,369.0,"axiom,smart_degen",
2026-07-30,48cgxNPA97ACEvKqHfx7XWWHtgU2eAkNHFqPe4xp6eBR,0.647,35,2057,5568.53,0.06,23.82,76.0,"axiom,smart_degen",
2026-07-30,FhtZnHAmc2X3cTGNDQ6f3iM13Rp3BfzhPSyGaBD8fxck,0.466,110,3595,9873.95,0.04,18.18,193.0,"axiom,padre,smart_degen",
2026-07-30,3ArHvdGs1v9gdwNEMRJihHfRUnwfFkYjtzcdSBD3cDdJ,0.449,65,3552,8438.25,0.036,11.94,183.0,"axiom,gmgn,padre,smart_degen,trojan",
2026-07-30,3AfZNMNnHXe4q53715YiWRA1zK5ndtLrvgS6yJHunbHy,0.324,27,1597,9595.42,0.113,71.12,24.0,"axiom,smart_degen",
2026-07-30,4aE7NqEznFdD7kBvyhj8wvoQvTjezvmiB8vdHZfmSD5B,0.336,53,1908,12062.12,0.094,79.92,24.0,"axiom,smart_degen",
2026-07-30,CkakfbMYpsXd7FRNtz9mZqik1dWjk9EmmxuVhUTQcmq8,0.558,112,1156,7079.89,0.055,10.06,222.0,"axiom,smart_degen",
2026-07-30,qniXyGUYVo72NQsqtBopqge3z524xAJuE5Mox3LvP2W,0.308,17,1095,2657.85,0.05,40.76,9.0,"axiom,smart_degen",
2026-07-30,AqSTgWq3tCKRuJCRN3ssVn8cFuQNASVxvpBwaLVmfKgP,0.442,133,1038,2559.41,0.038,17.76,93.0,"axiom,gmgn,padre,smart_degen",
2026-07-30,BCagckXeMChUKrHEd6fKFA1uiWDtcmCXMsqaheLiUPJd,0.323,28799,15199,16427.42,0.036,327.48,93.0,"axiom,bullx,gmgn,top_followed,top_renamed,wash_trader",vibed333
2026-07-31,GntwJ8SEg7RXZS5QDZsb3gzeDEtq9DfApgqhpetSJePK,0.392,17,814,6353.38,0.071,12.95,6.0,"axiom,fresh_wallet,smart_degen",
2026-07-31,FQTm2LutmRp4yWKpfFic1Xxgz4oEtYrFsed5xu2TR6Ji,0.368,42,1456,11174.46,0.061,12.59,7.0,"axiom,fresh_wallet,smart_degen",
2026-07-31,G8mikf4gH6NrMMCQJqbCKRyoemPwGJT2RVHT9Z3v94Pc,0.429,34,975,6034.78,0.035,35.41,94.0,"axiom,smart_degen",
2026-07-31,BunJmeKJBjZ3Wv7RaiwnEGf4SVRichiDP8Z58rDABEFL,0.392,8,687,11626.07,0.265,48.56,8.0,"axiom,fresh_wallet,smart_degen",
2026-07-31,GijFWw4oNyh9ko3FaZforNsi3jk6wDovARpkKahPD4o5,0.441,10996,3632,147962.61,0.267,1595.3,591.0,"axiom,gmgn,padre,photon,smart_degen,top_followed,top_renamed",
2026-07-31,7Ke2PvMakpMdipDMoaEt3EP5duveSDXRbxSXKPsoCK4T,0.533,115,1664,11488.6,0.051,150.5,417.0,"axiom,padre,smart_degen",swayyytrades
2026-07-31,2tVnqzRozPkkB8ar6UwaKK48nm1MNK616QN33ooA1i8A,0.523,24,497,5250.99,0.08,33.68,10.0,"axiom,smart_degen",
2026-07-31,4aE7NqEznFdD7kBvyhj8wvoQvTjezvmiB8vdHZfmSD5B,0.326,58,2096,10865.61,0.075,56.92,25.0,"axiom,smart_degen",
2026-07-31,3AfZNMNnHXe4q53715YiWRA1zK5ndtLrvgS6yJHunbHy,0.319,33,1778,8593.72,0.086,54.27,25.0,"axiom,smart_degen",
2026-07-31,74SdNTSeAt7L8Eb75bV1tHcZpux46CP7k4ZdpoaANZns,0.466,31,404,6189.05,0.205,32.02,8.0,"padre,smart_degen",
2026-07-31,7pKs6PHJNFWgQR8XaSKGUsCuDLzsFV85S4CCiStsb5JS,0.472,8,1304,2945.78,0.053,15.61,512.0,"axiom,bullx,smart_degen",
2026-07-31,JXNpGnH1X971eACRX99TJzUJ8KWqBQb1YQgettg1boz,0.568,81,1481,7032.09,0.046,14.61,95.0,"axiom,smart_degen",
2026-07-31,AzWnNS9isJR9HZ6WAEAUwqVMu5SAwHsPNmrmEVCroyMS,0.488,216,6693,21433.15,0.021,25.75,94.0,"axiom,gmgn,smart_degen",
2026-07-31,BfCP1ncxu7ZWp4B6TvQEcXGVSCiM2LhAzyYjG7zWyKdY,0.564,54,1138,5937.02,0.039,18.95,174.0,"axiom,smart_degen",
2026-07-31,HrtVLLCBM4LXfRGLGcXBYvkkJ9xnbiJ3ob1MxKdmNs7o,0.564,555,1165,6622.5,0.04,21.89,373.0,"axiom,smart_degen",
2026-07-31,DaDtxe6jcjeGHDHF6uQMPoaMwT79occaxyivGKosLRNT,0.7,23,910,3280.4,0.027,11.32,18.0,"axiom,smart_degen",
2026-07-31,qniXyGUYVo72NQsqtBopqge3z524xAJuE5Mox3LvP2W,0.317,23,1276,2981.13,0.049,37.98,10.0,"axiom,smart_degen",
2026-07-31,yVrqX84dNn9pWP3Y2gBzqkCqHLfw7zsukSqjZTDoQ2C,0.572,16,1864,3995.31,0.029,4.71,28.0,"gmgn,smart_degen",
2026-07-31,AfCQRBBbnPH9MJeSzVmHAvfWefcU64b3frTmNotqLwUW,0.453,19,675,3596.35,0.078,18.96,81.0,"axiom,smart_degen",
2026-07-31,2JLTKcECTybkCEp64v7V4P4FijjKiMgKnFkX2WwRWTM6,0.504,37,698,5249.32,0.115,23.56,104.0,"axiom,smart_degen",
2026-07-31,6ww5Lc3uqJ5Wc8s4xSQ55YyoxHZjN6j8LbQzktLW1dkJ,0.511,91,381,16001.05,0.322,221.33,94.0,"axiom,smart_degen",
2026-07-31,CkakfbMYpsXd7FRNtz9mZqik1dWjk9EmmxuVhUTQcmq8,0.555,120,1262,7386.4,0.051,18.53,223.0,"axiom,smart_degen",
2026-07-31,5TSJhQpL9wLoyYqmwRmTJBkjvXVipPtAnj9UigYm9kqD,0.353,17,673,5967.8,0.126,21.98,6.0,"axiom,fresh_wallet,smart_degen",
2026-08-01,7vqbM1Lkbq2diGcwixUnDgcgvtKZnBttFZrtmfJbw8Ph,0.463,123,348,18477.31,0.057,142.36,77.0,"axiom,smart_degen",
2026-08-01,74SdNTSeAt7L8Eb75bV1tHcZpux46CP7k4ZdpoaANZns,0.433,33,524,5583.1,0.153,30.59,9.0,"padre,smart_degen",
2026-08-01,5aY62gn38EYPmcZxCX5iKjxCFDdgCoTTcq6nz8M4nRif,0.477,40,761,3765.83,0.088,1.32,444.0,"axiom,smart_degen",
2026-08-01,HSsJjkHrxezZ1SdhgdivhDGXbxANicWbKvKsVtrMrJvG,0.636,276,1701,19758.21,0.062,44.03,264.0,"axiom,padre,smart_degen",
2026-08-01,4U9s6ktkZVD6W9K5X1RRVG89Mm9ZGznrPhhPhXezNedm,0.577,104,1017,12283.65,0.052,10.52,95.0,"gmgn,smart_degen",
2026-08-01,CkakfbMYpsXd7FRNtz9mZqik1dWjk9EmmxuVhUTQcmq8,0.545,118,1377,6529.41,0.041,19.21,224.0,"axiom,smart_degen",
2026-08-01,74ra1n7Xr2FXHX7R2yUu3fY1RCcW6MAnephkvKVHNwbJ,0.464,21,1524,3181.77,0.023,2.42,27.0,"axiom,smart_degen",
2026-08-01,HV56TXHsEzNd1bpia84zGkrhvSVuBayG5vh9KjneoYMf,0.537,157,2331,2453.92,0.012,71.82,623.0,"axiom,bullx,gmgn,smart_degen",
2026-08-01,78dFbRo1nNVRnV1R2r4rfNkSgyRomVg2y1QE4DuctXt3,0.308,0,1078,3198.21,0.099,6.68,23.0,"axiom,smart_degen",
2026-08-01,hnu69n6P5CgYXCtUKii9wgamqtDeTVHY3TVJ6HKt7wC,0.756,881,2703,41814.89,0.019,20.26,311.0,"padre,smart_degen",
2026-08-01,64ozFG3EAKga6PugXZjdoU5uvbNiN3r1RsTodJvpBShH,0.479,31,2317,9129.36,0.041,26.81,99.0,"axiom,gmgn,photon,smart_degen",
2026-08-01,D3zAG2Kb6dAWvfuJtxhMun9dT3VurJcFjRDJvVkApZ3d,0.582,13,1443,8708.35,0.04,128.93,94.0,"axiom,smart_degen",
2026-08-01,91Tot4afpSsuYQgMRsTms32REKCVZ4GPD35SKoK36Aso,0.55,49,1081,6181.24,0.049,4.41,455.0,"axiom,smart_degen",
2026-08-01,5yzVtM9eYzgRwQ3HkaJXpGqduhBv9c9VEq8JyUEDxjDh,0.446,45,166,3683.95,0.184,43.72,465.0,"axiom,smart_degen",
2026-08-01,yVrqX84dNn9pWP3Y2gBzqkCqHLfw7zsukSqjZTDoQ2C,0.574,15,1906,4125.91,0.029,5.09,29.0,"gmgn,smart_degen",
2026-08-01,6xZNG4GT5PiDU8fMSu5GMyvmtAawhChtKq8WSoi4eY65,0.48,15,817,2602.64,0.043,45.28,8.0,"fresh_wallet,smart_degen",
2026-08-01,EH61htz7xVQJQXJRmaJXGSdhY57Ks8fmSYZvUNYYW5Cu,0.436,24,723,4637.08,0.048,23.77,17.0,"axiom,smart_degen",
2026-08-01,BunJmeKJBjZ3Wv7RaiwnEGf4SVRichiDP8Z58rDABEFL,0.39,15,844,14858.64,0.289,60.4,9.0,"axiom,smart_degen",
2026-08-01,2tVnqzRozPkkB8ar6UwaKK48nm1MNK616QN33ooA1i8A,0.505,22,574,5484.75,0.073,12.4,11.0,"axiom,smart_degen",
2026-08-01,HZXdwRRw27kfpYtTqc7bMfrRgK3LSUaiKDFtqoEihik8,0.552,1282,2469,94422.32,0.304,380.47,193.0,"photon,smart_degen",
2026-08-01,48cgxNPA97ACEvKqHfx7XWWHtgU2eAkNHFqPe4xp6eBR,0.642,51,2226,7307.5,0.072,51.99,78.0,"axiom,smart_degen",
2026-08-01,8WabrNf7jB6TPRQrkQqE9mCBkuQDTpHMixghLsk1oBwV,0.574,7,967,7564.25,0.07,110.13,521.0,smart_degen,
2026-08-02,5h857RqmgcSjf2yz6E9Jh2zga5RaYTKzm1yK4uSnKD7n,0.534,19,655,3530.31,0.039,25.07,13.0,"axiom,smart_degen",
2026-08-02,3zsrxxcvJxif7eC4nRuRLg5qufxumZo4b2HNwETvuM5B,0.455,157,3396,15732.71,0.118,10.48,131.0,"gmgn,smart_degen",
2026-08-02,57hdTgdcVDyYrZJ3ieeBRn4CDiLWVvBrgjsuDa3gSfzD,0.473,146,2202,11668.49,0.153,4.32,131.0,"gmgn,smart_degen",
2026-08-02,HSsJjkHrxezZ1SdhgdivhDGXbxANicWbKvKsVtrMrJvG,0.642,289,1768,20680.51,0.062,59.38,265.0,"axiom,padre,smart_degen",
2026-08-02,Bch9t9iSypohF3qtKerLkovnhCvxuZfTsxm8pGkCFEBv,0.413,5,539,2039.43,0.066,23.2,6.0,"fresh_wallet,padre,smart_degen",
2026-08-02,FQa9kwnFMvpC52hcSGNFwK7gyndmxwYmFRonnnyDWwet,0.473,37,1031,3166.39,0.05,10.09,256.0,"axiom,smart_degen",
2026-08-02,E2tVJXu8GFjxxYeFftLSoqz9L15qVoqpDEiFGB7YJC8s,0.498,52,1022,2994.34,0.047,11.3,377.0,"axiom,smart_degen",
2026-08-02,DYLr5vu4zCUik9ixdVvQLsPCfBFJx3sMdr8wMXBUTj6g,0.301,28,748,8392.93,0.221,7.77,48.0,"gmgn,smart_degen",
2026-08-02,A8yiUQzGELdiG481AbZoyCGG9QvRPaEmYbnkAmb7Fpc7,0.534,35,570,4654.23,0.084,2.55,96.0,"axiom,smart_degen",
2026-08-02,DaDtxe6jcjeGHDHF6uQMPoaMwT79occaxyivGKosLRNT,0.713,35,1026,4746.12,0.034,8.13,20.0,"axiom,smart_degen",
2026-08-02,CiPEzMRkdAvovQ8sD2KiWwSbhJ9Hi39P9svf6BndTBeh,0.531,88,1909,3658.66,0.027,8.05,612.0,"smart_degen,trojan",
2026-08-02,7YC7yQcrvVH2RmUthjAVQUS1HP47xxgg9p5CfayEGLzR,0.474,9,371,2249.33,0.067,7.69,9.0,smart_degen,
2026-08-02,7bRKHriCHw5keDPPsTXx8vWZo3npMtuGeevMyMEseUTb,0.44,52,2381,1106.12,0.005,0.77,38.0,"gmgn,smart_degen",
2026-08-02,5yzVtM9eYzgRwQ3HkaJXpGqduhBv9c9VEq8JyUEDxjDh,0.417,46,190,3245.3,0.147,34.94,466.0,"axiom,smart_degen",
2026-08-02,HV56TXHsEzNd1bpia84zGkrhvSVuBayG5vh9KjneoYMf,0.541,163,2326,2191.84,0.01,67.44,624.0,"axiom,bullx,gmgn,smart_degen",
2026-08-02,hnu69n6P5CgYXCtUKii9wgamqtDeTVHY3TVJ6HKt7wC,0.754,893,2665,40221.4,0.019,19.27,312.0,"padre,smart_degen",
2026-08-02,4MWKrJWMc2QN36jutfWbSmhjTRpvqmYo2kRZks82ZCr7,0.516,0,296,-351.35,-0.028,2.03,343.0,"axiom,smart_degen",
2026-08-02,HptkZKjyxRYfG1q9AouqPTdFyFMBB51u9yuUULyu3tft,0.364,26,1086,8615.33,0.075,44.53,64.0,"axiom,padre,smart_degen",
2026-08-02,7Ke2PvMakpMdipDMoaEt3EP5duveSDXRbxSXKPsoCK4T,0.537,123,1632,11708.61,0.053,154.94,419.0,"axiom,padre,smart_degen",swayyytrades
2026-08-02,JXNpGnH1X971eACRX99TJzUJ8KWqBQb1YQgettg1boz,0.551,83,1658,8792.01,0.051,3.71,97.0,"axiom,smart_degen",
2026-08-02,64ozFG3EAKga6PugXZjdoU5uvbNiN3r1RsTodJvpBShH,0.489,32,2263,8094.42,0.038,26.65,100.0,"axiom,gmgn,photon,smart_degen",
2026-08-02,31iRQFxAApGY6LAXm16QDXmPFHSeY2mP4dW96P22iTBV,0.32,279,4519,36329.56,0.1,87.79,87.0,"axiom,smart_degen",
2026-08-02,4ET2AazzGBwZ5sRsQWoAFRFJPosRN3d4XkutTP3LZBtu,0.517,429,516,7817.91,0.103,51.06,513.0,"axiom,smart_degen,trojan",
2026-08-02,Dz7ve2Tdzt58SCctoCkNKe4MdT1VZ5vMH3iAhynFxjec,0.531,172,515,8290.33,0.111,50.39,382.0,"axiom,smart_degen",
2026-08-03,HxEY1ULfsK9eWKvsFYWPdkxuWUAeSPsXPNPrvSGxFw7c,0.412,24,3162,11602.61,0.111,2.22,34.0,"gmgn,smart_degen",
2026-08-03,3zsrxxcvJxif7eC4nRuRLg5qufxumZo4b2HNwETvuM5B,0.454,163,3541,15436.69,0.122,4.9,132.0,"gmgn,smart_degen",
2026-08-03,yVrqX84dNn9pWP3Y2gBzqkCqHLfw7zsukSqjZTDoQ2C,0.58,21,1698,4048.19,0.033,4.11,31.0,"gmgn,smart_degen",
2026-08-03,FuqGF5LnmKdooMtKyrSqWRwBAho8JzncL1qRLQMPyDZJ,0.409,35,2466,10876.92,0.117,1.13,34.0,"gmgn,smart_degen",
2026-08-03,57hdTgdcVDyYrZJ3ieeBRn4CDiLWVvBrgjsuDa3gSfzD,0.477,153,2307,11913.44,0.158,1.66,132.0,"gmgn,smart_degen",
2026-08-03,91Tot4afpSsuYQgMRsTms32REKCVZ4GPD35SKoK36Aso,0.541,53,1092,6185.71,0.049,0.06,457.0,"axiom,smart_degen",
2026-08-03,6FpZdYmBtbXCCAYUpAJ6qE812wz87tcEyRvTUa8U5Nsd,0.545,193,567,12217.67,0.041,4.9,52.0,"axiom,smart_degen",
2026-08-03,9haKJiniE7HR5im7b9a74VUGD7vHDu6waBwAdQegwqQm,0.594,35,2125,7554.52,0.012,2.27,42.0,smart_degen,
2026-08-03,CT9dekyfadMYxLdfxV76ASSLo2QKXaj5cGPmvM2rcKVC,0.336,9,832,2982.22,0.042,28.22,4.0,"axiom,fresh_wallet,smart_degen",
2026-08-03,AzWnNS9isJR9HZ6WAEAUwqVMu5SAwHsPNmrmEVCroyMS,0.48,236,6987,20547.35,0.018,44.31,97.0,"axiom,gmgn,smart_degen",
2026-08-03,BXGo9i9bWJPBNyjpfhjGF8NdYaJLeZvmhNsCLZLxZLxD,0.566,61,924,2667.88,0.012,23.26,319.0,"axiom,padre,photon,smart_degen",
2026-08-03,5yzVtM9eYzgRwQ3HkaJXpGqduhBv9c9VEq8JyUEDxjDh,0.422,47,221,3863.73,0.15,35.81,467.0,"axiom,smart_degen",
2026-08-03,JXNpGnH1X971eACRX99TJzUJ8KWqBQb1YQgettg1boz,0.54,91,1723,9264.27,0.052,14.18,98.0,"axiom,smart_degen",
2026-08-03,84vGsG7BHQWKXvYxtHCKBeCG18dwm7DsCZoco4Ez4oDi,0.438,541,5591,11275.21,0.021,18.31,97.0,"axiom,gmgn,padre,smart_degen",exeycrypto
2026-08-03,4U9s6ktkZVD6W9K5X1RRVG89Mm9ZGznrPhhPhXezNedm,0.559,112,1031,11812.8,0.049,8.21,97.0,"gmgn,smart_degen",
2026-08-03,A8yiUQzGELdiG481AbZoyCGG9QvRPaEmYbnkAmb7Fpc7,0.538,36,575,4347.53,0.076,1.8,97.0,"axiom,smart_degen",
2026-08-03,DBZERSDJT7JFS21h97GGAeQqfUycZx47KFKeRXh78PAP,0.58,179,131,6899.24,0.352,0.45,549.0,"axiom,bullx,smart_degen",
2026-08-03,2tVnqzRozPkkB8ar6UwaKK48nm1MNK616QN33ooA1i8A,0.498,24,619,5769.49,0.074,8.23,13.0,"axiom,smart_degen",
2026-08-03,4j81GXrMf7njGXAyL92YdchWDkrmJXuWS6UJdtyQ6bTV,0.68,9,645,3019.31,0.062,7.57,14.0,"gmgn,smart_degen",
2026-08-03,6XQXjgj6rzg6VjRXPsxStVvStgwLcdeHo72nfzUHZBt3,0.412,43,157,12409.47,0.308,54.57,417.0,"axiom,smart_degen",
2026-08-03,2nhqxaPjXQM7jmGP4pk4D5gXdmPtAbZGnNBGDcyqHS73,0.582,112,2777,12887.64,0.026,46.92,273.0,"axiom,smart_degen",
2026-08-03,31iRQFxAApGY6LAXm16QDXmPFHSeY2mP4dW96P22iTBV,0.322,302,4672,39703.09,0.107,106.9,88.0,"axiom,smart_degen",
2026-08-03,2nDFbjRWkKbP94iCGDUJHJDTjMrH11hwTRWGBQuAmgkB,0.365,11,1243,5689.17,0.085,0.13,100.0,smart_degen,
2026-08-03,5TSJhQpL9wLoyYqmwRmTJBkjvXVipPtAnj9UigYm9kqD,0.319,21,866,6082.55,0.097,16.42,9.0,"axiom,smart_degen",
2026-08-04,4j81GXrMf7njGXAyL92YdchWDkrmJXuWS6UJdtyQ6bTV,0.665,10,693,2470.99,0.048,3.49,15.0,"gmgn,smart_degen",
2026-08-04,yVrqX84dNn9pWP3Y2gBzqkCqHLfw7zsukSqjZTDoQ2C,0.589,22,1726,4134.84,0.033,1.81,32.0,"gmgn,smart_degen",
2026-08-04,2tVnqzRozPkkB8ar6UwaKK48nm1MNK616QN33ooA1i8A,0.468,26,676,4587.72,0.047,36.59,14.0,"axiom,smart_degen",
2026-08-04,FhtZnHAmc2X3cTGNDQ6f3iM13Rp3BfzhPSyGaBD8fxck,0.441,122,3705,9498.95,0.04,21.96,198.0,"axiom,padre,smart_degen",
2026-08-04,BnNMkMRhQmAd56KPN9141ULX9HhPmQrkSzYxr8CCPbyX,0.36,14,2061,4611.32,0.03,20.54,59.0,"axiom,smart_degen",
2026-08-04,64ozFG3EAKga6PugXZjdoU5uvbNiN3r1RsTodJvpBShH,0.471,41,2390,8839.06,0.04,143.51,102.0,"axiom,gmgn,photon,smart_degen",
2026-08-04,HV56TXHsEzNd1bpia84zGkrhvSVuBayG5vh9KjneoYMf,0.55,169,2386,3044.14,0.013,56.24,626.0,"axiom,bullx,gmgn,smart_degen",
2026-08-04,FkT7sXCo9GRCPMNsMXynBnTaUQ8fUdY5wG8SBGfo8JTh,0.37,1451,225,-21129.7,-0.177,61.92,535.0,"arbitrager,trojan",
2026-08-04,BCagckXeMChUKrHEd6fKFA1uiWDtcmCXMsqaheLiUPJd,0.346,29137,14053,12857.83,0.034,385.73,98.0,"axiom,bullx,gmgn,top_followed,top_renamed,wash_trader",vibed333
2026-08-04,3zsrxxcvJxif7eC4nRuRLg5qufxumZo4b2HNwETvuM5B,0.445,188,3716,17074.83,0.13,58.62,133.0,"gmgn,smart_degen",
2026-08-04,HxEY1ULfsK9eWKvsFYWPdkxuWUAeSPsXPNPrvSGxFw7c,0.4,25,3369,12113.27,0.11,37.91,35.0,"gmgn,smart_degen",
2026-08-04,YJFQNKUJya6H8KspERKeZ1fmBBBbRd2iJue1wDD6Br5,0.371,21,313,3472.69,0.119,39.56,10.0,"axiom,smart_degen",
2026-08-04,C86oRMyUqzsXKXEAsCUbrhJuYuMbqXxE886s9MpUFF88,0.766,45,7117,13772.68,0.019,4.8,96.0,smart_degen,
2026-08-04,CLz4eLvZphZxNMwjsTFGZ4kukeAdWgCrqWvfTn1pJSyq,0.479,177,148,10900.47,0.574,176.43,107.0,"axiom,smart_degen",
2026-08-04,74SdNTSeAt7L8Eb75bV1tHcZpux46CP7k4ZdpoaANZns,0.396,70,753,18952.66,0.339,106.6,12.0,"padre,smart_degen",
2026-08-04,9yHA2HwcsHfjSLZQXPx3eJUQAnbYU3YdbfBuNxkgFQSP,0.507,1981,2455,11089.73,0.051,27.0,426.0,"axiom,bullx,smart_degen",
2026-08-04,42wuKdjT3h1dybTMygQshSsH57EHGseZPU9vTog4VEYm,0.514,885,2406,23920.69,0.122,23.58,353.0,"axiom,bullx,smart_degen",
2026-08-04,7Ke2PvMakpMdipDMoaEt3EP5duveSDXRbxSXKPsoCK4T,0.539,133,1625,11355.81,0.051,152.25,421.0,"axiom,padre,smart_degen",swayyytrades
2026-08-04,7pKs6PHJNFWgQR8XaSKGUsCuDLzsFV85S4CCiStsb5JS,0.44,11,2007,3534.25,0.044,17.38,516.0,"axiom,bullx,smart_degen",
2026-08-04,AgiGpUAF25B7NL9u8byDcptPcYWi4eFU4kjtcRtaMmdQ,0.426,101,1823,10386.82,0.033,11.4,77.0,"axiom,smart_degen",
2026-08-04,Bg8S899R2r5g7qy3zdoyFnZqvBCDt338qP8mbGNZXVxB,0.476,221,1047,5413.33,0.034,17.31,236.0,"axiom,padre,smart_degen",
2026-08-04,6qLWeCuTKGx8yjyZfuqHvhiktT9b8Hh5X33upgycWyHQ,0.518,22,565,7857.57,0.122,141.63,104.0,"axiom,smart_degen",
2026-08-04,undwZZbXFTXAizTeeNpmygJDa4pWopEr1UCDSWpyo4y,0.616,112,1818,3655.5,0.012,2.37,115.0,"axiom,smart_degen",
2026-08-04,AYHoGxsLVQaJobtGGxa8sRYQtfnj79t8eB6XdLRr6CFG,0.404,318,3772,1594.29,0.009,11.71,101.0,"gmgn,smart_degen",kingofgoldendog
2026-08-04,HwoUch9dtBshU2ZvuxzNAWvtfeiUiXUJaLko8duWhHCg,0.538,107,466,3982.69,0.025,37.4,791.0,"padre,smart_degen",
2026-08-04,B7cRRKmjDt5KkFKfhD3NicgwywvkicgHvqVySU4LN4od,0.306,42,1908,14520.35,0.029,88.85,69.0,"axiom,fomo,smart_degen",
2026-08-04,HT1bmCAJgxqjNmtgH5NVxT5JUTSqMJz2c3JM11yty1Gt,0.483,249,588,44618.86,0.284,251.86,61.0,"photon,smart_degen",
2026-08-04,91Tot4afpSsuYQgMRsTms32REKCVZ4GPD35SKoK36Aso,0.555,55,1143,6609.0,0.05,2.31,458.0,"axiom,smart_degen",
2026-08-05,ADvatX4sqvxQqjTMpHubWQYmMqeP7fSYYDLMf4frmHu9,0.355,208,796,2487.97,0.022,18.28,494.0,"axiom,padre,smart_degen",
2026-08-05,7bRKHriCHw5keDPPsTXx8vWZo3npMtuGeevMyMEseUTb,0.469,53,2689,3228.99,0.011,1.85,41.0,"gmgn,smart_degen",
2026-08-05,BCagckXeMChUKrHEd6fKFA1uiWDtcmCXMsqaheLiUPJd,0.355,29193,14191,21075.99,0.058,478.63,99.0,"axiom,bullx,gmgn,top_followed,top_renamed,wash_trader",vibed333
2026-08-05,GTUZ2gH5dgSvdpBkToKmThqBmb2V8Fpr9rQNSCHc1pRX,0.49,6,305,1783.3,0.058,11.61,27.0,"smart_degen,trojan",
2026-08-05,HV56TXHsEzNd1bpia84zGkrhvSVuBayG5vh9KjneoYMf,0.55,172,2555,4601.8,0.019,66.39,627.0,"axiom,bullx,gmgn,smart_degen",
2026-08-05,s1unJYwKJXSu2UHsVY7uESvDTddyorPYrGnmEAEumbR,0.617,23,3191,2768.45,0.009,1.26,29.0,"axiom,smart_degen",
2026-08-05,6ENuHf5BKYwk2s3YjjYYJQ8QYkjRFGzoy7jN7R9gjAcf,0.511,12,281,2456.91,0.087,11.32,27.0,"smart_degen,trojan",
2026-08-05,Ci4qecoTMPkkhXSr7Ttw8tp4sF5i8BhQtKKE26vDR8RZ,0.337,19759,150,1240.56,0.128,17.76,202.0,"gmgn,padre,smart_degen,top_followed",
2026-08-05,Dhaee3PzMQDafsfaF3rtiKA18M5PWPfTskDcpSipHJ5r,0.383,14,622,8617.28,0.078,1.28,7.0,"axiom,fresh_wallet,smart_degen",
2026-08-05,7QLMAJ4b8SrHMVCg1MFDB1UFcm8ugBfLVzTPoSkeptnK,0.463,79,1417,11986.54,0.073,89.16,129.0,"axiom,smart_degen",
2026-08-05,BnNMkMRhQmAd56KPN9141ULX9HhPmQrkSzYxr8CCPbyX,0.36,14,1974,4705.79,0.032,22.55,60.0,"axiom,smart_degen",
2026-08-05,6FZ1RasKHCPa9DnNYzg2v6ppDBhMigPM9X3L5fUY8kab,0.397,38,1069,12147.85,0.07,152.04,99.0,"padre,smart_degen",
2026-08-05,AYHoGxsLVQaJobtGGxa8sRYQtfnj79t8eB6XdLRr6CFG,0.4,319,3811,2266.98,0.013,7.8,102.0,"gmgn,smart_degen",kingofgoldendog
2026-08-05,HxEY1ULfsK9eWKvsFYWPdkxuWUAeSPsXPNPrvSGxFw7c,0.386,27,3431,11321.26,0.1,18.57,36.0,"gmgn,smart_degen",
2026-08-05,3zsrxxcvJxif7eC4nRuRLg5qufxumZo4b2HNwETvuM5B,0.429,191,3719,15302.82,0.118,11.18,134.0,"gmgn,smart_degen",
2026-08-05,57hdTgdcVDyYrZJ3ieeBRn4CDiLWVvBrgjsuDa3gSfzD,0.456,154,2459,12213.66,0.151,17.43,134.0,"gmgn,smart_degen",
2026-08-05,FuqGF5LnmKdooMtKyrSqWRwBAho8JzncL1qRLQMPyDZJ,0.398,34,2625,10315.85,0.107,19.49,36.0,"gmgn,smart_degen",
2026-08-05,8T4BdDqacmgeaAU4beFHCPhitrjp8vc8L5N68FfBTvhg,0.48,1,460,1910.77,0.104,28.95,13.0,"axiom,smart_degen",
2026-08-05,GSLfgBXZtbKVazkWm3CaNPsH4ruv8NKUWP1CvCwdPt53,0.36,1,935,3550.47,0.035,2.5,432.0,"axiom,smart_degen",
2026-08-05,FixukbsKfJZEr996ubcWvwTAt1b6QJ2SfP3FJsBSbH33,0.548,24,2185,15212.62,0.068,339.18,16.0,smart_degen,
2026-08-05,7PeBXcKfvz8cX82VxzRioYMMcGb1Bt4yVL4ErpPskyvm,0.577,2,373,1979.06,0.067,9.95,8.0,"axiom,smart_degen",
2026-08-05,8Xo7so2GbfBXWb1Z2tdscAx4raMtypMEMjpKRoVo3CS7,0.485,62,2189,5043.26,0.046,12.87,99.0,"axiom,smart_degen",
2026-08-05,5aY62gn38EYPmcZxCX5iKjxCFDdgCoTTcq6nz8M4nRif,0.46,55,909,11305.03,0.196,7.86,448.0,"axiom,smart_degen",
2026-08-05,5QXMkhu3ycDtwsbkpE7xfVYtUiJxFBg8BU16KzbCkvkx,0.467,8,1097,4280.21,0.051,30.91,20.0,"axiom,smart_degen",
2026-08-05,9qvVKNuE3Z3DU8f5TcPaMT2SXebvGWPHQURatDh6zGRi,0.446,10,1088,3407.22,0.041,40.15,20.0,"axiom,smart_degen",
2026-08-05,4RE5CD3jdx3uYdERvW2vMbnKJK5e4cNE1gFEvfAaztAL,0.409,31,1019,3047.42,0.018,2.43,102.0,"axiom,gmgn,smart_degen",
2026-08-05,7pKs6PHJNFWgQR8XaSKGUsCuDLzsFV85S4CCiStsb5JS,0.435,12,2147,3138.64,0.036,12.25,517.0,"axiom,bullx,smart_degen",
2026-08-05,8fmdJKeFus6P27WyEBHq9Mg3ULrGe4zjQ39VhFRLtPdu,0.451,26,879,8518.84,0.103,36.35,34.0,"axiom,smart_degen",
2026-08-05,EvWaM15DxLaUijPuyCrpmqCZQtaJMDdeeAqryYbCuScF,0.416,36,183,5051.28,0.153,25.83,133.0,"axiom,smart_degen",
2026-08-05,JXNpGnH1X971eACRX99TJzUJ8KWqBQb1YQgettg1boz,0.538,114,1831,9761.97,0.051,8.99,100.0,"axiom,smart_degen",
2026-08-05,Cvnk6o8QEBceac3ARf5Wdjj6n9RDuZ1bCDx7gRC4hHWt,0.423,604,1192,33828.84,0.213,314.03,267.0,"axiom,smart_degen",
2026-08-05,22Wrii4mukYyuUNG1RE5TkbbtTRyR36HBWVwfCRsNo3F,0.333,24,370,3267.24,0.072,37.2,42.0,"padre,smart_degen",
2026-08-05,4monw7faX8kNczb2cYYsFiQktXy7KnzRc3NsQd3VZd7h,0.337,67,442,10344.93,0.247,73.28,375.0,"axiom,smart_degen",
2026-08-05,D4SeEdKfQJuv1izkv2SZWmMaqUZXwKkFZidMJYMfivGy,0.426,2,139,3128.29,0.234,84.77,4.0,"axiom,fresh_wallet,gmgn,smart_degen",
2026-08-05,DDCyA5ntVKgd7CLMow2MQs3Qau5jpKvhb96FN2UAJonk,0.377,1,138,3124.08,0.238,85.09,4.0,"axiom,fresh_wallet,gmgn,smart_degen",
2026-08-05,5dTT1vSBpJu5tYhGQ5jmfdvPvY6d6TdiuevTqMYhHKu3,0.377,1,134,2734.42,0.211,80.92,4.0,"axiom,fresh_wallet,gmgn,smart_degen",
2026-08-05,DNHCFF7XkihCdTt2xBvdS3V9dDrwewjL5joRXUZDhPSm,0.426,1,139,3267.77,0.244,86.86,4.0,"axiom,fresh_wallet,gmgn,smart_degen",
2026-08-06,2dEpwaujMteZsFYCX3hwaavYKkU7kRwAwJe9XGuWNRGA,0.722,791,1812,11788.8,0.073,338.98,878.0,"axiom,photon,smart_degen",
2026-08-06,5LHfC9JnhVrS84iTvotQUdyf3VxtFsQfw1rKTW34316H,0.341,3,1186,1371.09,0.044,0.02,3.0,"axiom,fresh_wallet,smart_degen",
2026-08-06,2nDFbjRWkKbP94iCGDUJHJDTjMrH11hwTRWGBQuAmgkB,0.372,17,1267,5419.26,0.084,6.26,103.0,smart_degen,
2026-08-06,CTfmUVKVRrVLMBssybWstPsVKdDVrwUB1nX7CrmGDh1G,0.584,18,5003,4410.29,0.023,53.69,17.0,smart_degen,
2026-08-06,TYAzLHbpP7qiBm1ik76wQPFmUVrfKV4ZpFY4RZSXAQ2,0.622,14,277,7174.48,0.027,134.71,146.0,smart_degen,
2026-08-06,2UoZHvfBUB2UjiDcnfhczrukqrfBWTu5JeTqLaAHSzVo,0.472,668,1302,25891.93,0.251,68.22,475.0,"axiom,smart_degen",
2026-08-06,FixukbsKfJZEr996ubcWvwTAt1b6QJ2SfP3FJsBSbH33,0.542,35,2555,17238.25,0.066,339.09,17.0,smart_degen,
2026-08-06,9haKJiniE7HR5im7b9a74VUGD7vHDu6waBwAdQegwqQm,0.605,37,2269,9871.33,0.015,2.0,45.0,smart_degen,
2026-08-06,FkDi1xnFzbFTpLidqzfTrum2Q9MeExqUbnj53jENbKaE,0.303,24,266,14102.7,0.222,78.03,14.0,"padre,smart_degen",
2026-08-06,FSonjuxwRm4Je4y3ZDz2HjNtonFtgZJzGaUigurovFDu,0.479,293,1237,16472.73,0.194,94.13,240.0,"axiom,smart_degen",
2026-08-06,7WpEMRyV2Drs7FRNeD9XpdT3nCpqyqj2QYyVSJ4XKYnn,0.492,341,1226,31197.37,0.397,60.81,240.0,"axiom,smart_degen",
2026-08-06,2mLUuydARXdfDZnvbZUiHAmKYkqFnwovxePGci661tuu,0.549,4,2392,2134.17,0.018,6.69,379.0,"axiom,smart_degen",
2026-08-06,BXGo9i9bWJPBNyjpfhjGF8NdYaJLeZvmhNsCLZLxZLxD,0.579,67,1028,4620.77,0.019,42.36,322.0,"axiom,padre,photon,smart_degen",
2026-08-06,GAAcxw3qcRmQTzm34UGQLz6q5V33Wk7vyugMPWXZKAbn,0.607,156,4976,8379.75,0.018,3.52,54.0,smart_degen,
2026-08-06,4FKdCMRVErM4vLXPm4TEEYcunSVC3vDqRWtiveFQ99uH,0.33,27,2430,3849.87,0.069,23.97,102.0,"axiom,padre,photon,smart_degen,trojan",
2026-08-06,CpznWMKsHTPSDncv2AMPkp9UiLW3AX5pc4EkYxJE9uYv,0.629,23,976,2612.92,0.032,10.77,194.0,smart_degen,
2026-08-06,7PeBXcKfvz8cX82VxzRioYMMcGb1Bt4yVL4ErpPskyvm,0.583,4,457,2331.16,0.067,13.42,9.0,"axiom,smart_degen",
2026-08-06,H9TMtTxBL84rqpX8uqC3TpTgM9BmE3bJDPzStFk8U1Th,0.471,309,1780,42961.11,0.159,0.52,131.0,"axiom,smart_degen,trojan",
2026-08-06,7pKs6PHJNFWgQR8XaSKGUsCuDLzsFV85S4CCiStsb5JS,0.411,13,2350,2650.85,0.028,14.28,518.0,"axiom,bullx,smart_degen",
2026-08-06,58opGgFq15Ew8QbHqkQjpnYNUFrZrsu2jZLNTRfuQ387,0.371,9,2425,3619.97,0.016,72.52,91.0,"axiom,smart_degen",
2026-08-06,BfG7WYmravgBhNdWpGoiFmF8L1duw2vdqdDHiZid2hoJ,0.329,6,1424,2065.69,0.043,10.82,15.0,smart_degen,
2026-08-06,HASkkfFfHjYQkGzhEukDBuNKNnEG713W5zoFuTu3MktF,0.542,15,600,8413.42,0.066,132.93,14.0,"axiom,smart_degen",
2026-08-06,5Nz2NSefJtU9QSFo3RVa3r73BnpoT82F5kpBN58Yk99u,0.459,1,702,1722.11,0.203,0.62,381.0,smart_degen,
2026-08-06,CLDQ2aPTpYULUbb3Nb3RqMV5Nus3zzkMBR3wMvvHh3aM,0.519,90,1383,2002.05,0.013,32.1,452.0,smart_degen,
2026-08-06,HwoUch9dtBshU2ZvuxzNAWvtfeiUiXUJaLko8duWhHCg,0.54,109,445,4316.91,0.026,55.31,793.0,"padre,smart_degen",
2026-08-06,4j81GXrMf7njGXAyL92YdchWDkrmJXuWS6UJdtyQ6bTV,0.636,15,847,2353.11,0.041,3.04,17.0,"gmgn,smart_degen",
2026-08-07,DaDtxe6jcjeGHDHF6uQMPoaMwT79occaxyivGKosLRNT,0.704,61,1469,4712.95,0.023,5.36,25.0,"axiom,smart_degen",
2026-08-07,GAAcxw3qcRmQTzm34UGQLz6q5V33Wk7vyugMPWXZKAbn,0.612,157,5255,8790.36,0.018,7.05,55.0,smart_degen,
2026-08-07,7PeBXcKfvz8cX82VxzRioYMMcGb1Bt4yVL4ErpPskyvm,0.58,6,553,2359.58,0.057,9.78,10.0,"axiom,smart_degen",
2026-08-07,2mLUuydARXdfDZnvbZUiHAmKYkqFnwovxePGci661tuu,0.541,6,2518,2080.75,0.016,6.95,380.0,"axiom,smart_degen",
2026-08-07,CLDQ2aPTpYULUbb3Nb3RqMV5Nus3zzkMBR3wMvvHh3aM,0.523,90,1404,2456.84,0.016,34.48,453.0,smart_degen,
2026-08-07,7Ke2PvMakpMdipDMoaEt3EP5duveSDXRbxSXKPsoCK4T,0.54,141,1718,11101.5,0.047,156.39,424.0,"axiom,padre,smart_degen",swayyytrades
2026-08-07,8y4aYZiaRisoHHgwH1cTiFnswuWPQoHHH9FKgYDnruoc,0.54,36,2354,7516.85,0.038,86.99,102.0,"axiom,smart_degen",
2026-08-07,spx6CLD7ob53iJ3FekrFxS6fdio8tLbupGPG44WuP6U,0.555,0,546,1069.78,0.028,5.14,14.0,"axiom,gmgn,smart_degen",
2026-08-07,BnNMkMRhQmAd56KPN9141ULX9HhPmQrkSzYxr8CCPbyX,0.354,16,1954,5503.85,0.038,3.97,62.0,"axiom,smart_degen",
2026-08-07,FixukbsKfJZEr996ubcWvwTAt1b6QJ2SfP3FJsBSbH33,0.538,52,2978,18991.62,0.062,339.09,18.0,smart_degen,
2026-08-07,AYHoGxsLVQaJobtGGxa8sRYQtfnj79t8eB6XdLRr6CFG,0.394,332,3724,2243.2,0.014,4.87,104.0,"gmgn,smart_degen",kingofgoldendog
2026-08-07,B7cRRKmjDt5KkFKfhD3NicgwywvkicgHvqVySU4LN4od,0.298,46,2218,13477.89,0.026,26.96,72.0,"axiom,fomo,smart_degen",
2026-08-07,HptkZKjyxRYfG1q9AouqPTdFyFMBB51u9yuUULyu3tft,0.329,47,1525,6163.74,0.032,52.39,69.0,"axiom,padre,smart_degen",
2026-08-07,7BWy2mtHNdnWLMZejk5E5sfDDSQfXsjzjy9jPzeDyYk5,0.52,56,1372,2163.02,0.042,8.67,101.0,"axiom,padre,smart_degen",
2026-08-07,DoNtG44CPnFHaVbVYHTCCtJQvmubqQN4RiwvAvFgd3d,0.583,11,2202,2681.43,0.019,1.2,3.0,"fresh_wallet,smart_degen",
2026-08-07,58opGgFq15Ew8QbHqkQjpnYNUFrZrsu2jZLNTRfuQ387,0.366,9,2480,3064.68,0.013,69.73,92.0,"axiom,smart_degen",
2026-08-07,7QLMAJ4b8SrHMVCg1MFDB1UFcm8ugBfLVzTPoSkeptnK,0.459,84,1453,10823.87,0.063,101.7,131.0,"axiom,smart_degen",
2026-08-07,31iRQFxAApGY6LAXm16QDXmPFHSeY2mP4dW96P22iTBV,0.313,361,5123,41570.61,0.103,0.54,92.0,"axiom,smart_degen",
2026-08-07,AzWnNS9isJR9HZ6WAEAUwqVMu5SAwHsPNmrmEVCroyMS,0.485,271,7109,24385.76,0.017,61.4,101.0,"axiom,gmgn,smart_degen",
2026-08-07,FhtZnHAmc2X3cTGNDQ6f3iM13Rp3BfzhPSyGaBD8fxck,0.431,135,4334,10290.32,0.04,10.48,201.0,"axiom,launchpad_smart,padre,smart_degen",
2026-08-07,HV56TXHsEzNd1bpia84zGkrhvSVuBayG5vh9KjneoYMf,0.561,178,2735,4965.34,0.019,77.4,629.0,"axiom,bullx,gmgn,smart_degen",
2026-08-07,Ci4qecoTMPkkhXSr7Ttw8tp4sF5i8BhQtKKE26vDR8RZ,0.306,19766,255,1976.72,0.106,34.3,204.0,"gmgn,padre,smart_degen,top_followed",
2026-08-07,C86oRMyUqzsXKXEAsCUbrhJuYuMbqXxE886s9MpUFF88,0.769,73,6883,13543.28,0.02,13.36,99.0,smart_degen,
2026-08-07,6oN5Y247ZXLSwXvdQKmTQzx8V5qXQJE849PKWe8ZsyQA,0.543,31,2520,6522.94,0.038,11.33,102.0,"axiom,smart_degen",
2026-08-07,HFLX1GnxUw9Y3DYXFZMTrSc2p65zH3eFysW2k2YSm8Q1,0.543,35,708,8134.98,0.288,7.08,545.0,"axiom,gmgn,photon,smart_degen",
2026-08-07,AfCQRBBbnPH9MJeSzVmHAvfWefcU64b3frTmNotqLwUW,0.403,24,607,4101.24,0.081,16.79,88.0,"axiom,smart_degen",
2026-08-07,FAdwf6bnogQTnaVews1gYKQCXU66t28Sqo4a8UJYEmUn,0.372,0,1363,1544.35,0.051,0.23,5.0,"axiom,fresh_wallet,smart_degen",
2026-08-07,Gc8ofx7Ptv7ks8TjhNwssguFASgFK1UJWkZeLP2LGRAQ,0.265,9,260,2091.66,0.063,0.01,37.0,smart_degen,
2026-08-08,GEESikmMPfB3RgfmtKZZ9LyRzvaGbCgAFrvts24pnqFk,0.416,8,680,2440.42,0.062,8.73,28.0,"axiom,smart_degen",
2026-08-08,9kXD8iMVpTy44kqBBzMKHuQ66VFdkf21xZNJGYLkq4FV,0.336,21,546,6725.61,0.108,91.79,125.0,"axiom,launchpad_smart,smart_degen",
2026-08-08,B1zkhdN6aU1aQAHqktevuWBXU7RhnJgmwFDyhCtgNPX5,0.331,16,552,6087.05,0.097,84.3,121.0,"axiom,smart_degen",
2026-08-08,7bRKHriCHw5keDPPsTXx8vWZo3npMtuGeevMyMEseUTb,0.489,55,3040,4073.25,0.011,1.67,44.0,"gmgn,smart_degen",
2026-08-08,FTQgeswzRfN2zELHQJjLWiSJacmxH1rBc1ht6sNCfsYU,0.646,3,3434,4524.42,0.02,4.19,14.0,smart_degen,
2026-08-08,6ww5Lc3uqJ5Wc8s4xSQ55YyoxHZjN6j8LbQzktLW1dkJ,0.495,215,702,28555.32,0.313,218.83,102.0,"axiom,smart_degen",
2026-08-08,Dz7ve2Tdzt58SCctoCkNKe4MdT1VZ5vMH3iAhynFxjec,0.513,191,755,8762.44,0.093,28.45,388.0,"axiom,smart_degen",
2026-08-08,4ET2AazzGBwZ5sRsQWoAFRFJPosRN3d4XkutTP3LZBtu,0.496,455,756,8704.76,0.091,27.72,519.0,"axiom,smart_degen,trojan",
2026-08-08,teddyYXw7aiNpDuQCeLb2YiBJhqthBid4C54BuWcPxm,0.406,2693,2427,26576.49,0.089,259.58,180.0,"axiom,padre,smart_degen",
2026-08-08,7PeBXcKfvz8cX82VxzRioYMMcGb1Bt4yVL4ErpPskyvm,0.581,9,612,2676.21,0.06,13.26,11.0,"axiom,smart_degen",
2026-08-08,HsAvZktLshkTR3e1dPuqqnkf8doTFfxoastoM37zGqyD,0.471,17,162,7879.52,0.081,50.42,50.0,"axiom,smart_degen",
2026-08-08,CwvYUDGo4x7TYonn9qLb1c9rnUu5k3s4FN5hT38rnbsq,0.554,313,1314,38827.35,0.132,100.31,72.0,"axiom,smart_degen",
2026-08-08,6FZ1RasKHCPa9DnNYzg2v6ppDBhMigPM9X3L5fUY8kab,0.391,45,1258,10497.52,0.056,102.93,102.0,"padre,smart_degen",
2026-08-08,AgiGpUAF25B7NL9u8byDcptPcYWi4eFU4kjtcRtaMmdQ,0.449,109,1958,11154.72,0.037,4.69,81.0,"axiom,smart_degen",
2026-08-08,9XqwcSGu1bqf9wPNjaG22avEqtRa2RKmsShAw5sKoEjv,0.68,54,589,6413.76,0.034,2.61,48.0,smart_degen,
2026-08-08,8PTuU4EiYJLK8Cf8jEC8A3dc3LQVut5jAJNoLgma9DUH,0.45,67,283,11671.59,0.183,77.33,104.0,"axiom,gmgn,smart_degen",
2026-08-08,FhtZnHAmc2X3cTGNDQ6f3iM13Rp3BfzhPSyGaBD8fxck,0.44,139,4572,10641.35,0.04,13.14,202.0,"axiom,launchpad_smart,padre,smart_degen",
2026-08-08,Ggvk7pBLjvBDwj96gTtHpoKjCjSvh3udS7H8CxTMrruz,0.622,11,2203,6017.93,0.039,14.27,23.0,"axiom,smart_degen",
2026-08-08,EnQdeYsyhacWWDuWfFJvtyk1ehD1cB511ujxJpUtiiWA,0.375,253,1754,4408.74,0.025,5.43,281.0,"gmgn,padre,smart_degen",
2026-08-08,77XV9rBiwk6WAXjzTWiwtCQfmB6CXsw1j7Kp3G5xUyez,0.363,140,1771,10409.8,0.056,4.84,158.0,"axiom,gmgn,padre,smart_degen",
2026-08-08,FuqGF5LnmKdooMtKyrSqWRwBAho8JzncL1qRLQMPyDZJ,0.407,40,2631,10395.21,0.119,9.82,39.0,"gmgn,smart_degen",
2026-08-08,HV56TXHsEzNd1bpia84zGkrhvSVuBayG5vh9KjneoYMf,0.55,180,2768,4062.77,0.015,66.28,630.0,"axiom,bullx,gmgn,smart_degen",
2026-08-08,HxEY1ULfsK9eWKvsFYWPdkxuWUAeSPsXPNPrvSGxFw7c,0.389,31,3581,11888.24,0.108,4.61,38.0,"gmgn,smart_degen",
2026-08-08,EyVaGh2eyp6zFPWLAiXx8wzEjn98VktPaANra78vkAKm,0.279,8,654,4134.4,0.066,79.73,9.0,"axiom,smart_degen",
2026-08-08,5ZJYjAUVMLAJGccsEMV5SNjgnBHduumHyMjjHUtSubkG,0.273,8,654,4395.64,0.071,85.05,10.0,"axiom,smart_degen",
2026-08-08,6TaDN51sj11VkX23eWeLGqZShJwEXLzMnc3eQi5KreUo,0.479,5,747,3501.61,0.029,23.96,14.0,"axiom,smart_degen",
2026-08-08,5Nz2NSefJtU9QSFo3RVa3r73BnpoT82F5kpBN58Yk99u,0.432,4,733,1874.13,0.208,2.53,383.0,smart_degen,
2026-08-08,DoNtG44CPnFHaVbVYHTCCtJQvmubqQN4RiwvAvFgd3d,0.584,14,2953,3535.9,0.02,1.57,4.0,"fresh_wallet,smart_degen",
2026-08-09,BLRVkEd7jsThbP1X69KqqNYm2TQD3yQKfWaGbjmfJWYd,0.535,3,401,2115.3,0.13,3.04,16.0,"axiom,smart_degen",
2026-08-09,8T4BdDqacmgeaAU4beFHCPhitrjp8vc8L5N68FfBTvhg,0.503,4,570,2269.15,0.098,0.58,17.0,"axiom,smart_degen",
2026-08-09,CiPEzMRkdAvovQ8sD2KiWwSbhJ9Hi39P9svf6BndTBeh,0.559,111,2273,4233.76,0.027,29.86,619.0,"smart_degen,trojan",
2026-08-09,9qcHMAe2TD1JXzztJrQdCCCcRoPM3CmGsZuP7zGJ3sdS,0.377,236,526,24206.62,0.085,118.47,455.0,"axiom,gmgn,smart_degen",
2026-08-09,C86oRMyUqzsXKXEAsCUbrhJuYuMbqXxE886s9MpUFF88,0.77,87,6811,13242.39,0.02,7.02,101.0,smart_degen,
2026-08-09,hnu69n6P5CgYXCtUKii9wgamqtDeTVHY3TVJ6HKt7wC,0.783,973,2329,38988.04,0.021,20.49,319.0,"padre,smart_degen",
2026-08-09,BCagckXeMChUKrHEd6fKFA1uiWDtcmCXMsqaheLiUPJd,0.353,29488,15122,27172.84,0.077,606.77,103.0,"axiom,bullx,gmgn,top_followed,top_renamed,wash_trader",vibed333
2026-08-09,5TMR5GFPTzkNhprnty2ocXEFLoLur1uchg4NkEr5WEf4,0.376,5291,1356,8258.47,0.059,106.04,520.0,"axiom,photon,smart_degen,top_followed,top_renamed",
2026-08-09,CMw7kj6ceqVqdj6XLc8FEJaZfPHBSUzubArqXjChfn11,0.43,101,1407,13582.13,0.093,93.03,41.0,"axiom,smart_degen",
2026-08-09,BnBSda7J69HD6afrPTT11wH7GNonWZo8RkRLTwEBzXHq,0.665,42,5118,4146.68,0.021,15.16,103.0,"axiom,smart_degen",
2026-08-09,B7cRRKmjDt5KkFKfhD3NicgwywvkicgHvqVySU4LN4od,0.294,57,2511,15136.73,0.028,30.11,74.0,"axiom,fomo,smart_degen",
2026-08-09,3PLfTSTtTTzyXRoFZmwebFaETWmM74b72iX47bCfMrac,0.282,5,261,2922.64,0.185,38.86,108.0,"gmgn,smart_degen",
2026-08-09,5qx7yV4Cwg67iEDSuszwMHYrQDJRnSCDF5DS6ZPAFvnV,0.345,886,277,104042.75,0.519,128.5,187.0,"axiom,padre,smart_degen",malk0x
2026-08-09,BopgSXVHNqks8GNMp5UJ3g54mKP1Wgfs8j6DcRNSCoBb,0.335,2758,1111,46186.17,0.254,183.15,520.0,"axiom,photon,smart_degen",
2026-08-09,6QAqPr36syxZ8WGDofU5pQ8kRaMM2ZQ94GVvQa8hjFu7,0.39,89,1197,17447.66,0.14,17.88,261.0,"axiom,smart_degen",
2026-08-09,7yd579zXmWPoxEE22BUYTzAo8nyMmQtPyEWS3g1BFhH4,0.378,502,1925,19616.54,0.042,104.86,452.0,"axiom,smart_degen",
2026-08-09,GSPJTDUrWCXg5LYZ5Qo2Y5fBbAWrL9G6f56KvvZM7jL9,0.432,42,3863,8658.85,0.032,19.79,59.0,smart_degen,
2026-08-09,3DnwtnkPxgCEmaxcpYviEUNFqoED6X2icoY2KdhLXaQS,0.588,6,523,3388.63,0.082,51.96,55.0,smart_degen,
2026-08-09,5R7fQjhed9DDcP6iiV68mjWp7pGPfxfaLtUZKpc7ae2G,0.377,10,4419,1358.12,0.01,4.41,104.0,smart_degen,
2026-08-09,teddyYXw7aiNpDuQCeLb2YiBJhqthBid4C54BuWcPxm,0.402,2716,2525,26699.57,0.087,212.01,181.0,"axiom,padre,smart_degen",
2026-08-09,8sBfPEbjWH1xJn7dJBm5aVdHV2NFGHH2wEA2NBF2ZaYK,0.519,8,459,1918.1,0.032,7.98,6.0,"fresh_wallet,gmgn,smart_degen",831__Eddie
2026-08-09,44ymA49whEPhLatD8ubG7HgjWoYN7MCXEMq3r8tNJ7fi,0.481,9,437,3123.15,0.03,34.6,40.0,"axiom,smart_degen",
2026-08-09,DvgcnWhCiHXCUAGNQLCntre5o6MBsoU4VLincPuLmoJj,0.589,4,828,304.21,0.004,11.9,14.0,"axiom,padre,smart_degen",
2026-08-09,4UnMVYDEu6RfXPaGiH35Siod9vPAfGHoy3T2V3Rcq68e,0.64,16,1106,2007.33,0.016,60.83,39.0,smart_degen,
2026-08-09,31iRQFxAApGY6LAXm16QDXmPFHSeY2mP4dW96P22iTBV,0.314,376,5147,47556.81,0.116,7.29,94.0,"axiom,smart_degen",
2026-08-09,D2t7gtknqHJk5mC3imgTMTT8jKLovsQnssSQKPwoGQuk,0.534,100,965,2511.84,0.03,2.18,470.0,"axiom,smart_degen,trojan",
2026-08-09,3AfZNMNnHXe4q53715YiWRA1zK5ndtLrvgS6yJHunbHy,0.319,81,3584,16385.67,0.089,66.14,34.0,"axiom,smart_degen",
2026-08-09,FTQgeswzRfN2zELHQJjLWiSJacmxH1rBc1ht6sNCfsYU,0.636,27,3695,5286.52,0.023,1.84,15.0,smart_degen,
2026-08-09,58opGgFq15Ew8QbHqkQjpnYNUFrZrsu2jZLNTRfuQ387,0.377,12,2560,4553.41,0.019,92.03,94.0,"axiom,smart_degen",
2026-08-09,AzWnNS9isJR9HZ6WAEAUwqVMu5SAwHsPNmrmEVCroyMS,0.489,304,7093,30905.95,0.019,205.41,103.0,"axiom,gmgn,smart_degen",
2026-08-09,7BWy2mtHNdnWLMZejk5E5sfDDSQfXsjzjy9jPzeDyYk5,0.52,59,1413,2376.53,0.044,15.23,103.0,"axiom,padre,smart_degen",
2026-08-09,oPJGwAeWHsrDb2pv1pCKNErKcigAFcuQdVYQNebAQYH,0.387,70,2444,4922.57,0.054,20.21,171.0,"axiom,smart_degen",
2026-08-09,9Pd9a4vmqi9K1ADGGhENad9eYNzFnhwhHzdZPaj18wVT,0.381,70,2426,4763.1,0.052,23.32,194.0,"axiom,smart_degen",
2026-08-09,DoNtG44CPnFHaVbVYHTCCtJQvmubqQN4RiwvAvFgd3d,0.582,17,4054,5094.44,0.018,2.51,5.0,"fresh_wallet,smart_degen",
2026-08-10,31iRQFxAApGY6LAXm16QDXmPFHSeY2mP4dW96P22iTBV,0.313,378,5093,46057.09,0.114,8.89,95.0,"axiom,smart_degen",
2026-08-10,7Ke2PvMakpMdipDMoaEt3EP5duveSDXRbxSXKPsoCK4T,0.529,150,1815,11125.97,0.046,169.04,427.0,"axiom,padre,smart_degen",swayyytrades
2026-08-10,8sBfPEbjWH1xJn7dJBm5aVdHV2NFGHH2wEA2NBF2ZaYK,0.518,11,496,2050.92,0.032,9.45,7.0,"fresh_wallet,gmgn,smart_degen",831__Eddie
2026-08-10,2dEpwaujMteZsFYCX3hwaavYKkU7kRwAwJe9XGuWNRGA,0.724,817,1992,11739.6,0.08,363.72,882.0,"axiom,photon,smart_degen",
2026-08-10,BnNMkMRhQmAd56KPN9141ULX9HhPmQrkSzYxr8CCPbyX,0.365,22,2245,8456.92,0.047,37.2,65.0,"axiom,smart_degen",
2026-08-10,FixukbsKfJZEr996ubcWvwTAt1b6QJ2SfP3FJsBSbH33,0.528,71,4255,26830.51,0.063,337.75,21.0,smart_degen,
2026-08-10,CTfmUVKVRrVLMBssybWstPsVKdDVrwUB1nX7CrmGDh1G,0.577,22,5236,4930.17,0.023,58.81,21.0,smart_degen,
2026-08-10,4j81GXrMf7njGXAyL92YdchWDkrmJXuWS6UJdtyQ6bTV,0.619,20,1345,3001.71,0.047,16.62,21.0,"gmgn,smart_degen",
2026-08-10,54cbtXG6M5WsM8MaVujiH5of5Cf6rQ5U6uGbcBMCXQhj,0.397,774,423,6625.9,0.1,0.25,452.0,"axiom,smart_degen",
2026-08-10,6FZ1RasKHCPa9DnNYzg2v6ppDBhMigPM9X3L5fUY8kab,0.405,48,1457,9761.44,0.044,112.99,104.0,"padre,smart_degen",
2026-08-10,9qcHMAe2TD1JXzztJrQdCCCcRoPM3CmGsZuP7zGJ3sdS,0.386,241,637,29542.35,0.091,84.42,456.0,"axiom,gmgn,smart_degen",
2026-08-10,5R7fQjhed9DDcP6iiV68mjWp7pGPfxfaLtUZKpc7ae2G,0.384,10,5183,1711.45,0.01,0.01,105.0,smart_degen,
2026-08-10,C86oRMyUqzsXKXEAsCUbrhJuYuMbqXxE886s9MpUFF88,0.771,92,6847,13296.11,0.02,3.35,102.0,smart_degen,
2026-08-10,5aY62gn38EYPmcZxCX5iKjxCFDdgCoTTcq6nz8M4nRif,0.481,76,1070,15623.33,0.211,15.51,453.0,"axiom,smart_degen",
2026-08-10,GSPJTDUrWCXg5LYZ5Qo2Y5fBbAWrL9G6f56KvvZM7jL9,0.434,45,3886,8705.26,0.032,24.17,60.0,smart_degen,
2026-08-10,AzWnNS9isJR9HZ6WAEAUwqVMu5SAwHsPNmrmEVCroyMS,0.493,321,7292,26043.58,0.014,117.49,104.0,"axiom,gmgn,smart_degen",
2026-08-10,Gf8wub9hxjDTccJ6n1sjG2ooXP1Bi6qWcaMa3WJzhto3,0.687,42,1155,1811.91,0.017,11.63,167.0,"axiom,smart_degen",
2026-08-10,58opGgFq15Ew8QbHqkQjpnYNUFrZrsu2jZLNTRfuQ387,0.369,15,2644,3781.28,0.015,84.12,95.0,"axiom,smart_degen",
2026-08-10,AfCQRBBbnPH9MJeSzVmHAvfWefcU64b3frTmNotqLwUW,0.391,24,679,4597.86,0.076,9.2,91.0,"axiom,smart_degen",
2026-08-10,2JLTKcECTybkCEp64v7V4P4FijjKiMgKnFkX2WwRWTM6,0.444,46,700,6391.04,0.102,11.06,114.0,"axiom,smart_degen",
2026-08-10,7q15WZ4iSUDvqfs5Kdh9bfptkQhs6qKUyCUq6GY6PGxg,0.665,506,3179,6551.3,0.019,4.21,648.0,"axiom,smart_degen",
2026-08-10,9onwB5w4Rzug88e3msoeiuVP9KwZnBCL3hcNC69nbLWU,0.313,15,885,4085.36,0.131,2.5,132.0,smart_degen,
2026-08-10,DoNtG44CPnFHaVbVYHTCCtJQvmubqQN4RiwvAvFgd3d,0.58,25,5186,6964.22,0.018,3.64,6.0,"fresh_wallet,smart_degen",
2026-08-10,9asBCQqp2o5BicHWPJZJ1RBh8hKQR76rejKgkQkzNwPy,0.605,119,6133,6971.46,0.011,4.61,471.0,"axiom,smart_degen",
2026-08-10,BtbnPYmCcDBBDtvnXKj4veLHYBKeX1GejtCL4n1YTeRp,0.425,7,807,1060.02,0.059,1.53,282.0,"axiom,smart_degen",
2026-08-10,5ZJYjAUVMLAJGccsEMV5SNjgnBHduumHyMjjHUtSubkG,0.278,8,803,6470.87,0.073,107.66,12.0,"axiom,smart_degen",
2026-08-10,EyVaGh2eyp6zFPWLAiXx8wzEjn98VktPaANra78vkAKm,0.283,9,802,6082.4,0.068,100.88,11.0,"axiom,smart_degen",
2026-08-10,CT9dekyfadMYxLdfxV76ASSLo2QKXaj5cGPmvM2rcKVC,0.426,21,2236,7823.73,0.041,11.42,11.0,"axiom,smart_degen",
2026-08-10,JDkkF6Rc5naPrR8m3sn4KkSNBc9M8rFZUe9Jwz3LTVUa,0.391,5,1669,2704.85,0.023,16.46,65.0,"axiom,smart_degen",
2026-08-10,2JptG7VJTuohCNrEE2iVT43UtjTNqRTVMsgNs8xeotbC,0.44,774,3446,20937.13,0.067,13.01,390.0,"axiom,launchpad_smart,smart_degen",
2026-08-10,A8yiUQzGELdiG481AbZoyCGG9QvRPaEmYbnkAmb7Fpc7,0.466,43,1024,3969.47,0.04,0.04,104.0,"axiom,smart_degen",
2026-08-10,FLiYfD2z5NRpCuBg2hx6zM4UooVtvtD6ssQFUNpuPGEQ,0.764,275,1170,12187.04,0.051,50.6,77.0,smart_degen,
2026-08-10,4UnMVYDEu6RfXPaGiH35Siod9vPAfGHoy3T2V3Rcq68e,0.648,22,1226,2609.48,0.019,61.25,40.0,smart_degen,
2026-08-10,9kXD8iMVpTy44kqBBzMKHuQ66VFdkf21xZNJGYLkq4FV,0.331,28,820,7762.26,0.082,89.25,127.0,"axiom,launchpad_smart,smart_degen",
2026-08-10,B1zkhdN6aU1aQAHqktevuWBXU7RhnJgmwFDyhCtgNPX5,0.337,23,825,7417.13,0.078,85.68,123.0,"axiom,smart_degen",
2026-08-11,8ZVN9Puj6UMPESqFxkYs9PJk9Cf9m1FwZDMo1iAeA62R,0.473,30,1773,2352.53,0.016,63.89,86.0,"padre,smart_degen",
2026-08-11,4ET2AazzGBwZ5sRsQWoAFRFJPosRN3d4XkutTP3LZBtu,0.503,464,937,10245.54,0.094,41.46,522.0,"axiom,smart_degen,trojan",
2026-08-11,Dz7ve2Tdzt58SCctoCkNKe4MdT1VZ5vMH3iAhynFxjec,0.518,200,936,10310.04,0.095,43.57,391.0,"axiom,smart_degen",
2026-08-11,BSyDRNRAaUhPzU7iBd2SRSnQzn5Ldegr3YyjQfaZRTv9,0.279,23,509,4208.06,0.043,47.9,4.0,"fresh_wallet,photon,smart_degen",
2026-08-11,ARvexYXgMKecVq9gcWztxqtnASpBHApXn26sCryngwxa,0.421,10,2979,-6802.56,-0.076,1.11,246.0,"smart_degen,trojan",
2026-08-11,GtbiCgqCVLANNkbU1VT6BufzdKvCRuvp9tsnPZhBRsET,0.458,6,867,5348.52,0.069,45.07,17.0,"axiom,smart_degen",
2026-08-11,CpznWMKsHTPSDncv2AMPkp9UiLW3AX5pc4EkYxJE9uYv,0.621,34,1206,3152.19,0.03,15.22,199.0,smart_degen,
2026-08-11,8y4aYZiaRisoHHgwH1cTiFnswuWPQoHHH9FKgYDnruoc,0.532,44,2392,8490.33,0.038,102.41,105.0,"axiom,smart_degen",
2026-08-11,C86oRMyUqzsXKXEAsCUbrhJuYuMbqXxE886s9MpUFF88,0.769,94,6848,13324.04,0.02,18.39,103.0,smart_degen,
2026-08-11,D9UiteKBjbVp8UYGRSKi4fJRsXYp8Csk7zcrnaCvq6LS,0.674,23,1302,14614.03,0.156,109.22,36.0,smart_degen,
2026-08-11,31iRQFxAApGY6LAXm16QDXmPFHSeY2mP4dW96P22iTBV,0.307,383,5159,41189.22,0.1,6.91,96.0,"axiom,smart_degen",
2026-08-11,AYHoGxsLVQaJobtGGxa8sRYQtfnj79t8eB6XdLRr6CFG,0.382,363,4247,2133.1,0.012,5.17,108.0,"gmgn,smart_degen",kingofgoldendog
2026-08-11,77n6X7LtGy5AZprsvjZu1eaekJpxqLeVRZLPJZdBYyg9,0.451,2900,1447,148924.19,0.553,28.23,784.0,"axiom,smart_degen,trojan",zRubizz
2026-08-11,9asBCQqp2o5BicHWPJZJ1RBh8hKQR76rejKgkQkzNwPy,0.61,119,6638,7336.76,0.011,4.51,472.0,"axiom,smart_degen",
2026-08-11,6oN5Y247ZXLSwXvdQKmTQzx8V5qXQJE849PKWe8ZsyQA,0.545,35,2742,8272.22,0.042,7.0,105.0,"axiom,smart_degen",
2026-08-11,7bRKHriCHw5keDPPsTXx8vWZo3npMtuGeevMyMEseUTb,0.522,84,3833,7906.01,0.015,1.17,47.0,"gmgn,smart_degen",
2026-08-11,CbpnbXAD9PUAwVcYjHY96qooq6eNnoLiZzif766gqLPH,0.587,214,602,2239.33,0.012,23.24,460.0,"axiom,gmgn,smart_degen",
2026-08-11,BXGo9i9bWJPBNyjpfhjGF8NdYaJLeZvmhNsCLZLxZLxD,0.575,83,1558,6743.85,0.016,39.34,327.0,"axiom,padre,photon,smart_degen",
2026-08-11,FhtZnHAmc2X3cTGNDQ6f3iM13Rp3BfzhPSyGaBD8fxck,0.431,142,5302,11458.69,0.04,6.1,205.0,"axiom,launchpad_smart,padre,smart_degen",
2026-08-11,3ArHvdGs1v9gdwNEMRJihHfRUnwfFkYjtzcdSBD3cDdJ,0.427,108,5391,10629.39,0.037,25.41,195.0,"axiom,gmgn,launchpad_smart,padre,smart_degen,trojan",
2026-08-11,AGDZqyyQZZBQRkuUXownTBawUL9N1Q4o12zwZZBb7Bv9,0.369,18,1531,8319.25,0.153,36.41,14.0,"axiom,smart_degen",
2026-08-11,7BWy2mtHNdnWLMZejk5E5sfDDSQfXsjzjy9jPzeDyYk5,0.528,60,1655,3061.99,0.041,13.79,105.0,"axiom,padre,smart_degen",
2026-08-11,9rjo7LUz1U75GEvgkeaNkYc8zuSX2wwdJjyCW1BfuZqv,0.51,20,1817,3891.56,0.025,5.52,407.0,"axiom,smart_degen",
2026-08-11,91Tot4afpSsuYQgMRsTms32REKCVZ4GPD35SKoK36Aso,0.553,60,1128,6672.75,0.051,2.21,465.0,"axiom,smart_degen",
2026-08-11,5LHfC9JnhVrS84iTvotQUdyf3VxtFsQfw1rKTW34316H,0.336,4,1664,1677.23,0.046,2.02,8.0,"axiom,smart_degen",
2026-08-11,HGrCPFtZYantiVjTHqRUuf26TT2RWjfxd6Z9MA1RHFHT,0.595,102,941,7731.98,0.079,48.99,524.0,"axiom,launchpad_smart,smart_degen",
2026-08-11,7pKs6PHJNFWgQR8XaSKGUsCuDLzsFV85S4CCiStsb5JS,0.381,12,2961,2963.59,0.025,19.6,523.0,"axiom,bullx,smart_degen",
2026-08-11,5TMR5GFPTzkNhprnty2ocXEFLoLur1uchg4NkEr5WEf4,0.381,5354,1450,9126.78,0.061,114.9,522.0,"axiom,photon,smart_degen,top_followed,top_renamed",
2026-08-11,CMw7kj6ceqVqdj6XLc8FEJaZfPHBSUzubArqXjChfn11,0.43,106,1502,16011.15,0.102,122.88,43.0,"axiom,smart_degen",
2026-08-11,J898BLdjUWFPsvqwraj1rjg33rE9B6zJY6HvWFKx71fo,0.328,7217,1636,2505.04,0.01,29.35,109.0,"app_smart_money,axiom,bullx,gmgn,padre,smart_degen,top_followed,top_renamed,trojan",
2026-08-11,4monw7faX8kNczb2cYYsFiQktXy7KnzRc3NsQd3VZd7h,0.343,87,629,14038.14,0.24,80.62,381.0,"axiom,smart_degen",
2026-08-11,6xX7LudE5AqnTUc8dJJfzuarkSc6WMw7qRHgQXUdWauJ,0.377,6164,880,20867.8,0.221,416.97,728.0,"axiom,smart_degen,top_followed,top_renamed",
2026-08-11,AqSTgWq3tCKRuJCRN3ssVn8cFuQNASVxvpBwaLVmfKgP,0.45,141,1604,4990.4,0.042,31.9,105.0,"axiom,gmgn,padre,smart_degen",
2026-08-11,5R7fQjhed9DDcP6iiV68mjWp7pGPfxfaLtUZKpc7ae2G,0.377,13,5226,1651.98,0.01,0.05,106.0,smart_degen,
2026-08-11,GPjRFiUVv3g4jYRFjEPb3osELpYA1yBTaN2m78TQhtxD,0.378,7,478,2026.06,0.066,3.46,233.0,"padre,smart_degen",
2026-08-11,2mLUuydARXdfDZnvbZUiHAmKYkqFnwovxePGci661tuu,0.54,16,2787,1642.25,0.01,0.75,384.0,"axiom,smart_degen",
2026-08-11,AzWnNS9isJR9HZ6WAEAUwqVMu5SAwHsPNmrmEVCroyMS,0.497,332,7120,35604.13,0.019,212.9,105.0,"axiom,gmgn,smart_degen",
2026-08-11,FixukbsKfJZEr996ubcWvwTAt1b6QJ2SfP3FJsBSbH33,0.523,76,4679,28400.52,0.06,337.73,22.0,smart_degen,
2026-08-11,48AYZ76vahn5zxbbNEEpw7z16nDwh9cDFv4LE8J2EkQu,0.376,24,414,4637.82,0.102,20.77,278.0,smart_degen,
2026-08-12,8fMq3Kz6CnayEJaZ7SfFnX1KPCpNjCSdoa8F2kMzewjd,0.338,14,2892,-3736.85,-0.031,0.01,110.0,"axiom,smart_degen",
2026-08-12,9asBCQqp2o5BicHWPJZJ1RBh8hKQR76rejKgkQkzNwPy,0.616,129,7438,8691.0,0.011,3.49,473.0,"axiom,smart_degen",
2026-08-12,2dEpwaujMteZsFYCX3hwaavYKkU7kRwAwJe9XGuWNRGA,0.709,832,2224,11626.39,0.072,357.37,884.0,"axiom,photon,smart_degen",
2026-08-12,5hTX2AF3GDuJAvRGwRHwwDKhF2SERzXdiHSfMqyPGLTE,0.63,3,1384,2085.79,0.024,7.14,8.0,"axiom,smart_degen",
2026-08-12,2nEpH8As7dStBov4UjW2AAo2Vq72YgpBuEgqsjqHBYz5,0.5,4,819,1308.03,0.036,1.76,9.0,smart_degen,
2026-08-12,GAAcxw3qcRmQTzm34UGQLz6q5V33Wk7vyugMPWXZKAbn,0.601,169,5784,8058.98,0.015,8.94,60.0,smart_degen,
2026-08-12,6kzsXq32zgmW1cEw9xKn9HyfE72oUX9b8PiPBZ8fWn9S,0.409,169,3200,1746.9,0.01,8.52,895.0,"photon,smart_degen",
2026-08-12,3XVMr35aSkJ2W8aqQLAEfQ59c9BcwRY5iq1f4576UgM9,0.221,23,803,16672.2,0.151,12.87,8.0,"axiom,smart_degen",
2026-08-12,2kyhDZwa3u4A5sakH5RZYEKyfdVi3tVsZDdPFMPTUV1d,0.44,11,196,8191.09,0.512,108.61,12.0,"padre,smart_degen",
2026-08-12,HwoUch9dtBshU2ZvuxzNAWvtfeiUiXUJaLko8duWhHCg,0.523,120,512,3838.66,0.017,40.43,799.0,"padre,smart_degen",
2026-08-12,91K4B4WNQngwFMSWWDHGCn7qfcUYYdFAXTzi5awuQRfL,0.41,24,976,5008.7,0.035,15.29,107.0,"gmgn,padre,smart_degen",
2026-08-12,DoNtG44CPnFHaVbVYHTCCtJQvmubqQN4RiwvAvFgd3d,0.58,38,7077,10671.65,0.018,2.27,8.0,smart_degen,
2026-08-12,C86oRMyUqzsXKXEAsCUbrhJuYuMbqXxE886s9MpUFF88,0.766,100,6845,13219.29,0.019,14.42,104.0,smart_degen,
2026-08-12,C2ZZTXFYpXawSjkkCaZMZvRwZFzBC2KEtnWf6sm1cUG5,0.419,14,715,2508.04,0.04,14.08,41.0,"padre,smart_degen",
2026-08-12,7yd579zXmWPoxEE22BUYTzAo8nyMmQtPyEWS3g1BFhH4,0.372,514,2151,15012.28,0.028,195.08,455.0,"axiom,smart_degen",
2026-08-12,7q15WZ4iSUDvqfs5Kdh9bfptkQhs6qKUyCUq6GY6PGxg,0.668,508,3268,6364.4,0.016,4.26,650.0,"axiom,smart_degen",
2026-08-12,DxGrZfVTHEXNN1B1S8Uu2gPJGzvXtC2V84DhXd7p9RRy,0.34,9,1933,6598.06,0.113,22.37,39.0,"axiom,padre,smart_degen",
2026-08-12,8BJfDRcyWh3VtarAe3uAEwyMU7SqgUL2mUoSp22ztk1p,0.375,10,1210,4165.14,0.1,37.64,15.0,"axiom,smart_degen",
2026-08-12,5gMno8MC7dj7HKmd4TL8C8eqP1ude5XTiUe5381dv5Y2,0.33,95,3341,2306.8,0.02,1.48,204.0,"axiom,padre,smart_degen",
2026-08-12,CpznWMKsHTPSDncv2AMPkp9UiLW3AX5pc4EkYxJE9uYv,0.619,35,1267,3774.29,0.034,9.12,200.0,smart_degen,
2026-08-12,6KrWrAJLRQTKyLTsLY7bJkGPt7RTK1FfFQZv14pu5PdJ,0.479,12,450,2597.14,0.081,24.17,516.0,"axiom,smart_degen",
2026-08-12,2J5827wzy2ZbtmwWQWGUxdbWVyc7rD8id6RaAphSqdjs,0.608,60,1745,14465.86,0.035,49.33,312.0,"axiom,smart_degen",
2026-08-12,HLy9cGzyf3PXh9Ujuoozeb165eJ8qDPAedrR6jZXv5bW,0.448,11,1375,7932.85,0.079,89.08,19.0,"axiom,launchpad_smart,smart_degen,trojan",
2026-08-12,GtbiCgqCVLANNkbU1VT6BufzdKvCRuvp9tsnPZhBRsET,0.458,8,971,6003.93,0.066,52.54,18.0,"axiom,smart_degen",
2026-08-12,4RE5CD3jdx3uYdERvW2vMbnKJK5e4cNE1gFEvfAaztAL,0.404,45,1275,2612.52,0.011,2.89,109.0,"axiom,gmgn,smart_degen",
2026-08-12,42riu3hVVKFcnE9TeeXDDEYm1bMv37e6UUuNfKNpa2ev,0.368,15,395,6815.25,0.252,76.32,22.0,"padre,smart_degen",
2026-08-12,3wERCwv3tht8ZtQurP2or8KGon6Q8nWXcBKxAuXcBS9G,0.652,36,516,2435.01,0.04,5.48,111.0,"axiom,smart_degen",
2026-08-12,CEUA7zVoDRqRYoeHTP58UHU6TR8yvtVbeLrX1dppqoXJ,0.38,4420,2076,167564.85,0.233,453.97,534.0,"axiom,gmgn,smart_degen,top_followed,top_renamed",tdmilky
2026-08-12,8n9tnbCAbnqHhotzibKEtzMpv1eeXCy9LyXKboZgUYB1,0.587,8,153,6955.53,0.202,36.73,13.0,smart_degen,
2026-08-12,nogZ6727iZNKkbtjfP7rRe4ywAqDmgZGBgiXfxFgmNz,0.506,23,540,3492.36,0.019,4.12,20.0,smart_degen,
2026-08-12,2fNPNJKE3ny6b5Vo1wdfa7J7KqYNjeyBM3PbGGSJ398r,0.769,310,3166,9425.62,0.024,50.79,429.0,"padre,smart_degen",
2026-08-12,7bRKHriCHw5keDPPsTXx8vWZo3npMtuGeevMyMEseUTb,0.525,84,4003,7899.12,0.014,0.53,48.0,"gmgn,smart_degen",
2026-08-12,AqSTgWq3tCKRuJCRN3ssVn8cFuQNASVxvpBwaLVmfKgP,0.442,141,1639,5066.31,0.04,37.3,106.0,"axiom,gmgn,padre,smart_degen",
2026-08-12,9hiirpjSK5on7otebpokkJZ3cef27dFZPJxU3eLywgLx,0.585,3,210,-289.94,-0.018,11.9,233.0,"axiom,smart_degen",
2026-08-12,5E43QB3GhGbhY2gDx5BhVgU94wZvWJR6yEkB7EC6A5Ez,0.552,17,722,5757.62,0.054,127.41,20.0,"axiom,gmgn,smart_degen",
2026-08-12,AL63EQvVhmMoEbNm8cZuBC3CapB8LLSfhEhGXYmKVzLL,0.477,5,414,1544.33,0.037,7.79,71.0,"axiom,smart_degen",
2026-08-12,5kY13d6f2325Pd1MK8dEon5XSnNB1RVXiVVJChQ9EnxE,0.714,51,650,8724.94,0.074,14.01,37.0,smart_degen,
2026-08-12,8T4BdDqacmgeaAU4beFHCPhitrjp8vc8L5N68FfBTvhg,0.512,6,834,4511.83,0.1,19.07,20.0,"axiom,smart_degen",
2026-08-12,BLRVkEd7jsThbP1X69KqqNYm2TQD3yQKfWaGbjmfJWYd,0.514,4,610,2649.8,0.087,18.99,19.0,"axiom,smart_degen",
2026-08-12,Ci4qecoTMPkkhXSr7Ttw8tp4sF5i8BhQtKKE26vDR8RZ,0.295,19776,479,5936.3,0.153,37.73,209.0,"gmgn,padre,smart_degen,top_followed",
2026-08-12,FvnmUVeoqTA2TXvdk6pTQiXZaFuzLoHZMcbdmJ52fprJ,0.667,15,36,3062.09,0.14,20.59,15.0,smart_degen,
2026-08-12,DxYXV2QtafnHeyUNFuhJXvPB731Uv7LuLE38qRehwBRt,0.692,21,26,1993.61,0.159,13.1,15.0,smart_degen,
2026-08-12,j3tSqvpbx2f7XMtt8u7MWyPWZS1c4E8PP51d9kUFJ7k,0.41,118,2751,36107.91,0.124,716.99,122.0,"axiom,smart_degen",
2026-08-12,ECB4vEwE75SZcdsvL1kuhNfJ34CHDPyXdZpDzHVcPhVc,0.403,109,2747,27771.53,0.097,550.69,122.0,"axiom,smart_degen",
2026-08-12,9Ma6JBcu8cfney6U7Q7fT2t55uSTpYVbtmF9kV2XtTaF,0.411,109,2745,28611.14,0.1,549.46,122.0,"axiom,smart_degen",
2026-08-12,4QZUDh2n2GJ4zri5CQfTijocGBWtPeT7awuYvpVxTKZe,0.415,69,2750,25583.41,0.089,498.83,122.0,"axiom,smart_degen",
2026-08-12,8sBfPEbjWH1xJn7dJBm5aVdHV2NFGHH2wEA2NBF2ZaYK,0.521,13,581,1970.96,0.027,7.79,9.0,"gmgn,smart_degen",831__Eddie
2026-08-12,AGDZqyyQZZBQRkuUXownTBawUL9N1Q4o12zwZZBb7Bv9,0.369,20,1772,8684.54,0.129,18.24,15.0,"axiom,smart_degen",
2026-08-12,BunJmeKJBjZ3Wv7RaiwnEGf4SVRichiDP8Z58rDABEFL,0.35,25,1836,15588.04,0.149,66.33,20.0,"arbitrager,axiom,smart_degen",
2026-08-12,JCFpfkrCAoovfRtkAdCde2TvPZHCmQgK5mm8Hc2LKWMZ,0.576,70,1090,7420.53,0.078,8.47,363.0,"axiom,smart_degen",
2026-08-12,FuqGF5LnmKdooMtKyrSqWRwBAho8JzncL1qRLQMPyDZJ,0.438,49,3068,13710.67,0.148,0.52,43.0,"gmgn,smart_degen",
2026-08-12,57hdTgdcVDyYrZJ3ieeBRn4CDiLWVvBrgjsuDa3gSfzD,0.469,171,3032,14893.34,0.17,1.07,140.0,"gmgn,smart_degen",
2026-08-12,4b2UsSvYUCja2DrdmTt69gbF288y769FFy1fpBkNkimk,0.46,10,587,10090.74,0.311,25.27,8.0,"axiom,smart_degen",
2026-08-12,zRThPfMPa8x1biTzGV2kwiV8jKb6ZDb762jpqZpNVNC,0.492,12,591,10777.41,0.334,27.19,8.0,"axiom,smart_degen",
2026-08-12,7qe1XGJkkBtnGjm8nhDsSdARxVUAYx4t2Tr1CfhSW7au,0.419,7,591,9941.06,0.307,24.85,8.0,"axiom,smart_degen",
2026-08-12,2JptG7VJTuohCNrEE2iVT43UtjTNqRTVMsgNs8xeotbC,0.45,809,3901,27129.18,0.073,0.06,392.0,"axiom,launchpad_smart,smart_degen",
2026-08-12,AgiGpUAF25B7NL9u8byDcptPcYWi4eFU4kjtcRtaMmdQ,0.446,116,2319,12157.57,0.037,14.77,85.0,"axiom,smart_degen",
2026-08-13,4j81GXrMf7njGXAyL92YdchWDkrmJXuWS6UJdtyQ6bTV,0.601,23,1900,2531.98,0.035,2.36,24.0,"gmgn,smart_degen",
2026-08-13,5E43QB3GhGbhY2gDx5BhVgU94wZvWJR6yEkB7EC6A5Ez,0.549,15,756,5881.67,0.053,128.29,21.0,"axiom,gmgn,smart_degen",
2026-08-13,5Zsc4EcH5BVTot1Akc5f6DyEPgEyJywQeETQqzASTukU,0.411,9,425,1674.77,0.078,4.65,19.0,"gmgn,smart_degen",JrichSol
2026-08-13,8BJfDRcyWh3VtarAe3uAEwyMU7SqgUL2mUoSp22ztk1p,0.364,12,1501,4558.55,0.08,26.4,16.0,"axiom,smart_degen",
2026-08-13,9shBHjviUuynNdSS7Rks6jzqBYqB4aoGkAVU1gJpBkqt,0.612,9,2901,2223.86,0.024,15.73,39.0,smart_degen,
2026-08-13,3AfZNMNnHXe4q53715YiWRA1zK5ndtLrvgS6yJHunbHy,0.31,94,4469,17542.52,0.072,67.97,38.0,"axiom,smart_degen",
2026-08-13,4aE7NqEznFdD7kBvyhj8wvoQvTjezvmiB8vdHZfmSD5B,0.313,86,4826,17012.62,0.059,59.71,38.0,"axiom,smart_degen",
2026-08-13,4GojKYuhS2rm3rUSWMMeiLbTnDtzYkz3eT4C2B6zE2Ln,0.338,3,148,2675.63,0.154,33.29,81.0,"padre,smart_degen",
2026-08-13,9NXNywh7n8d8ihgUY2FcJn9hEPwXkYCdLyBdbFiDm4rs,0.609,13,2915,1412.55,0.015,23.76,40.0,smart_degen,
2026-08-13,5kY13d6f2325Pd1MK8dEon5XSnNB1RVXiVVJChQ9EnxE,0.705,53,712,8886.81,0.069,12.01,38.0,smart_degen,
2026-08-13,FixukbsKfJZEr996ubcWvwTAt1b6QJ2SfP3FJsBSbH33,0.52,90,5709,30880.37,0.055,336.77,24.0,smart_degen,
2026-08-13,31iRQFxAApGY6LAXm16QDXmPFHSeY2mP4dW96P22iTBV,0.303,394,5209,40675.39,0.097,7.6,98.0,"axiom,smart_degen",
2026-08-13,GSPJTDUrWCXg5LYZ5Qo2Y5fBbAWrL9G6f56KvvZM7jL9,0.426,45,3774,5860.02,0.023,9.08,63.0,smart_degen,
2026-08-13,HV56TXHsEzNd1bpia84zGkrhvSVuBayG5vh9KjneoYMf,0.576,195,3226,6044.09,0.018,105.97,635.0,"axiom,bullx,gmgn,smart_degen",
2026-08-13,BNs2k9wVJFthcz3yhEC214uYpryDYHXSfJq3j8x6zkpg,0.647,23,52,656.24,0.072,10.32,269.0,"padre,smart_degen,trojan",
2026-08-13,CpznWMKsHTPSDncv2AMPkp9UiLW3AX5pc4EkYxJE9uYv,0.627,35,1341,4161.21,0.035,14.23,201.0,smart_degen,
2026-08-13,9yHA2HwcsHfjSLZQXPx3eJUQAnbYU3YdbfBuNxkgFQSP,0.479,2099,3657,20797.67,0.066,8.71,435.0,"arbitrager,axiom,bullx,smart_degen",
2026-08-13,42wuKdjT3h1dybTMygQshSsH57EHGseZPU9vTog4VEYm,0.494,954,3538,25293.88,0.085,7.14,362.0,"arbitrager,axiom,bullx,smart_degen",
2026-08-13,DxGrZfVTHEXNN1B1S8Uu2gPJGzvXtC2V84DhXd7p9RRy,0.348,13,1972,6954.39,0.114,19.64,40.0,"axiom,padre,smart_degen",
2026-08-13,CTfmUVKVRrVLMBssybWstPsVKdDVrwUB1nX7CrmGDh1G,0.573,23,5561,4509.93,0.018,46.84,24.0,smart_degen,
2026-08-13,6FZ1RasKHCPa9DnNYzg2v6ppDBhMigPM9X3L5fUY8kab,0.418,54,1885,7242.86,0.024,105.6,107.0,"padre,smart_degen",
2026-08-13,74SdNTSeAt7L8Eb75bV1tHcZpux46CP7k4ZdpoaANZns,0.396,87,1340,18122.76,0.165,61.51,21.0,"padre,smart_degen",
2026-08-13,9haKJiniE7HR5im7b9a74VUGD7vHDu6waBwAdQegwqQm,0.596,51,2135,10488.53,0.017,1.34,52.0,smart_degen,
2026-08-13,5hTX2AF3GDuJAvRGwRHwwDKhF2SERzXdiHSfMqyPGLTE,0.627,5,1629,2317.84,0.023,13.89,9.0,"axiom,smart_degen",
2026-08-13,2tVnqzRozPkkB8ar6UwaKK48nm1MNK616QN33ooA1i8A,0.483,31,1054,15757.17,0.097,36.47,23.0,"arbitrager,axiom,smart_degen",
2026-08-13,DaDtxe6jcjeGHDHF6uQMPoaMwT79occaxyivGKosLRNT,0.716,64,2023,8095.58,0.026,25.32,31.0,"axiom,smart_degen",
2026-08-13,8hKS83ezrd7pVDZfWYqpDEUsC52MH4u7MjUV9FU8Zjxb,0.704,42,150,1471.19,0.054,6.27,109.0,"axiom,smart_degen",
2026-08-13,F9LeJWXLMdh5aKQQF91tvXAZz4jweUK4L689ipDLJ1P6,0.503,36,346,10317.38,0.28,25.32,56.0,"axiom,smart_degen",
2026-08-13,FZLMBxzjGmHraCgJGWYVLNyvHv1pE1JbrDRihecZxHwp,0.503,26,357,10437.17,0.275,26.32,56.0,"axiom,smart_degen",
2026-08-13,FSonjuxwRm4Je4y3ZDz2HjNtonFtgZJzGaUigurovFDu,0.519,462,1786,52195.74,0.425,441.35,247.0,"axiom,smart_degen",
2026-08-13,7WpEMRyV2Drs7FRNeD9XpdT3nCpqyqj2QYyVSJ4XKYnn,0.522,509,1749,63299.37,0.547,121.48,247.0,"axiom,smart_degen",
2026-08-13,2UoZHvfBUB2UjiDcnfhczrukqrfBWTu5JeTqLaAHSzVo,0.499,828,1837,65160.13,0.459,414.97,482.0,"axiom,smart_degen",
2026-08-13,C86oRMyUqzsXKXEAsCUbrhJuYuMbqXxE886s9MpUFF88,0.763,102,6765,12917.11,0.019,11.63,105.0,smart_degen,
2026-08-13,9kXD8iMVpTy44kqBBzMKHuQ66VFdkf21xZNJGYLkq4FV,0.337,33,1188,10394.64,0.076,93.4,130.0,"axiom,launchpad_smart,smart_degen",
2026-08-13,B1zkhdN6aU1aQAHqktevuWBXU7RhnJgmwFDyhCtgNPX5,0.347,27,1190,9678.78,0.07,85.24,126.0,"axiom,smart_degen",
2026-08-13,BCagckXeMChUKrHEd6fKFA1uiWDtcmCXMsqaheLiUPJd,0.367,29824,15988,33967.92,0.094,780.44,107.0,"axiom,bullx,gmgn,top_followed,top_renamed,wash_trader",vibed333
2026-08-14,4UnMVYDEu6RfXPaGiH35Siod9vPAfGHoy3T2V3Rcq68e,0.673,39,1526,5158.89,0.031,12.66,44.0,smart_degen,
2026-08-14,5R7fQjhed9DDcP6iiV68mjWp7pGPfxfaLtUZKpc7ae2G,0.378,14,5382,1722.04,0.01,0.58,109.0,smart_degen,
2026-08-14,BAFMNmiNvfg5JwiKQjDSF4agRkC1PwTcBtcJqiMkETD3,0.304,11,988,3145.58,0.019,2.27,12.0,"gmgn,smart_degen",
2026-08-14,AJvQtDfD72sDavJJDvFRMigFooTHpM1EJd76B8VjWAz5,0.393,10,260,3026.76,0.085,0.08,560.0,"arbitrager,smart_degen",
2026-08-14,CC6DfePLea5UBREmGnHVCSjJRy4nEF1xuF6D6MbxdxTf,0.398,52,1943,3459.39,0.062,0.84,15.0,"gmgn,smart_degen",DanWillDoIt_
2026-08-14,2nDFbjRWkKbP94iCGDUJHJDTjMrH11hwTRWGBQuAmgkB,0.315,18,1361,1862.8,0.028,0.51,111.0,smart_degen,
2026-08-14,3qfnkrQQ4KDBaEtNwiAJ4WcWQJ3WNs28AofmrpS536u5,0.346,9,522,3618.93,0.153,6.83,456.0,"axiom,smart_degen",
2026-08-14,5h857RqmgcSjf2yz6E9Jh2zga5RaYTKzm1yK4uSnKD7n,0.494,23,1824,5864.06,0.023,29.36,25.0,"axiom,smart_degen",
2026-08-14,AqSTgWq3tCKRuJCRN3ssVn8cFuQNASVxvpBwaLVmfKgP,0.442,144,1750,6105.46,0.043,40.26,108.0,"axiom,gmgn,padre,smart_degen",
2026-08-14,6QAqPr36syxZ8WGDofU5pQ8kRaMM2ZQ94GVvQa8hjFu7,0.368,103,1560,25126.72,0.111,8.67,266.0,"axiom,smart_degen",
2026-08-14,JXNpGnH1X971eACRX99TJzUJ8KWqBQb1YQgettg1boz,0.487,119,2355,10134.84,0.042,22.19,109.0,"arbitrager,axiom,smart_degen",
2026-08-14,CTXzMvirXUa4zRhpkcZMF1D1dmJTY5yCQZhnvZaZjKYe,0.276,16,989,1756.41,0.086,1.02,30.0,smart_degen,
2026-08-14,TYAzLHbpP7qiBm1ik76wQPFmUVrfKV4ZpFY4RZSXAQ2,0.518,36,488,10436.37,0.02,133.52,154.0,smart_degen,
2026-08-14,2ke4vRh79c6JavJwFiYbzQsVhJsLAXuaYeVcyUfpft5V,0.497,332,3120,12089.66,0.037,208.14,108.0,"axiom,smart_degen",
2026-08-14,F9LeJWXLMdh5aKQQF91tvXAZz4jweUK4L689ipDLJ1P6,0.506,36,361,10846.91,0.288,24.09,57.0,"axiom,smart_degen",
2026-08-14,FZLMBxzjGmHraCgJGWYVLNyvHv1pE1JbrDRihecZxHwp,0.5,28,372,11010.46,0.283,26.62,57.0,"axiom,smart_degen",
2026-08-14,5Zsc4EcH5BVTot1Akc5f6DyEPgEyJywQeETQqzASTukU,0.408,9,482,1584.82,0.066,3.55,20.0,"gmgn,smart_degen",JrichSol
2026-08-14,C86oRMyUqzsXKXEAsCUbrhJuYuMbqXxE886s9MpUFF88,0.763,105,6722,12322.55,0.018,8.03,106.0,smart_degen,
2026-08-14,FixukbsKfJZEr996ubcWvwTAt1b6QJ2SfP3FJsBSbH33,0.519,102,6272,33155.75,0.054,336.35,25.0,smart_degen,
2026-08-14,GXmVaGW4QugXm4j2pKrfztfwW3LCPJZz3snkYAeVN8T,0.522,5,305,3243.28,0.109,51.78,136.0,"axiom,smart_degen",
2026-08-14,BCagckXeMChUKrHEd6fKFA1uiWDtcmCXMsqaheLiUPJd,0.363,29926,16649,27870.72,0.075,766.6,108.0,"axiom,bullx,gmgn,top_followed,top_renamed,wash_trader",vibed333
2026-08-14,BnNMkMRhQmAd56KPN9141ULX9HhPmQrkSzYxr8CCPbyX,0.37,29,2796,9630.03,0.038,30.35,69.0,"axiom,smart_degen",
2026-08-14,5LHfC9JnhVrS84iTvotQUdyf3VxtFsQfw1rKTW34316H,0.314,9,2651,1182.98,0.025,0.01,11.0,"axiom,smart_degen",
2026-08-14,6fCSTUsdw5v4t1SArKFYNBoKyUKuF9WGbBBSVEqnFE76,0.349,9,231,2745.79,0.034,28.94,37.0,"axiom,smart_degen",
2026-08-14,EtyHwLDfAi9E24Qw41xFUW8WtQ3NxajxJA2yaaUASR5a,0.337,14,429,2366.98,0.064,15.59,7.0,"fresh_wallet,padre,smart_degen",
2026-08-14,CEUA7zVoDRqRYoeHTP58UHU6TR8yvtVbeLrX1dppqoXJ,0.391,4536,2373,187466.03,0.226,380.62,536.0,"axiom,gmgn,smart_degen,top_followed,top_renamed",tdmilky
2026-08-14,BunJmeKJBjZ3Wv7RaiwnEGf4SVRichiDP8Z58rDABEFL,0.349,29,2092,19644.34,0.164,46.58,22.0,"arbitrager,axiom,smart_degen",
2026-08-14,nogZ6727iZNKkbtjfP7rRe4ywAqDmgZGBgiXfxFgmNz,0.495,26,771,7066.87,0.027,3.05,22.0,smart_degen,
2026-08-14,59gYCXQDPET2vqM2gbmnGaBheLPjid2jLRETNARf6PAM,0.392,300,243,8589.69,0.257,9.39,532.0,"smart_degen,trojan",
2026-08-14,FhtZnHAmc2X3cTGNDQ6f3iM13Rp3BfzhPSyGaBD8fxck,0.435,151,6148,12569.7,0.042,18.93,208.0,"axiom,launchpad_smart,padre,smart_degen",
2026-08-14,3ArHvdGs1v9gdwNEMRJihHfRUnwfFkYjtzcdSBD3cDdJ,0.433,107,6245,11819.64,0.04,17.29,198.0,"axiom,gmgn,launchpad_smart,padre,smart_degen,trojan",
2026-08-14,82TXKkp8Y4TxNjZQnYDrcUCwviKZ6XfyYeGUmge6Y57Q,0.383,212,4615,25658.83,0.053,6.56,34.0,"axiom,launchpad_smart,smart_degen",
2026-08-14,FQTm2LutmRp4yWKpfFic1Xxgz4oEtYrFsed5xu2TR6Ji,0.367,100,4161,23268.38,0.053,17.89,21.0,"axiom,smart_degen",
2026-08-14,GntwJ8SEg7RXZS5QDZsb3gzeDEtq9DfApgqhpetSJePK,0.384,60,3525,17272.01,0.05,12.08,20.0,"axiom,smart_degen",
2026-08-14,HV56TXHsEzNd1bpia84zGkrhvSVuBayG5vh9KjneoYMf,0.585,198,3305,5746.88,0.017,90.49,636.0,"axiom,bullx,gmgn,smart_degen",
2026-08-14,8y4aYZiaRisoHHgwH1cTiFnswuWPQoHHH9FKgYDnruoc,0.517,48,2232,7384.94,0.03,94.91,108.0,"axiom,smart_degen",
2026-08-14,77n6X7LtGy5AZprsvjZu1eaekJpxqLeVRZLPJZdBYyg9,0.463,3045,1437,173215.59,0.627,14.92,787.0,"axiom,smart_degen,top_followed,trojan",zRubizz
2026-08-14,91Tot4afpSsuYQgMRsTms32REKCVZ4GPD35SKoK36Aso,0.552,63,1228,7010.08,0.05,3.88,468.0,"axiom,smart_degen",
2026-08-14,5434wePWhnTHMvB6NTNX3cK4XK3aEX8d4X1JAPEggpH1,0.291,29,1886,15122.38,0.309,78.04,131.0,"padre,smart_degen",
2026-08-14,8ULTo1cuiwo5dnB1S8MEZqPSmmFcMskEJemnqVLprEsA,0.507,69,868,5579.67,0.047,42.66,82.0,"axiom,smart_degen",
2026-08-14,4aE7NqEznFdD7kBvyhj8wvoQvTjezvmiB8vdHZfmSD5B,0.317,91,4941,17545.14,0.06,56.74,39.0,"axiom,smart_degen",
2026-08-14,3AfZNMNnHXe4q53715YiWRA1zK5ndtLrvgS6yJHunbHy,0.316,99,4585,18089.08,0.073,60.45,39.0,"axiom,smart_degen",
2026-08-15,AzWnNS9isJR9HZ6WAEAUwqVMu5SAwHsPNmrmEVCroyMS,0.506,358,6637,32490.1,0.017,1.61,109.0,"axiom,gmgn,smart_degen",
2026-08-15,Hsu75uJhEidV5Zkj21XBEYUBaFZmjb8Rd6qUpweWGbTo,0.383,297,229,24004.39,0.212,23.19,106.0,"axiom,padre,smart_degen",
2026-08-15,URekUXMb73e9GkKkS4YN3SWegDwdmMrRB8LHqrPch1E,0.494,40,89,10832.46,0.42,0.04,1.0,"fresh_wallet,smart_degen",
2026-08-15,4nptUNXrLg2C5h2f4xSwvJLSLpgvc5tNLKkPc5M5eHjf,0.502,7,1205,1971.98,0.012,4.95,35.0,"padre,smart_degen",
2026-08-15,C86oRMyUqzsXKXEAsCUbrhJuYuMbqXxE886s9MpUFF88,0.763,107,6626,11794.48,0.018,6.26,107.0,smart_degen,
2026-08-15,8JSREWBPvx9r2zJ5DT7g3hwMEPqubryEQJbGiVfFiXvh,0.481,3,188,1683.65,0.038,0.0,,"fomo,fresh_wallet,smart_degen",
2026-08-15,9AYKAcwXfGkNjEys6BxzAJjJjzsp9YWmiFpWQX1wAwq,0.592,142,276,3386.75,0.112,6.1,41.0,"axiom,smart_degen",
2026-08-15,FixukbsKfJZEr996ubcWvwTAt1b6QJ2SfP3FJsBSbH33,0.512,110,6773,35171.12,0.052,336.31,26.0,smart_degen,
2026-08-15,H9TMtTxBL84rqpX8uqC3TpTgM9BmE3bJDPzStFk8U1Th,0.52,393,2790,58591.25,0.172,28.72,140.0,"axiom,smart_degen,trojan",
2026-08-15,3wZ6MfB1DRUvtozvcptvV1qAhQ5FKj3qpZR4Db45G6jk,0.354,2384,298,3101.48,0.109,22.12,480.0,"axiom,smart_degen",Axiploy
2026-08-15,5LHfC9JnhVrS84iTvotQUdyf3VxtFsQfw1rKTW34316H,0.315,10,2908,1135.47,0.023,0.53,12.0,"axiom,smart_degen",
2026-08-15,CC6DfePLea5UBREmGnHVCSjJRy4nEF1xuF6D6MbxdxTf,0.395,59,2107,3248.15,0.054,2.73,16.0,"gmgn,smart_degen",DanWillDoIt_
2026-08-15,D3zAG2Kb6dAWvfuJtxhMun9dT3VurJcFjRDJvVkApZ3d,0.582,44,1633,7144.63,0.022,86.15,108.0,"axiom,smart_degen",
2026-08-15,GtbiCgqCVLANNkbU1VT6BufzdKvCRuvp9tsnPZhBRsET,0.459,19,1689,8862.2,0.055,7.58,21.0,"axiom,smart_degen",
2026-08-15,8n79PwcyrybEECM3ghGetPnm6Y2SRBVzJNd536Z1C1PU,0.613,50,840,10457.01,0.088,74.79,73.0,"axiom,smart_degen",
2026-08-15,D9UiteKBjbVp8UYGRSKi4fJRsXYp8Csk7zcrnaCvq6LS,0.681,40,1677,19824.21,0.143,184.95,40.0,smart_degen,
2026-08-15,4FcpobdBuXZLCiYKhm9nmzhiguFjzqe6eGQ7kanqoDFE,0.635,117,557,3468.02,0.082,1.24,65.0,"smart_degen,trojan",
2026-08-15,3dVxsdabRBKyMUeFAMNfoQT2Vve1BwoVzwYewA9sLruD,0.294,13,600,4123.17,0.234,1.0,111.0,smart_degen,
2026-08-15,4Z71k6f7KgmRZnN5pHjncJhMyNaDTEASxUAymBpiQSqb,0.533,22,2707,3416.2,0.029,48.59,440.0,"axiom,smart_degen",
2026-08-15,5R7fQjhed9DDcP6iiV68mjWp7pGPfxfaLtUZKpc7ae2G,0.374,15,5599,1636.29,0.009,0.0,110.0,smart_degen,
2026-08-15,FhtZnHAmc2X3cTGNDQ6f3iM13Rp3BfzhPSyGaBD8fxck,0.428,158,6464,11733.63,0.039,9.74,209.0,"axiom,launchpad_smart,padre,smart_degen",
2026-08-15,3ArHvdGs1v9gdwNEMRJihHfRUnwfFkYjtzcdSBD3cDdJ,0.429,112,6561,10832.25,0.036,11.97,199.0,"axiom,gmgn,launchpad_smart,padre,smart_degen,trojan",
2026-08-15,BunJmeKJBjZ3Wv7RaiwnEGf4SVRichiDP8Z58rDABEFL,0.346,30,2200,20094.81,0.16,48.27,23.0,"arbitrager,axiom,smart_degen",
2026-08-15,FB7uZh7qw1mgKFoKPUpUzDttuxodtVNhkutKXxXMQvSp,0.427,23,1569,8119.81,0.046,3.14,10.0,"axiom,smart_degen",
2026-08-15,22Wrii4mukYyuUNG1RE5TkbbtTRyR36HBWVwfCRsNo3F,0.343,29,714,5853.04,0.07,60.04,52.0,"launchpad_smart,padre,smart_degen",
2026-08-15,2nEpH8As7dStBov4UjW2AAo2Vq72YgpBuEgqsjqHBYz5,0.514,7,1104,1524.13,0.028,11.17,12.0,smart_degen,
2026-08-15,7gdo83WqcXvown8aHUrgma716BEwGdjRA9CtdUThBy5U,0.407,295,5181,10338.16,0.03,9.16,550.0,"axiom,padre,smart_degen",
2026-08-15,DoNtG44CPnFHaVbVYHTCCtJQvmubqQN4RiwvAvFgd3d,0.593,55,9719,14689.25,0.017,3.41,11.0,"gmgn,smart_degen",
2026-08-15,C9H2tRC9aY7ZNgfYaq9ZCvLcG5RsUXY1A8szpSnrWiAZ,0.388,11,1411,2000.22,0.027,2.43,65.0,smart_degen,
2026-08-15,2ZhaJVtFmePw8gVFQrF2hLCUMe2pRE9xuYN1vwBRYEuo,0.31,18,623,3269.56,0.048,43.43,369.0,"padre,smart_degen",
2026-08-15,F5E9o2XWpaJUTMfnimJ4gWRPzZxJHVsFFYPuWYNmAqjp,0.45,6,449,3641.11,0.08,17.98,244.0,smart_degen,
2026-08-15,9asBCQqp2o5BicHWPJZJ1RBh8hKQR76rejKgkQkzNwPy,0.621,128,8064,9436.32,0.01,2.02,476.0,"axiom,smart_degen",
2026-08-15,8BJfDRcyWh3VtarAe3uAEwyMU7SqgUL2mUoSp22ztk1p,0.366,16,1799,5138.98,0.072,28.41,18.0,"axiom,smart_degen",
2026-08-15,CzeYKKJJNakBSqPP4i9AQ5GvmFZvTmkWwwfUj1zVYtYV,0.515,113,1487,8891.4,0.076,20.34,419.0,"axiom,launchpad_smart,smart_degen",
2026-08-15,77Uy6sLLggDg9ZB7Yu7xbtCShVTVvJsVNrPdyQFjLVD5,0.515,73,1478,9770.57,0.085,17.05,284.0,"axiom,launchpad_smart,smart_degen",
2026-08-15,5t4Tz7qewAHSpDC1YADAmogtiE3Cwud4juNjjVXaDs1p,0.619,31,215,20049.27,0.122,301.5,6.0,"axiom,fresh_wallet,smart_degen",
2026-08-16,BAFMNmiNvfg5JwiKQjDSF4agRkC1PwTcBtcJqiMkETD3,0.303,15,1186,5326.86,0.027,6.32,14.0,"gmgn,smart_degen",
2026-08-16,E5zfvDnFSP2KUEeUkT5heXVx7Wa9z9MiJGZtxc3G35Kz,0.416,10,242,3112.99,0.098,54.74,366.0,"axiom,photon,smart_degen",
2026-08-16,6L5LgE8kRQnoYxHpmuC5LV5aFR4dovq8gHU4szXioP8A,0.363,42,1391,3524.52,0.072,13.77,157.0,"axiom,smart_degen",
2026-08-16,8BJfDRcyWh3VtarAe3uAEwyMU7SqgUL2mUoSp22ztk1p,0.359,20,2010,4744.15,0.059,26.08,19.0,"axiom,smart_degen",
2026-08-16,2AwjJTdTWCu6QjyZKvF6oVEd9TkQP1WYvVswFvDEySxn,0.338,90,3315,19448.71,0.073,103.49,106.0,"axiom,smart_degen",
2026-08-16,5kidNviTucvoHuFGuPQUikWokMxsLZMncGrS5gK9Cujs,0.322,122,3315,22855.51,0.085,101.11,101.0,"axiom,smart_degen",
2026-08-16,FQTm2LutmRp4yWKpfFic1Xxgz4oEtYrFsed5xu2TR6Ji,0.359,111,4655,22583.93,0.047,1.97,23.0,"axiom,smart_degen",
2026-08-16,GntwJ8SEg7RXZS5QDZsb3gzeDEtq9DfApgqhpetSJePK,0.377,72,4017,16420.51,0.042,8.33,22.0,"axiom,smart_degen",
2026-08-16,82TXKkp8Y4TxNjZQnYDrcUCwviKZ6XfyYeGUmge6Y57Q,0.376,229,4807,24665.74,0.051,1.99,36.0,"axiom,launchpad_smart,smart_degen",
2026-08-16,BoQUamXZTFNAGkdzG6RUFdRRdPwREpDoWLsAuQuJmM5Z,0.477,0,149,2881.95,0.179,47.75,4.0,"fresh_wallet,gmgn,smart_degen",
2026-08-16,8CLkTAHZt1joF4Swh7YKjGAA8qge1T1SZdoWJJsoGgys,0.343,1049,1936,4904.36,0.021,72.77,110.0,"axiom,padre,smart_degen",
2026-08-16,DPGcsm6NwPMFK6VLaYcoTEWpCnEZrekiFn4LoRHf67Qo,0.341,87,299,1116.77,0.052,1.79,257.0,"axiom,bullx,smart_degen,trojan",
2026-08-16,FixukbsKfJZEr996ubcWvwTAt1b6QJ2SfP3FJsBSbH33,0.511,124,7191,39536.34,0.055,335.54,27.0,smart_degen,
2026-08-16,FMX8cSCPyFo4qTHTxuU1hYrWRXNU3NsTqxcL55jwR81f,0.36,4,243,953.49,0.029,38.31,8.0,"axiom,fresh_wallet,smart_degen",
2026-08-16,D4jxiBiEmELbBtycKWqE7127RYKXrdRxKCU3SjWiQtC4,0.373,3,238,1354.92,0.041,44.51,8.0,"axiom,fresh_wallet,smart_degen",
2026-08-16,HoN94isvJN9KenCbtSPbc1uGHXsb1S4HXZnb982dwYtt,0.348,3,245,1059.08,0.032,35.24,8.0,"axiom,fresh_wallet,smart_degen",
2026-08-16,8Xo7so2GbfBXWb1Z2tdscAx4raMtypMEMjpKRoVo3CS7,0.522,67,2003,3818.25,0.034,26.24,110.0,"axiom,smart_degen",
2026-08-16,FowgJ9GD3C3PRWa1yoNsCi2nWxxmSjhzLwL5mX7TA8H3,0.273,13,716,9261.11,0.072,389.88,7.0,"fresh_wallet,gmgn,smart_degen",
2026-08-16,etGinn955qPF6eUHsk3BJAoKvM2pYpo88TvWSHEiYVG,0.424,91,498,1485.34,0.057,21.31,189.0,"axiom,smart_degen",
2026-08-16,3ic4geWWfa37hWDCbhe6zRHTsbGk4dFHFN9XrbDQfHg2,0.556,16,1251,1017.21,0.016,9.31,14.0,"gmgn,smart_degen",
2026-08-16,CwvYUDGo4x7TYonn9qLb1c9rnUu5k3s4FN5hT38rnbsq,0.549,376,1608,40815.7,0.109,88.89,80.0,"axiom,smart_degen",
2026-08-16,9shBHjviUuynNdSS7Rks6jzqBYqB4aoGkAVU1gJpBkqt,0.608,10,2927,2253.95,0.024,19.53,42.0,smart_degen,
2026-08-16,FR3oL1thALFYfhmWqv6B73BctpxyyAD72eif2Aa7s3L5,0.388,5,196,1041.13,0.074,0.0,10.0,"fomo,smart_degen",
2026-08-16,7Ke2PvMakpMdipDMoaEt3EP5duveSDXRbxSXKPsoCK4T,0.527,182,1909,9727.75,0.038,169.86,433.0,"axiom,padre,smart_degen",swayyytrades
2026-08-16,DaDtxe6jcjeGHDHF6uQMPoaMwT79occaxyivGKosLRNT,0.707,75,2253,9457.9,0.025,15.89,34.0,"axiom,smart_degen",
2026-08-16,4UnMVYDEu6RfXPaGiH35Siod9vPAfGHoy3T2V3Rcq68e,0.677,45,1610,6140.43,0.035,28.92,46.0,smart_degen,
2026-08-16,5LHfC9JnhVrS84iTvotQUdyf3VxtFsQfw1rKTW34316H,0.303,10,4063,956.87,0.014,0.0,13.0,"axiom,smart_degen",
2026-08-16,ARvexYXgMKecVq9gcWztxqtnASpBHApXn26sCryngwxa,0.442,12,3337,-6942.88,-0.073,0.14,251.0,"smart_degen,trojan",
2026-08-16,9jnxzpHqDYdCLUVrkSPKCYQfrwpJZ2ZP4qZnyShBdGx3,0.366,5,992,4623.43,0.055,25.27,71.0,"axiom,padre,smart_degen",
2026-08-16,Eh3q5AXnopCFULMLGv6QeVqpZhRvPgkWHBMKqNGQvQTX,0.465,114,4155,11856.23,0.05,33.68,164.0,"axiom,smart_degen",
2026-08-16,2P1wWkeqT28myJMdNRJvvyHEY8fxPUJSzw5g3uxxgzer,0.447,13,1547,2669.44,0.054,36.53,15.0,"axiom,gmgn,padre,smart_degen",
2026-08-16,CC6DfePLea5UBREmGnHVCSjJRy4nEF1xuF6D6MbxdxTf,0.393,84,2338,4162.33,0.062,0.23,17.0,"gmgn,smart_degen",DanWillDoIt_
2026-08-16,31iRQFxAApGY6LAXm16QDXmPFHSeY2mP4dW96P22iTBV,0.301,404,4923,24472.31,0.061,4.37,101.0,"axiom,smart_degen",
2026-08-16,2UwD3WCCndHxCRekDQgvZbM1H2M7qVuxLGKaWXqg8cVK,0.613,120,305,39061.37,0.13,309.27,7.0,"axiom,fresh_wallet,smart_degen",
2026-08-16,C9H2tRC9aY7ZNgfYaq9ZCvLcG5RsUXY1A8szpSnrWiAZ,0.391,11,1455,1246.4,0.017,4.09,66.0,smart_degen,
2026-08-17,5t4Tz7qewAHSpDC1YADAmogtiE3Cwud4juNjjVXaDs1p,0.61,55,290,30442.45,0.14,447.76,8.0,"axiom,smart_degen",
2026-08-17,hnu69n6P5CgYXCtUKii9wgamqtDeTVHY3TVJ6HKt7wC,0.832,1065,2460,39067.85,0.02,20.68,327.0,"padre,smart_degen",
2026-08-17,EnQdeYsyhacWWDuWfFJvtyk1ehD1cB511ujxJpUtiiWA,0.366,261,1595,2731.97,0.018,5.24,290.0,"gmgn,padre,smart_degen",
2026-08-17,77XV9rBiwk6WAXjzTWiwtCQfmB6CXsw1j7Kp3G5xUyez,0.36,155,1607,7990.08,0.05,5.46,167.0,"axiom,gmgn,padre,smart_degen",
2026-08-17,5h857RqmgcSjf2yz6E9Jh2zga5RaYTKzm1yK4uSnKD7n,0.497,25,1980,6620.88,0.024,34.47,28.0,"axiom,smart_degen",
2026-08-17,HvvMrBR7U2ftgZxzC1ButGvSgZ53qxMPU8LtjYCxVT6M,0.464,4,908,4247.89,0.041,54.57,161.0,smart_degen,
2026-08-17,A3fs4CRuLj8jjLEWSxYJAMgRHcmJz4QbAtyWt9xXC1WN,0.455,30,930,8603.25,0.078,23.59,15.0,smart_degen,
2026-08-17,etGinn955qPF6eUHsk3BJAoKvM2pYpo88TvWSHEiYVG,0.415,91,513,1418.37,0.053,18.78,190.0,"axiom,smart_degen",
2026-08-17,CsVEUkx3ZF3K5SLqB5XEUW4QBFB7TPuUNDqbvjfchCN7,0.557,13,1218,2842.55,0.014,7.33,227.0,"axiom,smart_degen",
2026-08-17,F9LeJWXLMdh5aKQQF91tvXAZz4jweUK4L689ipDLJ1P6,0.514,42,425,12285.71,0.287,14.66,60.0,"axiom,smart_degen",
2026-08-17,FZLMBxzjGmHraCgJGWYVLNyvHv1pE1JbrDRihecZxHwp,0.492,35,434,12297.21,0.279,13.17,60.0,"axiom,smart_degen",
2026-08-17,2pUza9ic3zVni4EtKf9e6cys7Jwd6P974ac3szKiSZRU,0.327,155,4379,14716.77,0.026,47.87,476.0,"axiom,padre,smart_degen",
2026-08-17,BXGo9i9bWJPBNyjpfhjGF8NdYaJLeZvmhNsCLZLxZLxD,0.568,82,1932,4721.39,0.01,1.65,333.0,"axiom,padre,photon,smart_degen",
2026-08-17,9shBHjviUuynNdSS7Rks6jzqBYqB4aoGkAVU1gJpBkqt,0.608,10,2966,2388.8,0.025,18.46,43.0,smart_degen,
2026-08-17,BCagckXeMChUKrHEd6fKFA1uiWDtcmCXMsqaheLiUPJd,0.364,30230,18297,30966.08,0.076,397.72,111.0,"axiom,bullx,gmgn,top_followed,top_renamed,wash_trader",vibed333
2026-08-17,Eu1KU118rGQEAMnV5uXojfdx6nhozSgNr4Fhxi2suxHB,0.5,18,7999,2499.11,0.005,21.63,55.0,smart_degen,
2026-08-17,HV56TXHsEzNd1bpia84zGkrhvSVuBayG5vh9KjneoYMf,0.599,211,3466,5574.68,0.016,139.79,639.0,"axiom,bullx,gmgn,smart_degen",
2026-08-17,9XqwcSGu1bqf9wPNjaG22avEqtRa2RKmsShAw5sKoEjv,0.703,62,716,8265.16,0.038,1.04,57.0,smart_degen,
2026-08-17,6fCSTUsdw5v4t1SArKFYNBoKyUKuF9WGbBBSVEqnFE76,0.349,9,227,2383.42,0.033,29.38,40.0,"axiom,smart_degen",
2026-08-17,G4LFjeKUXeTFJteeSCLCdEmxdWr4nGKzKdXtK9u8N7MJ,0.401,538,2304,4627.22,0.037,14.03,52.0,"gmgn,smart_degen",ha_li60704
2026-08-17,7bRKHriCHw5keDPPsTXx8vWZo3npMtuGeevMyMEseUTb,0.535,91,4956,11002.17,0.015,0.57,53.0,"gmgn,smart_degen",
2026-08-17,5KWE4mhhfe8yQyXEydDZoDFdz9VJhteHB36d9RfTrJEJ,0.438,14,8028,8446.61,0.019,1.82,26.0,"axiom,smart_degen",
2026-08-17,7TSfbQsF7THTz6YdeDktgFEoESdFfMEArhCL7oYqEEjk,0.473,78,1240,6665.19,0.036,16.54,166.0,"padre,smart_degen",
2026-08-17,5yzVtM9eYzgRwQ3HkaJXpGqduhBv9c9VEq8JyUEDxjDh,0.399,58,575,7302.12,0.118,3.52,481.0,"axiom,smart_degen",
2026-08-17,CTfmUVKVRrVLMBssybWstPsVKdDVrwUB1nX7CrmGDh1G,0.523,27,6238,2733.03,0.009,26.29,28.0,smart_degen,
2026-08-17,4Z71k6f7KgmRZnN5pHjncJhMyNaDTEASxUAymBpiQSqb,0.534,35,2848,3925.16,0.031,54.82,442.0,"axiom,smart_degen",
2026-08-17,9haKJiniE7HR5im7b9a74VUGD7vHDu6waBwAdQegwqQm,0.62,57,2102,11091.4,0.018,1.0,56.0,smart_degen,
2026-08-17,7Ke2PvMakpMdipDMoaEt3EP5duveSDXRbxSXKPsoCK4T,0.525,183,1887,8291.87,0.034,163.78,434.0,"axiom,padre,smart_degen",swayyytrades
2026-08-17,EvWaM15DxLaUijPuyCrpmqCZQtaJMDdeeAqryYbCuScF,0.443,45,304,8504.54,0.146,43.27,145.0,"axiom,smart_degen",
2026-08-17,CNQHDwLNz7JeM8iSKkHFFZJ9xNt4cwEVhEsgQS1KdGn8,0.695,77,765,5220.04,0.056,25.66,295.0,"gmgn,photon,smart_degen",
2026-08-17,AJPkaCvcTAaH1xNkhx6bTSbVovqgEqXqcLoyRtGyAR6U,0.448,205,785,4272.44,0.038,24.64,111.0,"axiom,smart_degen",
2026-08-17,3i6zwLPjUJPhZ4K2rjo2sHnKeEKJpLmG4QzkbJRahhQt,0.45,16,62,8500.11,0.937,98.75,507.0,"axiom,smart_degen",
2026-08-17,BA5h9CoAQ6s5RKwuLrJR47zLWDmFaW7d1hJ1M8p4cyiS,0.789,18,545,2017.41,1.003,0.24,71.0,"axiom,bluechip_owner,smart_degen",
2026-08-17,FTQgeswzRfN2zELHQJjLWiSJacmxH1rBc1ht6sNCfsYU,0.647,30,5042,6429.53,0.021,5.24,23.0,smart_degen,
2026-08-17,74SdNTSeAt7L8Eb75bV1tHcZpux46CP7k4ZdpoaANZns,0.398,89,1550,16987.88,0.137,42.54,25.0,"padre,smart_degen",
2026-08-17,3rKgP4mx7ppPrDWK33h9JmTRiWvrFfdFmWdxTp8DQPsm,0.382,52,591,10875.02,0.157,11.35,114.0,"axiom,smart_degen,trojan",
2026-08-17,5Zsc4EcH5BVTot1Akc5f6DyEPgEyJywQeETQqzASTukU,0.413,10,544,1670.87,0.063,5.99,23.0,"gmgn,smart_degen",JrichSol
2026-08-17,GPjRFiUVv3g4jYRFjEPb3osELpYA1yBTaN2m78TQhtxD,0.364,10,539,1765.27,0.053,0.32,239.0,"padre,smart_degen",
2026-08-17,CTXzMvirXUa4zRhpkcZMF1D1dmJTY5yCQZhnvZaZjKYe,0.276,20,1210,1754.4,0.065,1.76,33.0,smart_degen,
2026-08-17,zeroaUauZD3MEndumZeQxH85A5m42NmC4U4ncdih5fd,0.339,14,1592,2586.99,0.033,2.46,62.0,"axiom,smart_degen",
2026-08-18,CMw7kj6ceqVqdj6XLc8FEJaZfPHBSUzubArqXjChfn11,0.432,120,1679,9222.11,0.049,134.78,50.0,"axiom,fomo,smart_degen",
2026-08-18,5TMR5GFPTzkNhprnty2ocXEFLoLur1uchg4NkEr5WEf4,0.372,5544,1662,5874.15,0.031,102.56,529.0,"axiom,photon,smart_degen,top_followed,top_renamed",
2026-08-18,GHJFdDSYx1kGg7nLTDZ7B468SqHsqySZwHRSxs4DgEVk,0.299,284,3741,13147.74,0.054,33.69,115.0,"axiom,smart_degen",
2026-08-18,D9UiteKBjbVp8UYGRSKi4fJRsXYp8Csk7zcrnaCvq6LS,0.686,57,1950,25204.93,0.153,163.22,43.0,smart_degen,
2026-08-18,6kzsXq32zgmW1cEw9xKn9HyfE72oUX9b8PiPBZ8fWn9S,0.42,173,2954,4297.43,0.026,16.75,901.0,"photon,smart_degen",
2026-08-18,bTiNAiDWsAzuDvqf1vGcv3GuvgLxVvaj76KABoqkJa6,0.31,314,2793,27836.62,0.089,46.69,240.0,"axiom,padre,smart_degen",
2026-08-18,A2ZcLjEBzUW3HLFEreKGvsQebv18JFnwgjAg8GLRMqoM,0.578,4,965,2895.85,0.045,41.47,43.0,smart_degen,
2026-08-18,BRx8TP6HsD9srJ62rcYizjAHyZ5mt3cp8wPBEZioTsym,0.392,878,9134,23777.53,0.012,1.71,112.0,"axiom,bullx,gmgn,smart_degen",
2026-08-18,5h857RqmgcSjf2yz6E9Jh2zga5RaYTKzm1yK4uSnKD7n,0.496,24,2019,6887.01,0.025,36.6,29.0,"axiom,smart_degen",
2026-08-18,2mY9VSDweqfFTXWKy2VZTd6ZCoDSSiWh2fjEycrX76Qs,0.627,23,1721,11061.02,0.09,4.33,32.0,"axiom,smart_degen",
2026-08-18,FSonjuxwRm4Je4y3ZDz2HjNtonFtgZJzGaUigurovFDu,0.541,604,2012,57738.55,0.343,183.49,252.0,"axiom,smart_degen",
2026-08-18,2UoZHvfBUB2UjiDcnfhczrukqrfBWTu5JeTqLaAHSzVo,0.519,931,2041,66033.74,0.406,206.71,487.0,"axiom,smart_degen",
2026-08-18,2tVnqzRozPkkB8ar6UwaKK48nm1MNK616QN33ooA1i8A,0.483,46,1211,19571.79,0.097,67.96,28.0,"arbitrager,axiom,smart_degen",
2026-08-18,5vg7he5HibvsAW86wfiuP6jw7VwKmUAnP6P93mVCdpJu,0.353,5567,1371,26009.65,0.15,341.46,112.0,"axiom,photon,smart_degen,top_followed,top_renamed",blixze
2026-08-18,5yzVtM9eYzgRwQ3HkaJXpGqduhBv9c9VEq8JyUEDxjDh,0.416,58,664,8513.81,0.118,14.38,482.0,"axiom,smart_degen",
2026-08-18,2tzyTPH8AokHH5zVfCexXZZJf2NroppADyKnCQfRfTVy,0.554,19,2408,12110.29,0.068,53.34,26.0,"axiom,gmgn,smart_degen",
2026-08-18,5SWEzzxJDDzvWGe3PF83PLA2WpNWFeAXWW3ezkT2tPue,0.496,71,3663,19549.05,0.063,40.88,48.0,"axiom,smart_degen",
2026-08-18,7TSfbQsF7THTz6YdeDktgFEoESdFfMEArhCL7oYqEEjk,0.483,80,1469,10370.77,0.046,6.33,167.0,"padre,smart_degen",
2026-08-18,4XMPyWFsYdNcCN4FG8geyytyTeUNacn4QundBzMqbGGT,0.491,13351,5119,7933.48,0.029,5.25,112.0,"axiom,launchpad_smart,photon,smart_degen,top_followed,top_renamed",
2026-08-18,2xxaEn5sHX19G3V1bcTHSFDJtk9YbMiEkJWkqmZJBVBz,0.457,112,4860,8535.55,0.029,5.38,113.0,"axiom,launchpad_smart,smart_degen",
2026-08-18,cnvbB5pZKP3UcFoYz2nCD92tztmMXzLtjvZ9zMuqrBD,0.71,6,239,3404.93,0.135,45.17,16.0,"axiom,smart_degen",
2026-08-18,YJFQNKUJya6H8KspERKeZ1fmBBBbRd2iJue1wDD6Br5,0.329,30,658,4031.31,0.049,46.16,24.0,"axiom,smart_degen",
2026-08-18,CQjYGzyCxwH7SmjRSpoZ4jWg481LAkuumyWRot9FcGmz,0.541,57,3933,3568.57,0.011,8.16,593.0,"axiom,smart_degen",
2026-08-18,DAtJJbckkqADvpt7bhCqNHMpitYBVHfFP3ZsisNvbBTC,0.284,63,213,2789.98,0.138,36.22,117.0,"axiom,smart_degen",
2026-08-18,7Ke2PvMakpMdipDMoaEt3EP5duveSDXRbxSXKPsoCK4T,0.527,182,1913,8904.15,0.036,177.52,435.0,"axiom,padre,smart_degen",swayyytrades
2026-08-18,EyMEijA6r9MePsvDv5Vu7WphrXenmXWJ1HzHsm5WDcr,0.741,90,673,3727.07,0.047,10.45,464.0,"axiom,smart_degen",
2026-08-18,EsToPAbqqcEkDijns17sejTNi9FvE2bT3rMRZxCY7Gca,0.379,20,1402,1163.95,0.03,10.02,138.0,"axiom,smart_degen",
2026-08-18,7bRKHriCHw5keDPPsTXx8vWZo3npMtuGeevMyMEseUTb,0.535,89,5331,12990.38,0.017,0.77,54.0,"gmgn,smart_degen",
2026-08-18,41bQbDoY2GxjgHFuNXj2qE6bAPpWM36QnzMHdEt8k5cP,0.467,28,49,4916.77,0.943,61.21,5.0,"axiom,fresh_wallet,smart_degen",
2026-08-18,47iB56pF7mduZaYBB9FSYMG9jkr5DeDgWtoyvH6y7zuF,0.523,5,858,1753.1,0.044,12.42,42.0,"axiom,smart_degen",
2026-08-18,7BWy2mtHNdnWLMZejk5E5sfDDSQfXsjzjy9jPzeDyYk5,0.547,77,2319,7616.73,0.06,46.55,112.0,"axiom,padre,smart_degen",
2026-08-18,77XV9rBiwk6WAXjzTWiwtCQfmB6CXsw1j7Kp3G5xUyez,0.346,158,1717,7329.4,0.044,30.61,168.0,"axiom,gmgn,padre,smart_degen",
2026-08-18,3qfnkrQQ4KDBaEtNwiAJ4WcWQJ3WNs28AofmrpS536u5,0.329,12,468,3179.08,0.141,5.01,460.0,"axiom,smart_degen",
2026-08-18,2iioYzMyn8Ahqfgqndp5ppVHUDcXF1px31Urs8wBaraq,0.671,21,2187,3986.96,0.016,2.1,111.0,smart_degen,
2026-08-18,GtbiCgqCVLANNkbU1VT6BufzdKvCRuvp9tsnPZhBRsET,0.466,20,2113,10468.13,0.056,12.05,24.0,"axiom,smart_degen",
2026-08-18,42riu3hVVKFcnE9TeeXDDEYm1bMv37e6UUuNfKNpa2ev,0.396,41,579,11045.98,0.258,111.58,28.0,"padre,smart_degen",
2026-08-18,2kyhDZwa3u4A5sakH5RZYEKyfdVi3tVsZDdPFMPTUV1d,0.44,47,365,14103.86,0.472,163.49,18.0,"padre,smart_degen",
2026-08-18,EtyHwLDfAi9E24Qw41xFUW8WtQ3NxajxJA2yaaUASR5a,0.339,31,617,3243.08,0.052,44.21,11.0,"padre,smart_degen",
2026-08-18,E25MmzzfvPN8yVrCZoK599imxrZuZaLKJAWwgkTuNBgD,0.716,11,1869,3167.05,0.019,17.2,125.0,"axiom,smart_degen",
2026-08-18,5bpEPEDXrAcEdQx6ifNt5dWbaKqD3Uvhfk5stCN4feQ7,0.383,23,1578,2815.33,0.024,1.53,38.0,"axiom,smart_degen",
2026-08-18,5zZkyiBuv715oq9S1u4efSkUwQuLh1JJu9yzgGkYgve,0.414,13,179,4142.88,0.204,48.32,34.0,"smart_degen,trojan",
2026-08-19,8Xo7so2GbfBXWb1Z2tdscAx4raMtypMEMjpKRoVo3CS7,0.525,67,2066,4360.94,0.035,21.73,113.0,"axiom,smart_degen",
2026-08-19,EKPgJzWBTYTn3JWezPkhRRAyUeiJrXVHy2AVjgJuVf7o,0.524,5,1123,5636.28,0.032,45.07,13.0,"axiom,smart_degen",
2026-08-19,CTXzMvirXUa4zRhpkcZMF1D1dmJTY5yCQZhnvZaZjKYe,0.271,20,1266,1635.03,0.058,2.25,35.0,smart_degen,
2026-08-19,FG8JjLyvhfuB7eFQPL7Dc4MzfTpeXx4fPm3YGQRGeG9K,0.36,273,752,7859.66,0.068,39.64,484.0,"axiom,smart_degen",
2026-08-19,CsVEUkx3ZF3K5SLqB5XEUW4QBFB7TPuUNDqbvjfchCN7,0.557,12,1255,2977.21,0.014,12.8,229.0,"axiom,smart_degen",
2026-08-19,6QAqPr36syxZ8WGDofU5pQ8kRaMM2ZQ94GVvQa8hjFu7,0.341,108,1666,24004.46,0.088,79.04,271.0,"axiom,smart_degen",
2026-08-19,5KWE4mhhfe8yQyXEydDZoDFdz9VJhteHB36d9RfTrJEJ,0.436,12,8574,8967.9,0.019,7.52,28.0,"axiom,smart_degen",
2026-08-19,CEUA7zVoDRqRYoeHTP58UHU6TR8yvtVbeLrX1dppqoXJ,0.381,4782,2401,189631.13,0.232,489.82,541.0,"axiom,gmgn,smart_degen,top_followed,top_renamed",tdmilky
2026-08-19,8Y4miw44E85BumFVa2ubDUqxofYMmrUP8aGdzw8dWrfg,0.384,4,102,2843.84,0.275,32.17,9.0,"axiom,smart_degen",
2026-08-19,AyeP7bX5GVoNtnjMAgLgfNxU1nGRvchd68m8EHoeCTdz,0.352,9,454,8141.92,0.209,91.64,12.0,"axiom,smart_degen",
2026-08-19,D8wWPfAW49p8E2X3wcUFFkQK39M5Fd5td2HUcyPBALBT,0.367,4,446,6859.58,0.182,73.89,12.0,"axiom,smart_degen",
2026-08-19,7i3B16fEFMaNR6JDzJ3Cccopx1PRpvxjRK8RCgGbeUp1,0.446,6,190,5627.09,0.286,62.29,9.0,"axiom,smart_degen",
2026-08-19,69ow9CWxoBtuN2aJXk5mnWCAJpyNy6EkKdTzTGCp68Gy,0.405,13,391,2253.62,0.072,0.14,50.0,"padre,smart_degen",
2026-08-19,HM7uWQup3QtgE95G9BnA8BYEDQumB5keiFHW5LwFngbS,0.567,88,637,6929.11,0.115,62.29,417.0,"axiom,padre,smart_degen",
2026-08-19,B7cRRKmjDt5KkFKfhD3NicgwywvkicgHvqVySU4LN4od,0.267,77,3809,29880.34,0.046,26.73,84.0,"axiom,fomo,gmgn,smart_degen",
2026-08-19,CkakfbMYpsXd7FRNtz9mZqik1dWjk9EmmxuVhUTQcmq8,0.517,118,1606,7061.45,0.036,6.79,242.0,"axiom,smart_degen",
2026-08-19,99oJjUUjXMuE8yPAuaXsJumDKPsts2TE6CYPZV5tj1es,0.432,12,1610,763.72,0.011,59.83,212.0,"axiom,smart_degen",
2026-08-19,8fMq3Kz6CnayEJaZ7SfFnX1KPCpNjCSdoa8F2kMzewjd,0.33,17,2783,-3383.78,-0.032,6.87,117.0,"axiom,smart_degen",
2026-08-19,5h857RqmgcSjf2yz6E9Jh2zga5RaYTKzm1yK4uSnKD7n,0.498,24,2034,7258.99,0.026,38.82,30.0,"axiom,smart_degen",
2026-08-19,4S4Z2AJcgshWiWnWhaiTP5GpKgJWsRKpr2T7bbdqm4vf,0.538,18,223,2256.7,0.078,24.81,326.0,smart_degen,
2026-08-19,FUNhUczy83J4ATYcstKkta9EZ5FeZfhr4kEDN4PQZdgK,0.451,158,529,5581.23,0.13,30.84,559.0,"axiom,gmgn,photon,smart_degen",
2026-08-19,3q4rTRiYbLQsVcV5aRPHZ4B6y4p5Fvpp6Vwnpg7R8MLg,0.423,152,515,5885.18,0.149,31.01,626.0,"axiom,gmgn,photon,smart_degen",
2026-08-19,8387X1fnpvpHqZWhBKUQjkGRmKj2ah2XqXkB1eFXE3PP,0.446,301,524,6373.55,0.152,31.54,524.0,"axiom,gmgn,photon,smart_degen",
2026-08-19,Eu1KU118rGQEAMnV5uXojfdx6nhozSgNr4Fhxi2suxHB,0.501,17,7435,2197.75,0.004,30.87,57.0,smart_degen,
2026-08-19,BCagckXeMChUKrHEd6fKFA1uiWDtcmCXMsqaheLiUPJd,0.348,30383,19421,29224.24,0.069,414.32,113.0,"axiom,bullx,gmgn,top_followed,top_renamed,wash_trader",vibed333
2026-08-19,EXxKLBP8v5NkHZ5NMKyVDAhX65EPNS2guZhXKr9krQc8,0.527,5,510,3163.33,0.128,4.42,142.0,"axiom,smart_degen",
2026-08-19,6ww5Lc3uqJ5Wc8s4xSQ55YyoxHZjN6j8LbQzktLW1dkJ,0.514,264,958,33025.06,0.234,360.47,113.0,"axiom,smart_degen",
2026-08-19,FhtZnHAmc2X3cTGNDQ6f3iM13Rp3BfzhPSyGaBD8fxck,0.433,155,8434,9707.38,0.033,17.76,213.0,"axiom,launchpad_smart,padre,smart_degen",
2026-08-19,3ArHvdGs1v9gdwNEMRJihHfRUnwfFkYjtzcdSBD3cDdJ,0.433,112,8797,10049.03,0.032,10.49,203.0,"axiom,gmgn,launchpad_smart,padre,smart_degen,trojan",
2026-08-19,5kidNviTucvoHuFGuPQUikWokMxsLZMncGrS5gK9Cujs,0.313,123,3917,21820.24,0.069,8.87,104.0,"axiom,smart_degen",
2026-08-19,2AwjJTdTWCu6QjyZKvF6oVEd9TkQP1WYvVswFvDEySxn,0.32,94,3920,18458.82,0.059,8.29,109.0,"axiom,smart_degen",
2026-08-19,5yzVtM9eYzgRwQ3HkaJXpGqduhBv9c9VEq8JyUEDxjDh,0.391,61,744,5014.61,0.061,7.0,483.0,"axiom,smart_degen",
2026-08-19,6L5LgE8kRQnoYxHpmuC5LV5aFR4dovq8gHU4szXioP8A,0.367,40,1441,3563.15,0.071,17.5,160.0,"axiom,smart_degen",
2026-08-19,CNQHDwLNz7JeM8iSKkHFFZJ9xNt4cwEVhEsgQS1KdGn8,0.701,77,830,5393.78,0.053,35.42,297.0,"arbitrager,gmgn,photon,smart_degen",
2026-08-19,59gYCXQDPET2vqM2gbmnGaBheLPjid2jLRETNARf6PAM,0.356,310,341,7509.87,0.15,3.56,537.0,"smart_degen,trojan",
2026-08-19,8n9tnbCAbnqHhotzibKEtzMpv1eeXCy9LyXKboZgUYB1,0.572,10,218,7382.7,0.131,22.72,20.0,smart_degen,
2026-08-19,BnNMkMRhQmAd56KPN9141ULX9HhPmQrkSzYxr8CCPbyX,0.365,31,2980,11996.36,0.042,6.15,74.0,"axiom,smart_degen",
2026-08-19,GHJFdDSYx1kGg7nLTDZ7B468SqHsqySZwHRSxs4DgEVk,0.297,287,4014,14728.24,0.056,41.53,116.0,"axiom,smart_degen",
2026-08-19,PCX1b8exeasEaE8kK5S5XyUC2PXJyqZRCN6pRWxaTdV,0.47,132,653,7682.13,0.071,9.76,132.0,"axiom,gmgn,launchpad_smart,smart_degen",gyunghuii49
2026-08-19,4fNDW8qeWdWQMdtZ6ro8kkK49ZAHtiAtzcJbFvgxNcVZ,0.396,13,2020,6644.16,0.06,18.49,28.0,"axiom,launchpad_smart,smart_degen",
2026-08-20,2AwjJTdTWCu6QjyZKvF6oVEd9TkQP1WYvVswFvDEySxn,0.313,94,4214,17870.09,0.054,15.87,110.0,"axiom,smart_degen",
2026-08-20,5kidNviTucvoHuFGuPQUikWokMxsLZMncGrS5gK9Cujs,0.307,123,4211,21020.34,0.063,14.3,105.0,"axiom,smart_degen",
2026-08-20,VuC4sL7XfogbD1nShM9yuXpVkbpa3im9DnxRJrFpgWE,0.423,0,445,956.85,0.032,7.54,11.0,"axiom,smart_degen",
2026-08-20,5hTX2AF3GDuJAvRGwRHwwDKhF2SERzXdiHSfMqyPGLTE,0.626,12,2432,1958.22,0.016,2.18,16.0,"arbitrager,axiom,smart_degen",
2026-08-20,C9H2tRC9aY7ZNgfYaq9ZCvLcG5RsUXY1A8szpSnrWiAZ,0.392,10,1787,695.92,0.008,0.46,70.0,smart_degen,
2026-08-20,GAds6wM453dNhmFCGLAVzwBWSUPG2rptkkLZ9TBvCcYT,0.331,4,481,9377.53,0.221,104.32,13.0,"axiom,smart_degen",
2026-08-20,4ET2AazzGBwZ5sRsQWoAFRFJPosRN3d4XkutTP3LZBtu,0.501,485,1405,14230.78,0.095,32.25,531.0,"axiom,smart_degen,trojan",
2026-08-20,Dz7ve2Tdzt58SCctoCkNKe4MdT1VZ5vMH3iAhynFxjec,0.515,210,1401,13771.42,0.092,23.55,400.0,"axiom,smart_degen",
2026-08-20,2rQP56mHC2wgM1p8iL5EKXrKt7h49n4CGE16Q3M1763B,0.374,67,619,3702.05,0.057,312.81,105.0,"axiom,smart_degen",
2026-08-20,FB7uZh7qw1mgKFoKPUpUzDttuxodtVNhkutKXxXMQvSp,0.396,23,2151,5289.41,0.022,1.01,15.0,"axiom,smart_degen",
2026-08-20,CC6DfePLea5UBREmGnHVCSjJRy4nEF1xuF6D6MbxdxTf,0.38,93,2936,3715.12,0.045,2.67,21.0,"gmgn,smart_degen",DanWillDoIt_
2026-08-20,CGrNHsrKMakWoAXEMLzGyPqumtWCDEoSWQvZ2RVQ3ucr,0.359,3,432,9111.95,0.238,114.24,13.0,"axiom,smart_degen",
2026-08-20,6QAqPr36syxZ8WGDofU5pQ8kRaMM2ZQ94GVvQa8hjFu7,0.335,108,1733,22815.14,0.082,35.69,272.0,"axiom,smart_degen",
2026-08-20,5gMno8MC7dj7HKmd4TL8C8eqP1ude5XTiUe5381dv5Y2,0.338,119,4609,8781.77,0.05,13.67,212.0,"axiom,padre,smart_degen",
2026-08-20,EaTD4uSSRvG7qPr8afLaKVzG4aNXRfR1qRu77nprzJ38,0.397,1,2601,1719.45,0.029,12.67,114.0,"axiom,smart_degen",
2026-08-20,8ive4AXDBHoTj2QdfYCTRU2Y9CJpsPgHctTqTxwvQpfE,0.368,17,526,1718.51,0.062,2.39,14.0,"smart_degen,trojan",
2026-08-20,D8wWPfAW49p8E2X3wcUFFkQK39M5Fd5td2HUcyPBALBT,0.369,8,461,10164.41,0.236,106.96,13.0,"axiom,smart_degen",
2026-08-20,8Z7VUHNfLY2XfqzhqcQ5kSk4rT4NGSAQjffBAWh3333j,0.364,1,265,1001.61,0.059,6.52,11.0,"axiom,launchpad_smart,smart_degen",
2026-08-20,7WpEMRyV2Drs7FRNeD9XpdT3nCpqyqj2QYyVSJ4XKYnn,0.532,600,1986,45325.8,0.323,211.54,254.0,"axiom,smart_degen",
2026-08-20,FSonjuxwRm4Je4y3ZDz2HjNtonFtgZJzGaUigurovFDu,0.538,621,2035,49580.13,0.29,209.1,254.0,"axiom,smart_degen",
2026-08-20,2UoZHvfBUB2UjiDcnfhczrukqrfBWTu5JeTqLaAHSzVo,0.49,936,2065,51444.31,0.306,253.9,489.0,"axiom,smart_degen",
2026-08-20,EUxq6M9oLALxsGKpcdTiGAjy5s2Xzd4dqWjHcBcX1jtC,0.6,18,552,3175.16,0.158,28.75,25.0,"axiom,smart_degen",
2026-08-20,S6HudgtUvaNj8p8ifJUwesVpY4f9Lt5BDXZ5a3mt5yq,0.622,8,550,3316.22,0.164,30.56,25.0,"axiom,smart_degen",
2026-08-20,AyeP7bX5GVoNtnjMAgLgfNxU1nGRvchd68m8EHoeCTdz,0.357,12,468,11655.71,0.289,130.15,13.0,"axiom,smart_degen",
2026-08-20,8n79PwcyrybEECM3ghGetPnm6Y2SRBVzJNd536Z1C1PU,0.602,59,1292,15663.55,0.078,72.69,78.0,"axiom,smart_degen",
2026-08-20,8erdVo3qe1U8bEqYMcP5irLgDNp443Gu1FcyaTAJKDpC,0.412,25,1012,1264.18,0.016,6.53,273.0,"axiom,launchpad_smart,smart_degen",
2026-08-20,3S6MGQMjytdoNiaXudt2xMJEdtVg9vV8GELXFfwKt4nk,0.433,86,1089,2076.74,0.025,21.82,143.0,"axiom,launchpad_smart,smart_degen",
2026-08-20,HV56TXHsEzNd1bpia84zGkrhvSVuBayG5vh9KjneoYMf,0.604,215,3787,5571.58,0.014,67.59,642.0,"axiom,bullx,gmgn,smart_degen",
2026-08-20,8Y4miw44E85BumFVa2ubDUqxofYMmrUP8aGdzw8dWrfg,0.384,8,116,7514.94,0.646,83.36,10.0,"axiom,smart_degen",
2026-08-20,4meALVrGXB7P32TXCZuK5Y5bvE2Y8sx55TEVZRMsbZZ2,0.329,269,4353,8140.82,0.059,64.88,486.0,"axiom,gmgn,padre,smart_degen",
2026-08-20,6RGDFBUkXkAEDuWSARb7ysq1W7hfyhUqxtTT5aFrANJP,0.323,24,4135,9138.25,0.069,47.36,82.0,"axiom,gmgn,smart_degen",
2026-08-20,BCagckXeMChUKrHEd6fKFA1uiWDtcmCXMsqaheLiUPJd,0.344,30490,20672,36237.37,0.08,493.86,114.0,"axiom,bullx,gmgn,top_followed,top_renamed,wash_trader",vibed333
2026-08-20,FQTm2LutmRp4yWKpfFic1Xxgz4oEtYrFsed5xu2TR6Ji,0.359,126,5517,27695.17,0.049,20.35,27.0,"axiom,smart_degen",
2026-08-20,82TXKkp8Y4TxNjZQnYDrcUCwviKZ6XfyYeGUmge6Y57Q,0.363,248,5042,25363.59,0.053,24.43,40.0,"axiom,launchpad_smart,smart_degen",
2026-08-20,GntwJ8SEg7RXZS5QDZsb3gzeDEtq9DfApgqhpetSJePK,0.374,83,4945,22757.05,0.048,20.34,26.0,"axiom,smart_degen",
2026-08-20,Aemby6yXpjA8CzFoq7cDbgPah5iuTgdnmLt8rFHBTUi8,0.399,2150,2415,53345.32,0.157,669.39,493.0,"axiom,smart_degen",
2026-08-20,Cvnk6o8QEBceac3ARf5Wdjj6n9RDuZ1bCDx7gRC4hHWt,0.39,688,2395,52964.12,0.16,661.02,282.0,"axiom,smart_degen",
2026-08-20,Eu1KU118rGQEAMnV5uXojfdx6nhozSgNr4Fhxi2suxHB,0.496,21,7258,1871.99,0.004,28.75,58.0,smart_degen,
2026-08-20,2hMU1izheK73QK3hj9mMwwboL8QWSWQ3mHEAB6J4czq6,0.504,34,200,9357.06,0.335,2.53,19.0,"axiom,padre,smart_degen",
2026-08-20,6ww5Lc3uqJ5Wc8s4xSQ55YyoxHZjN6j8LbQzktLW1dkJ,0.516,267,1029,32081.8,0.217,364.32,114.0,"axiom,smart_degen",
2026-08-20,HSsJjkHrxezZ1SdhgdivhDGXbxANicWbKvKsVtrMrJvG,0.649,340,1891,19262.82,0.051,49.89,283.0,"axiom,padre,smart_degen",
2026-08-20,A2XqEiR18CMSk5CQwt6gsKwCnw1Xduyn4BDLnRmWZ18s,0.404,317,1125,44700.2,0.25,280.22,49.0,"axiom,smart_degen",
2026-08-20,BeEN5iWBiEfJsNthuQnQKkKVWg9YkygcQHebNGoVUzik,0.395,117,1140,62397.35,0.353,369.84,105.0,"axiom,smart_degen",
2026-08-20,CTfmUVKVRrVLMBssybWstPsVKdDVrwUB1nX7CrmGDh1G,0.52,30,6387,3333.08,0.01,32.26,31.0,smart_degen,
2026-08-20,57zrhFX9ab4hG86GRZzvrPmWtBFyY55Mg8ke8bALUfwR,0.384,5,187,9555.55,0.283,116.18,6.0,"axiom,fresh_wallet,smart_degen",
2026-08-20,2nhqxaPjXQM7jmGP4pk4D5gXdmPtAbZGnNBGDcyqHS73,0.591,132,3009,15816.87,0.027,86.62,290.0,"axiom,smart_degen",
2026-08-20,31iRQFxAApGY6LAXm16QDXmPFHSeY2mP4dW96P22iTBV,0.294,405,4224,22148.71,0.065,0.08,105.0,"axiom,smart_degen",
2026-08-20,BSyDRNRAaUhPzU7iBd2SRSnQzn5Ldegr3YyjQfaZRTv9,0.288,57,1546,19817.75,0.078,4.85,13.0,"photon,smart_degen",
2026-08-20,qmEe3k2tFjPrzF6HYbernwhqEcttEPE8wxiNbtEeoA7,0.354,26,3819,12550.57,0.023,74.8,12.0,"axiom,smart_degen",
2026-08-21,DjQouqTgRBYwwa2eafiQcyeckVU1JcH8qPZYd714HGo,0.494,43,1209,380.44,0.004,12.86,116.0,"axiom,padre,smart_degen",
2026-08-21,8CLkTAHZt1joF4Swh7YKjGAA8qge1T1SZdoWJJsoGgys,0.33,1108,1671,2093.83,0.009,15.68,115.0,"axiom,padre,smart_degen",
2026-08-21,FUNhUczy83J4ATYcstKkta9EZ5FeZfhr4kEDN4PQZdgK,0.449,161,663,8873.64,0.15,43.28,561.0,"axiom,gmgn,photon,smart_degen",
2026-08-21,CYszY58rQazq4FXw4aKBEuFDWRD4B9G6vuRnN74LV8mw,0.473,19,475,8280.33,0.295,44.93,479.0,"axiom,gmgn,smart_degen",
2026-08-21,7fnWQR7LzSs8fGTb9XtdJAkDNTru4MmYvsuxzEmeUt89,0.468,32,441,7011.68,0.274,45.68,553.0,"axiom,photon,smart_degen",
2026-08-21,3q4rTRiYbLQsVcV5aRPHZ4B6y4p5Fvpp6Vwnpg7R8MLg,0.446,156,649,9215.83,0.164,47.85,628.0,"axiom,gmgn,photon,smart_degen",
2026-08-21,8387X1fnpvpHqZWhBKUQjkGRmKj2ah2XqXkB1eFXE3PP,0.449,306,658,9704.04,0.167,43.83,526.0,"axiom,gmgn,photon,smart_degen",
2026-08-21,5R7fQjhed9DDcP6iiV68mjWp7pGPfxfaLtUZKpc7ae2G,0.389,15,6613,2002.34,0.009,0.21,116.0,smart_degen,
2026-08-21,BoQUamXZTFNAGkdzG6RUFdRRdPwREpDoWLsAuQuJmM5Z,0.363,2,320,1643.41,0.05,29.18,9.0,"gmgn,smart_degen",
2026-08-21,8BJfDRcyWh3VtarAe3uAEwyMU7SqgUL2mUoSp22ztk1p,0.354,25,2655,6922.12,0.062,6.88,24.0,"axiom,smart_degen",
2026-08-21,6qudAN2kV8mtCcYJxb5QQ6Vr15itdHHdeVbYm99NKMhy,0.838,2145,1043,83802.03,0.316,18.89,636.0,smart_degen,
2026-08-21,CC6DfePLea5UBREmGnHVCSjJRy4nEF1xuF6D6MbxdxTf,0.376,98,3122,3385.57,0.039,0.51,22.0,"gmgn,smart_degen",DanWillDoIt_
2026-08-21,BDisoFUnGZZPYSCRLNWoDjNZ97rgZStrZJt4HRg9aVLw,0.615,3,65,3774.29,0.181,36.92,36.0,"arbitrager,axiom,smart_degen",
2026-08-21,FRnCwxrExtHV3Q8dgNq9mm4Eb6S3aQZZiNQ8BBHBhMye,0.366,20,135,6089.23,0.186,27.49,18.0,"photon,smart_degen",
2026-08-21,BnNMkMRhQmAd56KPN9141ULX9HhPmQrkSzYxr8CCPbyX,0.357,32,3278,10621.06,0.033,1.33,76.0,"axiom,smart_degen",
2026-08-21,A2XqEiR18CMSk5CQwt6gsKwCnw1Xduyn4BDLnRmWZ18s,0.415,334,1212,46833.84,0.24,313.2,50.0,"axiom,smart_degen",
2026-08-21,EtyHwLDfAi9E24Qw41xFUW8WtQ3NxajxJA2yaaUASR5a,0.355,66,873,6918.69,0.075,78.6,14.0,"padre,smart_degen",
2026-08-21,AzWnNS9isJR9HZ6WAEAUwqVMu5SAwHsPNmrmEVCroyMS,0.506,370,6021,37091.21,0.019,41.3,115.0,"axiom,gmgn,smart_degen",
2026-08-21,Aemby6yXpjA8CzFoq7cDbgPah5iuTgdnmLt8rFHBTUi8,0.402,2163,2489,63033.37,0.179,798.7,494.0,"axiom,smart_degen",
2026-08-21,Cvnk6o8QEBceac3ARf5Wdjj6n9RDuZ1bCDx7gRC4hHWt,0.388,707,2470,50512.67,0.148,661.66,283.0,"axiom,smart_degen",
2026-08-21,Eu1KU118rGQEAMnV5uXojfdx6nhozSgNr4Fhxi2suxHB,0.491,21,7156,1603.54,0.003,26.68,59.0,smart_degen,
2026-08-21,4pk3EMPrhwUsQeU9T2AXY1oYSFW6FmKLcHBcqiLtGdsV,0.546,11,354,12573.52,0.261,78.48,40.0,"axiom,smart_degen",
2026-08-21,GXmVaGW4QugXm4j2pKrfztfwW3LCPJZz3snkYAeVN8T,0.543,16,309,8645.14,0.261,138.19,143.0,"axiom,smart_degen",
2026-08-21,AFaQFh2DLCi4QuJECiCf9sSwgwYSXQZQ2bY62nMCKM7k,0.574,33,557,306.49,0.004,6.77,43.0,"axiom,smart_degen",
2026-08-21,8n9tnbCAbnqHhotzibKEtzMpv1eeXCy9LyXKboZgUYB1,0.572,11,236,7699.81,0.127,7.41,22.0,smart_degen,
2026-08-21,G6fUXjMKPJzCY1rveAE6Qm7wy5U3vZgKDJmN1VPAdiZC,0.579,19876,867,103840.94,0.329,653.92,490.0,"axiom,smart_degen,top_followed,top_renamed,wash_trader",clukzSOL
2026-08-21,EaTD4uSSRvG7qPr8afLaKVzG4aNXRfR1qRu77nprzJ38,0.396,0,2822,2476.3,0.032,15.54,115.0,"axiom,smart_degen",
2026-08-21,BeEN5iWBiEfJsNthuQnQKkKVWg9YkygcQHebNGoVUzik,0.402,130,1201,63725.93,0.337,379.48,106.0,"axiom,smart_degen",
2026-08-21,A2ZcLjEBzUW3HLFEreKGvsQebv18JFnwgjAg8GLRMqoM,0.573,5,1179,3366.28,0.04,44.21,46.0,smart_degen,
2026-08-21,HSsJjkHrxezZ1SdhgdivhDGXbxANicWbKvKsVtrMrJvG,0.638,344,1975,17224.28,0.042,32.45,284.0,"axiom,padre,smart_degen",
2026-08-21,9NXNywh7n8d8ihgUY2FcJn9hEPwXkYCdLyBdbFiDm4rs,0.605,20,3145,2276.59,0.023,16.4,48.0,smart_degen,
2026-08-21,2mLUuydARXdfDZnvbZUiHAmKYkqFnwovxePGci661tuu,0.527,24,3133,2022.48,0.011,7.66,394.0,"axiom,padre,smart_degen",
2026-08-21,AYHoGxsLVQaJobtGGxa8sRYQtfnj79t8eB6XdLRr6CFG,0.381,409,5225,4524.04,0.019,6.73,118.0,"gmgn,smart_degen",kingofgoldendog
2026-08-21,9haKJiniE7HR5im7b9a74VUGD7vHDu6waBwAdQegwqQm,0.616,65,2074,12099.18,0.02,0.65,60.0,smart_degen,
2026-08-21,2UwD3WCCndHxCRekDQgvZbM1H2M7qVuxLGKaWXqg8cVK,0.606,226,468,59657.2,0.134,109.69,12.0,"axiom,smart_degen",
2026-08-21,B7cRRKmjDt5KkFKfhD3NicgwywvkicgHvqVySU4LN4od,0.253,79,3896,25826.78,0.054,21.85,86.0,"axiom,fomo,gmgn,smart_degen",
2026-08-21,HYEpFmQMvqqkeKo5AzuYBwMpaNXixExn2qqeWX9rFQ9n,0.287,4,473,930.32,0.033,33.72,9.0,"axiom,smart_degen",
2026-08-21,4A2GsbyNfQdqvf1Upz8GTXf6f3j5tcx8qko5yMbiFD8D,0.424,14,348,4435.27,0.092,1.11,111.0,smart_degen,
2026-08-21,DQRdz8PHA2K4HoyagjQKvwvZwc9gwZ8km7oirZj14Foh,0.483,1,224,2116.05,0.129,33.79,115.0,"padre,smart_degen",
2026-08-21,5TSJhQpL9wLoyYqmwRmTJBkjvXVipPtAnj9UigYm9kqD,0.273,49,3271,10502.39,0.043,0.04,27.0,"axiom,smart_degen",
2026-08-21,6TaDN51sj11VkX23eWeLGqZShJwEXLzMnc3eQi5KreUo,0.464,16,2079,13633.27,0.034,36.46,27.0,"axiom,smart_degen",
2026-08-21,4UnMVYDEu6RfXPaGiH35Siod9vPAfGHoy3T2V3Rcq68e,0.719,44,1637,8504.12,0.049,33.59,51.0,smart_degen,
2026-08-21,7dt9V3DfKkhzmk8eyCyBFFjaAo2oRpR9w13JLAAs7j5u,0.674,249,7267,5003.59,0.306,3.54,115.0,"bluechip_owner,smart_degen",
2026-08-22,s1unJYwKJXSu2UHsVY7uESvDTddyorPYrGnmEAEumbR,0.642,81,5372,7179.28,0.012,0.56,46.0,"axiom,smart_degen",
2026-08-22,8wd3gbiuwTJf7HW1MkqqSy5vBNGbcirhWhKTCLKR9xwT,0.583,4,2827,3094.08,0.041,6.85,530.0,"gmgn,smart_degen",
2026-08-22,FjE5mmR3B45T49LsJx75cMPkW6TGnRMHbhucWT9wQpee,0.701,4,1346,3677.23,0.021,0.13,4.0,"fresh_wallet,smart_degen",
2026-08-22,8y4aYZiaRisoHHgwH1cTiFnswuWPQoHHH9FKgYDnruoc,0.506,49,1873,9584.07,0.032,99.93,116.0,"axiom,smart_degen",
2026-08-22,74ra1n7Xr2FXHX7R2yUu3fY1RCcW6MAnephkvKVHNwbJ,0.463,25,1356,3459.12,0.028,17.95,47.0,"axiom,smart_degen",
2026-08-22,H9TMtTxBL84rqpX8uqC3TpTgM9BmE3bJDPzStFk8U1Th,0.562,416,2850,25700.12,0.065,70.93,147.0,"axiom,smart_degen,trojan",
2026-08-22,8n79PwcyrybEECM3ghGetPnm6Y2SRBVzJNd536Z1C1PU,0.598,68,1459,17330.99,0.072,80.96,80.0,"axiom,smart_degen",
2026-08-22,EyVaGh2eyp6zFPWLAiXx8wzEjn98VktPaANra78vkAKm,0.307,37,1657,24458.43,0.126,183.89,23.0,"axiom,smart_degen",
2026-08-22,5ZJYjAUVMLAJGccsEMV5SNjgnBHduumHyMjjHUtSubkG,0.3,38,1657,25105.2,0.129,190.77,24.0,"axiom,smart_degen",
2026-08-22,BzbB5iqJwWhCgkJdJGg2Z1jsF6Lk2K9AWF16vVwBUs5d,0.411,106,82,4187.67,0.111,138.03,203.0,"axiom,smart_degen",
2026-08-22,5t4Tz7qewAHSpDC1YADAmogtiE3Cwud4juNjjVXaDs1p,0.614,159,616,63077.97,0.149,118.35,13.0,"axiom,smart_degen",
2026-08-22,29ksDUQtXCVTXz6PCBSg9UrLxBYbFFqSv5aQDQGYYm4f,0.463,0,564,1459.72,0.02,8.87,26.0,"gmgn,padre,smart_degen",
2026-08-22,3XN7M6L5ftDqVpwKzbqoufACNMAb7EEWXWX9asGV5EgL,0.58,18,257,2461.97,0.079,30.5,121.0,"axiom,smart_degen",
2026-08-22,56QQtw16r5ermR5ViuEY7w8Cxu33SLjsQm5DiNw8cVVR,0.588,20,292,2782.9,0.079,32.27,121.0,"axiom,smart_degen",
2026-08-22,2nhqxaPjXQM7jmGP4pk4D5gXdmPtAbZGnNBGDcyqHS73,0.58,138,2970,15195.06,0.025,57.25,292.0,"axiom,smart_degen",
2026-08-22,2XPbBjssFi5iquipWUHyGaC3NqVc5UocskEocZYK92ES,0.54,8,608,3834.07,0.039,16.53,17.0,"photon,smart_degen",
2026-08-22,AqSTgWq3tCKRuJCRN3ssVn8cFuQNASVxvpBwaLVmfKgP,0.446,159,1907,7066.03,0.044,43.82,116.0,"axiom,gmgn,padre,smart_degen",
2026-08-22,CUfoR95TXuDybVTfrobBz1bVH4QpdUp7MvFaEkxe9y2U,0.611,4,3179,3013.15,0.03,20.8,49.0,smart_degen,
2026-08-22,DPGcsm6NwPMFK6VLaYcoTEWpCnEZrekiFn4LoRHf67Qo,0.347,89,368,794.79,0.029,0.06,263.0,"axiom,bullx,smart_degen,trojan",
2026-08-22,8suroSY8MqfxzhuohVqTUAfA8KpQCbYThs1UuiUHg8Jt,0.347,139,149,8504.88,0.83,40.44,101.0,"axiom,smart_degen",
2026-08-22,C9H2tRC9aY7ZNgfYaq9ZCvLcG5RsUXY1A8szpSnrWiAZ,0.396,10,1834,665.84,0.008,0.95,72.0,smart_degen,
2026-08-22,CTfmUVKVRrVLMBssybWstPsVKdDVrwUB1nX7CrmGDh1G,0.516,31,4945,2148.6,0.008,36.0,33.0,smart_degen,
2026-08-22,7q15WZ4iSUDvqfs5Kdh9bfptkQhs6qKUyCUq6GY6PGxg,0.678,515,4252,7722.05,0.014,2.46,660.0,"arbitrager,axiom,smart_degen",
2026-08-22,GNoRVtc34FsAsjWLTNxvoRWHH8CnjdQkddgUvj8LJ3vu,0.609,7,3705,3272.28,0.009,3.55,23.0,smart_degen,
2026-08-22,9onwB5w4Rzug88e3msoeiuVP9KwZnBCL3hcNC69nbLWU,0.282,22,1951,2300.91,0.037,1.11,144.0,smart_degen,
2026-08-22,HMjGLYBPbMmb8Fe4V95JWLn7ozXwLprXvSYeGwdNV295,0.651,53,6814,6262.17,0.009,6.17,24.0,smart_degen,
2026-08-22,HxEY1ULfsK9eWKvsFYWPdkxuWUAeSPsXPNPrvSGxFw7c,0.426,53,2929,12196.77,0.149,5.67,52.0,"gmgn,smart_degen",
2026-08-22,3zsrxxcvJxif7eC4nRuRLg5qufxumZo4b2HNwETvuM5B,0.438,224,3096,14166.42,0.154,6.5,151.0,"gmgn,smart_degen",
2026-08-22,2xxaEn5sHX19G3V1bcTHSFDJtk9YbMiEkJWkqmZJBVBz,0.452,117,4965,7248.81,0.022,10.17,117.0,"axiom,launchpad_smart,smart_degen",
2026-08-22,57hdTgdcVDyYrZJ3ieeBRn4CDiLWVvBrgjsuDa3gSfzD,0.477,178,2448,12187.59,0.16,6.44,150.0,"gmgn,smart_degen",
2026-08-22,FuqGF5LnmKdooMtKyrSqWRwBAho8JzncL1qRLQMPyDZJ,0.458,66,2398,11903.15,0.159,5.06,53.0,"gmgn,smart_degen",
2026-08-22,yVrqX84dNn9pWP3Y2gBzqkCqHLfw7zsukSqjZTDoQ2C,0.599,51,2085,4900.32,0.035,2.83,50.0,"gmgn,smart_degen",
2026-08-22,8zZxwiXtKtceBc8sgUefaBmGsPpMLH8Mv8LyEJ1AzxHa,0.673,16,409,1887.94,0.026,19.25,207.0,"axiom,gmgn,padre,smart_degen",
2026-08-22,8X5pJ2J34ShQDZ1MYMEuKg7UpqFgbsymENB2sbxQMDsE,0.561,87,555,17031.67,0.066,35.05,14.0,"axiom,smart_degen",
2026-08-22,nogZ6727iZNKkbtjfP7rRe4ywAqDmgZGBgiXfxFgmNz,0.479,44,1750,17784.1,0.029,4.14,30.0,smart_degen,
2026-08-22,AYHoGxsLVQaJobtGGxa8sRYQtfnj79t8eB6XdLRr6CFG,0.381,411,5372,4393.13,0.018,8.35,119.0,"gmgn,smart_degen",kingofgoldendog
2026-08-22,5smDvp8Ywj5S19MDKbcPmBT3WMw8cf5c6JmkCkThmBCL,0.329,19,735,1446.61,0.036,7.24,52.0,"axiom,gmgn,smart_degen",
2026-08-22,9kXD8iMVpTy44kqBBzMKHuQ66VFdkf21xZNJGYLkq4FV,0.348,48,1823,14755.55,0.07,107.12,139.0,"axiom,launchpad_smart,smart_degen",
2026-08-22,B1zkhdN6aU1aQAHqktevuWBXU7RhnJgmwFDyhCtgNPX5,0.351,46,1825,14158.44,0.067,100.53,135.0,"axiom,smart_degen",
2026-08-22,BunJmeKJBjZ3Wv7RaiwnEGf4SVRichiDP8Z58rDABEFL,0.349,29,2611,22107.12,0.139,79.85,30.0,"arbitrager,axiom,smart_degen",
2026-08-22,9haKJiniE7HR5im7b9a74VUGD7vHDu6waBwAdQegwqQm,0.616,65,2053,12579.78,0.02,0.55,61.0,smart_degen,
2026-08-22,GzTCMTgP18fnyyabHgSgeiGEufJ1zBFGZSw7Tmm5S7u1,0.34,5,530,2222.44,0.037,3.49,15.0,"axiom,smart_degen",
2026-08-23,EhUfCAVat1hYXA9uttauqaC2BTqMrv6NM2KtRMaUSSuy,0.454,67,851,4511.36,0.027,1.01,118.0,smart_degen,
2026-08-23,B9kJYdzb4gB9AC3aFChReDhJ2D5YDCaR4UrEoen2NcyC,0.546,1390,2610,100361.61,0.109,79.61,483.0,"axiom,gmgn,padre,smart_degen",kyro10k
2026-08-23,9s6e4f2eYni3hURKfDkqfbPRCJwiXCGsSrjfoUiB9VoS,0.516,23,307,24637.54,0.518,233.02,51.0,"axiom,smart_degen",
2026-08-23,GijFWw4oNyh9ko3FaZforNsi3jk6wDovARpkKahPD4o5,0.441,13139,8089,361251.71,0.324,3563.88,614.0,"axiom,gmgn,padre,photon,smart_degen,top_followed,top_renamed",
2026-08-23,GHJFdDSYx1kGg7nLTDZ7B468SqHsqySZwHRSxs4DgEVk,0.297,311,4644,23118.04,0.073,13.48,120.0,"axiom,smart_degen",
2026-08-23,4U9s6ktkZVD6W9K5X1RRVG89Mm9ZGznrPhhPhXezNedm,0.552,165,1672,15759.78,0.04,6.47,117.0,"axiom,gmgn,smart_degen",
2026-08-23,FixukbsKfJZEr996ubcWvwTAt1b6QJ2SfP3FJsBSbH33,0.514,215,9486,57508.47,0.06,324.33,34.0,smart_degen,
2026-08-23,AzWnNS9isJR9HZ6WAEAUwqVMu5SAwHsPNmrmEVCroyMS,0.506,381,6164,30379.14,0.016,1.01,117.0,"axiom,gmgn,smart_degen",
2026-08-23,CC6DfePLea5UBREmGnHVCSjJRy4nEF1xuF6D6MbxdxTf,0.378,107,3432,3715.82,0.038,13.61,24.0,"gmgn,smart_degen",DanWillDoIt_
2026-08-23,6iAiSUWQy82ccMy8ogQLragVT64TmPqBUadTwWaAnyVw,0.375,30,896,10105.7,0.074,42.57,64.0,"axiom,smart_degen",
2026-08-23,C7bFqgUrJ1EE4fNAmuSeqvU6VnaCEYnPg2agAWUVV2fF,0.342,61,913,-1961.21,-0.013,3.58,86.0,"axiom,smart_degen",
2026-08-23,56QQtw16r5ermR5ViuEY7w8Cxu33SLjsQm5DiNw8cVVR,0.585,20,298,2723.27,0.077,25.69,122.0,"axiom,smart_degen",
2026-08-23,3XN7M6L5ftDqVpwKzbqoufACNMAb7EEWXWX9asGV5EgL,0.569,18,259,2284.24,0.075,23.5,122.0,"axiom,smart_degen",
2026-08-23,4GsrCtUL21Q8tFQk62xBnibxWAGUk3djMGECNSCcgUzv,0.552,35,2934,12047.35,0.048,7.78,35.0,"padre,smart_degen",
2026-08-23,CNQHDwLNz7JeM8iSKkHFFZJ9xNt4cwEVhEsgQS1KdGn8,0.691,88,971,6906.57,0.053,33.23,301.0,"arbitrager,gmgn,photon,smart_degen",
2026-08-23,8KRWdo2LPeP6nYuWsBVGxBxkLYjxZXgtBNo2WDkBrjwf,0.316,18,261,1089.78,0.087,0.19,17.0,"axiom,smart_degen",
2026-08-23,8BQV7zPxZ2x2DURLCo6evU2jrbGA9PXRZRHAhNzM334,0.41,10,618,5720.22,0.174,95.29,21.0,"padre,smart_degen",
2026-08-23,cnvbB5pZKP3UcFoYz2nCD92tztmMXzLtjvZ9zMuqrBD,0.682,11,338,4654.15,0.13,61.12,21.0,"axiom,smart_degen",
2026-08-23,BNvBugdSXgu6mDCQs9pdCRVo2JcjiSrDVVvrdE4moLD9,0.679,8,415,6480.43,0.161,60.29,21.0,"axiom,launchpad_smart,smart_degen",
2026-08-23,8387X1fnpvpHqZWhBKUQjkGRmKj2ah2XqXkB1eFXE3PP,0.457,315,875,12483.28,0.164,31.23,528.0,"axiom,gmgn,photon,smart_degen",
2026-08-23,7fnWQR7LzSs8fGTb9XtdJAkDNTru4MmYvsuxzEmeUt89,0.458,35,659,9610.34,0.221,31.45,555.0,"axiom,photon,smart_degen",
2026-08-23,CYszY58rQazq4FXw4aKBEuFDWRD4B9G6vuRnN74LV8mw,0.47,19,693,10748.24,0.234,30.59,481.0,"axiom,gmgn,smart_degen",
2026-08-23,FUNhUczy83J4ATYcstKkta9EZ5FeZfhr4kEDN4PQZdgK,0.435,170,880,11462.76,0.149,31.17,563.0,"axiom,gmgn,photon,smart_degen",
2026-08-23,3q4rTRiYbLQsVcV5aRPHZ4B6y4p5Fvpp6Vwnpg7R8MLg,0.449,165,866,11549.46,0.156,31.02,630.0,"axiom,gmgn,photon,smart_degen",
2026-08-23,DjQouqTgRBYwwa2eafiQcyeckVU1JcH8qPZYd714HGo,0.489,43,1274,398.08,0.004,4.13,118.0,"axiom,padre,smart_degen",
2026-08-23,2sLdKksrNQPfVd5fbiuYJRL6bzCyLbBqvBLbBYW1hxsv,0.404,17,697,1571.27,0.08,14.24,52.0,"photon,smart_degen",
2026-08-23,1jr7nW5HbUqTQgyNQjDy6Yawpswbn4jp1fYtCxHckUW,0.305,3,596,7508.53,0.189,78.84,23.0,"axiom,launchpad_smart,smart_degen",
2026-08-23,82TXKkp8Y4TxNjZQnYDrcUCwviKZ6XfyYeGUmge6Y57Q,0.361,273,4960,21192.65,0.048,29.72,43.0,"axiom,launchpad_smart,smart_degen",
2026-08-23,GntwJ8SEg7RXZS5QDZsb3gzeDEtq9DfApgqhpetSJePK,0.365,104,5341,17922.53,0.036,26.17,29.0,"axiom,smart_degen",
2026-08-23,CLDQ2aPTpYULUbb3Nb3RqMV5Nus3zzkMBR3wMvvHh3aM,0.553,102,1846,3494.83,0.017,34.32,469.0,smart_degen,
2026-08-23,5zZkyiBuv715oq9S1u4efSkUwQuLh1JJu9yzgGkYgve,0.419,16,240,4332.73,0.156,4.3,39.0,"smart_degen,trojan",
2026-08-23,5hTX2AF3GDuJAvRGwRHwwDKhF2SERzXdiHSfMqyPGLTE,0.605,12,2967,2153.54,0.016,4.7,19.0,"arbitrager,axiom,smart_degen",
2026-08-23,9NXNywh7n8d8ihgUY2FcJn9hEPwXkYCdLyBdbFiDm4rs,0.607,23,3235,2931.56,0.028,18.94,50.0,smart_degen,
2026-08-23,EtyHwLDfAi9E24Qw41xFUW8WtQ3NxajxJA2yaaUASR5a,0.336,86,1132,7804.6,0.056,93.51,16.0,"padre,smart_degen",
2026-08-23,nogZ6727iZNKkbtjfP7rRe4ywAqDmgZGBgiXfxFgmNz,0.479,46,1861,13645.03,0.021,3.51,31.0,smart_degen,
2026-08-23,8ZVN9Puj6UMPESqFxkYs9PJk9Cf9m1FwZDMo1iAeA62R,0.457,32,2439,-1936.49,-0.011,9.96,98.0,"padre,smart_degen",
2026-08-23,GoneDviiDx7cnXg3e72LMJh6a2k3NZPpr3i7eMJoJUTu,0.493,40,1365,16949.79,0.039,3.44,25.0,smart_degen,
2026-08-23,3Ycnj9RqQW3eEhhaxFPzbeDSzpeKRFytT9KHJLtd3RZm,0.519,53,4979,-1458.38,-0.017,4.02,117.0,"axiom,padre,smart_degen",
2026-08-23,2XPbBjssFi5iquipWUHyGaC3NqVc5UocskEocZYK92ES,0.53,11,646,3929.72,0.036,12.4,18.0,"photon,smart_degen",
2026-08-23,8PTuU4EiYJLK8Cf8jEC8A3dc3LQVut5jAJNoLgma9DUH,0.413,82,349,17088.48,0.229,87.18,119.0,"axiom,gmgn,smart_degen",gsxfps
2026-08-23,Bg8S899R2r5g7qy3zdoyFnZqvBCDt338qP8mbGNZXVxB,0.453,268,1745,4377.96,0.012,9.94,255.0,"axiom,padre,smart_degen",
2026-08-24,XdxgCivpbKLaDhYydHNwTZGyY8Kqu5psTug7vpofK2v,0.731,23,1362,5440.01,0.051,2.9,118.0,"axiom,smart_degen",
2026-08-24,4632BMWY69AkVHxN1XLKVuLrednYiLccuMeoXnQBMA7Z,0.453,3223,342,-178.81,-0.028,0.12,541.0,"app_smart_money,padre,pump_smart",
2026-08-24,gtfoTELAeEZHUgHetA6umfsCETiBMzJCN4tB2sqCgFL,0.841,354,121,5789.17,0.02,103.04,59.0,smart_degen,
2026-08-24,9wFxpNE8awZnaYqCUPje3gSMBzijeasATnRCmaMgEvQF,0.545,67,132,7472.44,0.388,40.55,480.0,"padre,smart_degen",
2026-08-24,9shBHjviUuynNdSS7Rks6jzqBYqB4aoGkAVU1gJpBkqt,0.625,17,3308,3970.03,0.037,19.6,50.0,smart_degen,
2026-08-24,AzWnNS9isJR9HZ6WAEAUwqVMu5SAwHsPNmrmEVCroyMS,0.509,382,6312,29580.03,0.015,0.0,118.0,"axiom,gmgn,smart_degen",
2026-08-24,E8VM53Z4VxR8nmzdZRd2jYyMUz7UtuomPX7wpfHDPUcR,0.417,10,561,3785.55,0.105,26.78,47.0,"axiom,smart_degen",
2026-08-24,48kBJyEuxjtVkVxTVJUjbabwknNvgUq9guktSccqfjfw,0.411,10,526,3634.9,0.11,26.89,22.0,"axiom,smart_degen",
2026-08-24,FnT5Ywh8MYxLB6gyA5QwQiz7ZM87HsSWE2QDjKFmkz6W,0.415,4,574,3497.41,0.097,26.41,25.0,"axiom,smart_degen",
2026-08-24,A2ZcLjEBzUW3HLFEreKGvsQebv18JFnwgjAg8GLRMqoM,0.581,8,1539,4209.16,0.034,49.36,49.0,smart_degen,
2026-08-24,4Z71k6f7KgmRZnN5pHjncJhMyNaDTEASxUAymBpiQSqb,0.519,57,2970,6608.63,0.042,88.74,449.0,"axiom,smart_degen",
2026-08-24,J9adj6T7DGY4K9QvkyaXx4zVawvweFPU8zKc4x5jiHjR,0.354,10,2569,2093.72,0.034,16.6,38.0,"gmgn,smart_degen",
2026-08-24,3Ycnj9RqQW3eEhhaxFPzbeDSzpeKRFytT9KHJLtd3RZm,0.512,54,5410,-1465.32,-0.016,3.69,118.0,"axiom,padre,smart_degen",
2026-08-24,HufuiW43p5ekUTCmgiHJMqS6JuHcf9jLE5hqDrvyTKHN,0.445,31,867,5878.88,0.169,9.84,552.0,"gmgn,smart_degen,trojan",0xStevenRe
2026-08-24,6TaDN51sj11VkX23eWeLGqZShJwEXLzMnc3eQi5KreUo,0.455,17,2167,12961.48,0.031,20.2,30.0,"axiom,smart_degen",
2026-08-24,FLiYfD2z5NRpCuBg2hx6zM4UooVtvtD6ssQFUNpuPGEQ,0.767,335,1572,14932.26,0.059,0.68,91.0,smart_degen,
2026-08-24,951wq3qDowjKHaycrNaiRB5WpovYVKXnqhnrcKPh46zt,0.141,20833,1196,25784.45,0.376,10.5,120.0,"arbitrager,axiom,gmgn,padre,smart_degen,top_followed",savemejrus
2026-08-24,8888ngumdcbiq9zrN58sQMt79EKtAsYhvZu6uxHmuziB,0.361,2,1089,8285.48,0.026,59.68,19.0,"axiom,smart_degen",
2026-08-24,2nHsHJpkXmHb43BqSjnQFMbUcU2kWEqFqoXsbe2zv2Wi,0.553,355,2546,26433.95,0.042,103.24,329.0,"axiom,padre,smart_degen",
2026-08-24,9ZUWYrwEEQV5H75sJv38Z9GCrV88SYostWvhunuqDHoo,0.368,56,737,16320.34,0.222,38.84,250.0,"padre,smart_degen",
2026-08-24,4gLZztSiwUnQtbqzc6sJrTjfgA5RCweHgokiLgEWPn3u,0.4,2277,1133,16330.71,0.083,418.89,516.0,"axiom,bullx,gmgn,smart_degen",TurtleTavernTV
2026-08-24,4TS24wgLBMucbZt7zqhM3KakXwdNTT2ECxDXEpsn5AhZ,0.368,4561,1127,17447.66,0.09,428.66,532.0,"axiom,bullx,smart_degen,top_followed,top_renamed",
2026-08-24,FixukbsKfJZEr996ubcWvwTAt1b6QJ2SfP3FJsBSbH33,0.512,221,9852,61173.82,0.061,324.27,35.0,smart_degen,
2026-08-24,4vUSqvRtjGcZXqdJta28XrCdyyLM1CYzQufF2wK5eU2d,0.348,14,284,5083.41,0.059,67.22,178.0,"axiom,smart_degen",
2026-08-24,EKpg2nvp2MTSiwhGmMQTQGJw14rF3cGk8F8iDeGr9rSk,0.267,61,1220,6434.7,0.061,6.39,186.0,"axiom,smart_degen",
2026-08-24,7zkA8e86TNqhSciMcojHTJie6QyASDf3c6tFyHDXBRUr,0.278,13,1206,6322.98,0.062,3.82,42.0,"axiom,smart_degen",
2026-08-24,D2t7gtknqHJk5mC3imgTMTT8jKLovsQnssSQKPwoGQuk,0.561,116,2206,5965.35,0.029,1.42,485.0,"axiom,smart_degen,trojan",
2026-08-24,824x5dyxMXpj6s7duKRijye1f62J1o1zQN63jjvjXv4D,0.636,3,2267,2784.17,0.03,5.72,27.0,smart_degen,
2026-08-24,CWryqL8F79bCUPfRMnFHxXpJEyW5TixWe59hEuFXWYnD,0.348,413,2121,7049.1,0.047,12.17,574.0,"axiom,launchpad_smart,photon,smart_degen",
2026-08-24,nogZ6727iZNKkbtjfP7rRe4ywAqDmgZGBgiXfxFgmNz,0.48,47,1950,20452.35,0.029,4.98,32.0,smart_degen,
2026-08-24,CUfoR95TXuDybVTfrobBz1bVH4QpdUp7MvFaEkxe9y2U,0.605,14,3353,3165.13,0.029,18.85,51.0,smart_degen,
2026-08-24,2ke4vRh79c6JavJwFiYbzQsVhJsLAXuaYeVcyUfpft5V,0.524,357,2613,14321.6,0.049,203.68,118.0,"axiom,smart_degen",
2026-08-24,B7cRRKmjDt5KkFKfhD3NicgwywvkicgHvqVySU4LN4od,0.241,82,3563,22092.31,0.086,12.03,89.0,"axiom,fomo,gmgn,smart_degen",
2026-08-24,29h5q6nafDU8FceWDumfjw8TXNYMXzXT81rP6CCDRNNg,0.429,9,439,3440.94,0.052,61.53,80.0,"axiom,smart_degen",
2026-08-24,4nptUNXrLg2C5h2f4xSwvJLSLpgvc5tNLKkPc5M5eHjf,0.51,14,1181,2647.57,0.016,9.11,44.0,"padre,smart_degen",
2026-08-24,TqYJ5jRUdogByktCjmvh5MojCqrgrDVWvYQQ9ubWXLf,0.594,101,141,12637.23,0.364,81.68,172.0,smart_degen,
2026-08-24,D9UiteKBjbVp8UYGRSKi4fJRsXYp8Csk7zcrnaCvq6LS,0.665,74,2464,32282.16,0.141,243.67,49.0,smart_degen,
2026-08-24,5kidNviTucvoHuFGuPQUikWokMxsLZMncGrS5gK9Cujs,0.307,124,4888,17223.38,0.047,35.68,109.0,"axiom,smart_degen",
2026-08-24,2AwjJTdTWCu6QjyZKvF6oVEd9TkQP1WYvVswFvDEySxn,0.315,95,4888,13977.28,0.038,38.28,114.0,"axiom,smart_degen",
2026-08-24,Aq7R44o751ZQcvtyS5XiDXRcRhhUjJeBMYDAukgGjz6s,0.556,10,160,1998.29,0.085,0.05,,"fresh_wallet,smart_degen",
2026-08-25,PCX1b8exeasEaE8kK5S5XyUC2PXJyqZRCN6pRWxaTdV,0.459,136,745,6299.3,0.048,7.82,138.0,"axiom,gmgn,launchpad_smart,smart_degen",gyunghuii49
2026-08-25,FixukbsKfJZEr996ubcWvwTAt1b6QJ2SfP3FJsBSbH33,0.513,249,10244,64420.3,0.062,324.22,36.0,smart_degen,
2026-08-25,9oYeDHNjuQL2cEGChvHmhzVscJnQhQj8nj3RE8iYoHuA,0.376,53,1649,4124.7,0.032,7.7,183.0,"axiom,launchpad_smart,smart_degen",
2026-08-25,DwQoDxtUKJn9AEcZrAiL6YnqBEXPyrHj7CJYmuenPKpM,0.313,3,690,984.01,0.022,0.04,86.0,"axiom,smart_degen",
2026-08-25,HYEpFmQMvqqkeKo5AzuYBwMpaNXixExn2qqeWX9rFQ9n,0.308,5,629,1904.95,0.05,34.69,13.0,"axiom,smart_degen",
2026-08-25,CbpnbXAD9PUAwVcYjHY96qooq6eNnoLiZzif766gqLPH,0.546,223,1091,775.48,0.002,31.57,474.0,"axiom,gmgn,smart_degen",
2026-08-25,4hNGjerUtpyw6kVyDWJn35jW3dMG11pVSg47JTkyx42q,0.482,2,302,2436.79,0.075,72.45,13.0,"axiom,smart_degen",
2026-08-25,FhxKjqAqTZxvc5APxybAWgLCmFYJRYWmx7zqRoKDiKSN,0.485,3,350,2729.61,0.059,152.27,12.0,"axiom,smart_degen",
2026-08-25,EYLStFNCmXNeMQhrZTsy4jtbqyaqvYjDx8xe5oqGvhAw,0.385,38,1030,6391.96,0.056,3.61,64.0,"smart_degen,trojan",
2026-08-25,CC6DfePLea5UBREmGnHVCSjJRy4nEF1xuF6D6MbxdxTf,0.381,121,4245,5368.98,0.042,24.3,26.0,"gmgn,smart_degen",DanWillDoIt_
2026-08-25,Dam45hxh9KXVn78N5UjukRqABpVUPp3ZcNaQjs6LF7TB,0.305,2,479,1841.27,0.029,1.35,55.0,"axiom,padre,smart_degen",
2026-08-25,57hdTgdcVDyYrZJ3ieeBRn4CDiLWVvBrgjsuDa3gSfzD,0.492,187,2493,13356.97,0.173,4.35,153.0,"gmgn,smart_degen",
2026-08-25,6iAiSUWQy82ccMy8ogQLragVT64TmPqBUadTwWaAnyVw,0.374,36,904,10080.43,0.067,41.86,66.0,"axiom,gmgn,smart_degen",
2026-08-25,3WsKMPi4yfuBmpYr3TaWGRJ8Bf1htFuk37aDE71J2nbT,0.584,24,599,6170.0,0.052,18.72,323.0,"axiom,smart_degen",
2026-08-25,D8kKvpeGujoUifhumESFahjauzyddzYei8TKPNoYPzPa,0.368,65,732,7106.12,0.046,3.9,47.0,smart_degen,
2026-08-25,FuqGF5LnmKdooMtKyrSqWRwBAho8JzncL1qRLQMPyDZJ,0.472,73,2427,13501.18,0.18,1.91,56.0,"gmgn,smart_degen",
2026-08-25,3QELEdPBiyzRVNh2bnKbsnXgKfQdmSjg5pscoRJHDb9k,0.342,628,1063,10390.04,0.048,92.96,445.0,"axiom,smart_degen",
2026-08-25,FG8JjLyvhfuB7eFQPL7Dc4MzfTpeXx4fPm3YGQRGeG9K,0.366,293,808,10181.81,0.075,100.93,490.0,"axiom,smart_degen",
2026-08-25,9NXNywh7n8d8ihgUY2FcJn9hEPwXkYCdLyBdbFiDm4rs,0.616,31,3425,3672.14,0.032,7.38,52.0,smart_degen,
2026-08-25,2KSfPCw4wG9T4ZYPjr6mHCfxqgJm1BRdstaV7Yap9VHe,0.413,0,359,1712.32,0.066,38.26,12.0,"axiom,smart_degen",
2026-08-25,AVuCxUxET1cQBwDMWtuQgNbEj4vN7iycWQuEhQzmaPLm,0.464,3,357,2716.43,0.107,36.85,12.0,"axiom,smart_degen",
2026-08-25,FuasKFTCGY2EodUE7vDXkEf6a8TC3gFjCrW6DyLWyxSw,0.464,31,1243,5470.67,0.069,39.98,121.0,"axiom,smart_degen",
2026-08-25,BzoxfU8yafRQskpBnVwbPdiY3KKabGAZ5GSQEhZ1qQ5i,0.516,39,509,9147.41,0.68,20.82,378.0,"axiom,bullx,gmgn,padre,smart_degen,trojan",
2026-08-25,DtWfHXFuV1oDchgjwXVEHeohnJTXrQdyumTupbSNPjb2,0.361,43,3994,4305.98,0.039,29.33,121.0,"gmgn,smart_degen,trojan",
2026-08-25,J9adj6T7DGY4K9QvkyaXx4zVawvweFPU8zKc4x5jiHjR,0.359,10,2658,2258.66,0.035,14.47,39.0,"gmgn,smart_degen",
2026-08-25,B7cRRKmjDt5KkFKfhD3NicgwywvkicgHvqVySU4LN4od,0.245,82,3562,23530.63,0.091,32.28,90.0,"axiom,fomo,gmgn,smart_degen",
2026-08-25,9rjo7LUz1U75GEvgkeaNkYc8zuSX2wwdJjyCW1BfuZqv,0.531,29,2109,4476.01,0.022,1.72,421.0,"axiom,smart_degen",
2026-08-25,3zsrxxcvJxif7eC4nRuRLg5qufxumZo4b2HNwETvuM5B,0.447,234,3047,15336.03,0.17,4.44,154.0,"gmgn,smart_degen",
2026-08-25,HxEY1ULfsK9eWKvsFYWPdkxuWUAeSPsXPNPrvSGxFw7c,0.438,66,2876,13408.58,0.166,4.4,55.0,"gmgn,smart_degen",
2026-08-25,9onwB5w4Rzug88e3msoeiuVP9KwZnBCL3hcNC69nbLWU,0.278,22,2320,2055.08,0.028,1.4,147.0,smart_degen,
2026-08-25,2pB3ZfVHC5sqA4gEYZreo7ksKB4d753RvmYz3ZTgMhnQ,0.375,15,384,4630.61,0.238,52.02,74.0,"axiom,smart_degen,trojan",
2026-08-25,ARvexYXgMKecVq9gcWztxqtnASpBHApXn26sCryngwxa,0.424,12,3926,-8093.19,-0.076,2.33,260.0,"smart_degen,trojan",
2026-08-25,5yzVtM9eYzgRwQ3HkaJXpGqduhBv9c9VEq8JyUEDxjDh,0.346,78,1138,4301.67,0.032,8.93,489.0,"axiom,smart_degen",
2026-08-25,42d9aiR6BeCCy7oE8s4MdGVAHSXPU1riHJidSpuQ8CPm,0.402,11,838,-1834.82,-0.035,5.71,539.0,"smart_degen,trojan",
2026-08-25,CpKsojxKiYHjsnJE5SkMYEEdnZ49pZe7DxjQK7wiboMC,0.398,0,138,2317.4,0.098,10.94,470.0,"axiom,smart_degen",
2026-08-25,AC44afvZ8zpWa3CXBM1iCQEcPVktaPck4qYG8vKfiYi6,0.317,22,859,12206.14,0.101,35.9,22.0,"axiom,padre,smart_degen",
2026-08-25,2nhqxaPjXQM7jmGP4pk4D5gXdmPtAbZGnNBGDcyqHS73,0.573,144,2978,13458.51,0.021,67.31,295.0,"axiom,smart_degen",
2026-08-25,HhzJfEaP1QNNZBLW3PvQ3c62J4Wc5mG3w43LaF2B67Jo,0.392,209,220,7358.65,0.145,67.8,642.0,"axiom,bullx,padre,smart_degen",
2026-08-25,GhjECPNnoVapXBgSzvVuAaAEXqsYajBXQNs3RrTkMAgS,0.37,13,7293,15566.91,0.027,26.5,23.0,"axiom,smart_degen",
2026-08-25,89EChchSRX9GdCTgtpEMPu5BX34RtsoGsXcyeGUBcZxd,0.381,41,515,4707.45,0.059,51.18,195.0,"axiom,smart_degen",
2026-08-25,A8yiUQzGELdiG481AbZoyCGG9QvRPaEmYbnkAmb7Fpc7,0.361,44,1291,-3377.0,-0.03,0.76,119.0,"axiom,smart_degen",
2026-08-25,DaDtxe6jcjeGHDHF6uQMPoaMwT79occaxyivGKosLRNT,0.688,79,2438,9116.09,0.02,14.18,43.0,"axiom,smart_degen",
2026-08-25,HLy9cGzyf3PXh9Ujuoozeb165eJ8qDPAedrR6jZXv5bW,0.384,54,2742,4753.27,0.02,24.98,32.0,"axiom,launchpad_smart,smart_degen,trojan",
2026-08-25,XdxgCivpbKLaDhYydHNwTZGyY8Kqu5psTug7vpofK2v,0.718,23,1412,5274.38,0.047,2.89,119.0,"axiom,smart_degen",
2026-08-25,5R7fQjhed9DDcP6iiV68mjWp7pGPfxfaLtUZKpc7ae2G,0.4,15,6542,2054.1,0.01,0.01,120.0,smart_degen,
2026-08-25,91Tot4afpSsuYQgMRsTms32REKCVZ4GPD35SKoK36Aso,0.551,67,1336,6525.5,0.044,2.24,479.0,"axiom,smart_degen",
2026-08-25,CQjYGzyCxwH7SmjRSpoZ4jWg481LAkuumyWRot9FcGmz,0.519,59,4507,4773.27,0.013,9.37,600.0,"axiom,gmgn,smart_degen",
2026-08-25,AqSTgWq3tCKRuJCRN3ssVn8cFuQNASVxvpBwaLVmfKgP,0.45,168,1824,7044.74,0.043,33.05,119.0,"axiom,gmgn,padre,smart_degen",
2026-08-25,5Nz2NSefJtU9QSFo3RVa3r73BnpoT82F5kpBN58Yk99u,0.524,9,1077,2231.11,0.146,0.46,400.0,smart_degen,
2026-08-25,7q15WZ4iSUDvqfs5Kdh9bfptkQhs6qKUyCUq6GY6PGxg,0.682,521,4811,8434.46,0.013,7.64,663.0,"arbitrager,axiom,smart_degen",
2026-08-26,3rKgP4mx7ppPrDWK33h9JmTRiWvrFfdFmWdxTp8DQPsm,0.391,52,522,10897.1,0.17,1.02,123.0,"axiom,smart_degen,trojan",
2026-08-26,JCFpfkrCAoovfRtkAdCde2TvPZHCmQgK5mm8Hc2LKWMZ,0.604,85,836,6390.57,0.09,4.67,377.0,"axiom,smart_degen",
2026-08-26,HLy9cGzyf3PXh9Ujuoozeb165eJ8qDPAedrR6jZXv5bW,0.374,56,3037,5122.01,0.019,57.44,33.0,"axiom,launchpad_smart,smart_degen,trojan",
2026-08-26,HSsJjkHrxezZ1SdhgdivhDGXbxANicWbKvKsVtrMrJvG,0.612,344,1870,12358.27,0.031,36.08,289.0,"axiom,padre,smart_degen",
2026-08-26,5xpW1SqKMmtGGCMUZnHWKwEXomNB2sYBtq55jKL3TVbm,0.337,3,182,917.32,0.091,1.12,21.0,"photon,smart_degen",
2026-08-26,3MNddo2sN3pm3iRbgronRJVqcMWAy1koaULSbapk35XF,0.386,3,157,1003.99,0.131,1.15,21.0,"photon,smart_degen",
2026-08-26,CQGxdVAvrRvb8TvrGmMYQCcHjCCbFuhKgTWSEVqFJgfm,0.368,6,173,1117.79,0.129,1.39,21.0,"photon,smart_degen",
2026-08-26,HBmWWuT8ugNqUhy8TsbmSvZtsyQJvTEaeVevaRvKMf1J,0.359,2,176,1044.93,0.101,1.26,21.0,"photon,smart_degen,trojan",
2026-08-26,2Q4YRMoYkkz2caR26jbUkTSKwbm2AiRzSMyoz2JAfTRB,0.421,9,783,11117.31,0.082,22.7,10.0,"axiom,smart_degen",
2026-08-26,4monw7faX8kNczb2cYYsFiQktXy7KnzRc3NsQd3VZd7h,0.333,134,883,5338.09,0.062,106.74,396.0,"axiom,smart_degen",
2026-08-26,6xX7LudE5AqnTUc8dJJfzuarkSc6WMw7qRHgQXUdWauJ,0.344,6592,884,7223.34,0.078,233.67,743.0,"axiom,smart_degen,top_followed,top_renamed",
2026-08-26,3hAwZuczZf7XWmDvycADZ2DZScBj4GKmBWak4iwuTamE,0.373,2,901,3591.56,0.057,35.52,384.0,"axiom,gmgn,smart_degen",
2026-08-26,814xLErdgHd9zU42L75ZtGQo957vrTNDXhv4oJWFK26g,0.611,18,3497,4280.8,0.036,13.74,53.0,smart_degen,
2026-08-26,9shBHjviUuynNdSS7Rks6jzqBYqB4aoGkAVU1gJpBkqt,0.623,19,3484,4104.13,0.035,21.83,52.0,smart_degen,
2026-08-26,FHwR5RdMt9iibdh6UNjVdoqNNkya6CRourJpLrXTUSPN,0.366,30,538,2434.68,0.043,6.7,77.0,"gmgn,smart_degen,trojan",Yourcryptopal88
2026-08-26,FNhJCt9smgDVABeYGzAX6FrjuJxpauVG1mKRMa6P4AXm,0.519,106,1850,3499.87,0.023,2.73,803.0,"axiom,smart_degen,trojan",
2026-08-26,A8yiUQzGELdiG481AbZoyCGG9QvRPaEmYbnkAmb7Fpc7,0.371,43,1361,-2437.83,-0.021,9.87,120.0,"axiom,smart_degen",
2026-08-26,8wd3gbiuwTJf7HW1MkqqSy5vBNGbcirhWhKTCLKR9xwT,0.609,16,6112,3785.76,0.031,0.05,534.0,"gmgn,smart_degen",
2026-08-26,FixukbsKfJZEr996ubcWvwTAt1b6QJ2SfP3FJsBSbH33,0.511,262,10703,68589.76,0.061,324.23,37.0,smart_degen,
2026-08-26,8X5pJ2J34ShQDZ1MYMEuKg7UpqFgbsymENB2sbxQMDsE,0.538,134,868,33844.41,0.072,37.79,18.0,"axiom,smart_degen",
2026-08-26,3t5huYEZvcj7kR9gtiFWuSiLkJ3vSpmWZ1PPE2ht7JRN,0.657,71,489,22737.94,0.692,14.13,87.0,"axiom,smart_degen",
2026-08-26,53AdLBM2YmWGVd2KA9TYeZsDdXe2gy3QSbyBJz4aaTt,0.66,55,504,21398.79,0.623,13.3,88.0,"axiom,padre,smart_degen",
2026-08-26,3bbjkWuHD1FYxu2XYPrSb9bNtXTcJ8UaZ38EmwtAV6xR,0.655,109,525,20962.71,0.607,14.83,468.0,"axiom,bullx,smart_degen",
2026-08-26,BDR2wYZPervKaGtGbco2KRh4hSQ4wp3szW2rNTMS4Ne5,0.699,59,522,21625.58,0.622,16.15,87.0,"axiom,smart_degen",
2026-08-26,Cz1WtsPpCGqC7Zr41G5PaHEAty435HFaFrf8ucVDGtLe,0.314,15,1077,9867.71,0.116,65.66,160.0,"axiom,gmgn,smart_degen",
2026-08-26,GijFWw4oNyh9ko3FaZforNsi3jk6wDovARpkKahPD4o5,0.445,14074,8382,353652.4,0.291,3743.01,617.0,"axiom,gmgn,padre,photon,smart_degen,top_followed,top_renamed",
2026-08-26,2eyPfXnKH9pkSB6ugntAWcNoH9K1BGPxLzR3jYLhFRj1,0.601,2,1092,1499.43,0.016,5.73,38.0,"axiom,smart_degen",
2026-08-26,DtWfHXFuV1oDchgjwXVEHeohnJTXrQdyumTupbSNPjb2,0.358,46,4267,5000.76,0.041,20.08,122.0,"gmgn,smart_degen,trojan",
2026-08-26,J9adj6T7DGY4K9QvkyaXx4zVawvweFPU8zKc4x5jiHjR,0.361,17,2762,3031.92,0.043,26.16,40.0,"gmgn,smart_degen",
2026-08-26,B8AiiNQMB59PDwDNJxmEzSKPi2LCwGWahPExZScs6Sdq,0.324,15,718,603.17,0.024,0.58,188.0,"padre,smart_degen",
2026-08-26,Dz7ve2Tdzt58SCctoCkNKe4MdT1VZ5vMH3iAhynFxjec,0.494,225,1539,18395.49,0.111,21.88,406.0,"axiom,smart_degen",
2026-08-26,4ET2AazzGBwZ5sRsQWoAFRFJPosRN3d4XkutTP3LZBtu,0.486,510,1539,18672.21,0.112,24.2,537.0,"axiom,smart_degen,trojan",
2026-08-26,D9UiteKBjbVp8UYGRSKi4fJRsXYp8Csk7zcrnaCvq6LS,0.664,86,2652,34971.25,0.137,269.23,51.0,smart_degen,
2026-08-26,8KRWdo2LPeP6nYuWsBVGxBxkLYjxZXgtBNo2WDkBrjwf,0.303,19,327,1893.48,0.117,2.14,20.0,"axiom,smart_degen",
2026-08-26,8n79PwcyrybEECM3ghGetPnm6Y2SRBVzJNd536Z1C1PU,0.594,72,1783,20265.17,0.063,18.87,84.0,"axiom,smart_degen",
2026-08-26,GoneDviiDx7cnXg3e72LMJh6a2k3NZPpr3i7eMJoJUTu,0.495,54,1722,36907.42,0.061,4.16,28.0,smart_degen,
2026-08-26,yVrqX84dNn9pWP3Y2gBzqkCqHLfw7zsukSqjZTDoQ2C,0.592,53,2167,3718.44,0.024,4.05,54.0,"gmgn,smart_degen",
2026-08-26,BfG7WYmravgBhNdWpGoiFmF8L1duw2vdqdDHiZid2hoJ,0.31,19,3404,1358.36,0.009,0.46,35.0,smart_degen,
2026-08-26,r4p333SFEAfvtcV3kj6mD4PEeJYKj7ph3RmwLXFink7,0.631,22,338,11168.81,0.12,11.84,12.0,"axiom,smart_degen",
2026-08-26,4FKdCMRVErM4vLXPm4TEEYcunSVC3vDqRWtiveFQ99uH,0.239,36,2451,368.32,0.004,12.28,122.0,"axiom,padre,photon,smart_degen,trojan",
2026-08-26,72vuyLmZhVUEdhCqorzwiMLzsEpbKKrbdgbyCfBtkEMU,0.366,4,890,3595.91,0.028,30.13,120.0,"axiom,smart_degen",
2026-08-26,AgiGpUAF25B7NL9u8byDcptPcYWi4eFU4kjtcRtaMmdQ,0.436,142,3666,15994.84,0.035,9.25,99.0,"axiom,smart_degen",
2026-08-26,9NXNywh7n8d8ihgUY2FcJn9hEPwXkYCdLyBdbFiDm4rs,0.607,34,3501,3829.32,0.032,13.43,53.0,smart_degen,
2026-08-26,7dt9V3DfKkhzmk8eyCyBFFjaAo2oRpR9w13JLAAs7j5u,0.673,259,7592,6112.1,0.354,1.24,120.0,"bluechip_owner,smart_degen",
2026-08-26,CHS87HauqSdrKTvCeHdv54XvepFAMWaucK9FwmYHmZu6,0.278,7,466,5702.51,0.072,62.45,53.0,"axiom,smart_degen",
2026-08-26,57hdTgdcVDyYrZJ3ieeBRn4CDiLWVvBrgjsuDa3gSfzD,0.5,189,2528,14195.13,0.181,1.54,154.0,"gmgn,smart_degen",
2026-08-26,FuqGF5LnmKdooMtKyrSqWRwBAho8JzncL1qRLQMPyDZJ,0.482,75,2477,14279.64,0.185,2.41,57.0,"gmgn,smart_degen",
2026-08-26,7yd579zXmWPoxEE22BUYTzAo8nyMmQtPyEWS3g1BFhH4,0.355,551,2588,19225.85,0.028,181.64,469.0,"axiom,smart_degen",
2026-08-27,Gfsk5ZojnHSLoxRhUBD5vviJELFuTGkyBh9QTqEo7Ehg,0.572,34,1392,26355.61,0.12,23.71,27.0,"axiom,smart_degen",
2026-08-27,5R7fQjhed9DDcP6iiV68mjWp7pGPfxfaLtUZKpc7ae2G,0.396,15,7176,2157.57,0.01,2.61,122.0,smart_degen,
2026-08-27,J6ZMH3cXtL2UqrkFb6PKV4R5EMjyzbTArnPTnkjejiNr,0.829,156,513,68895.6,0.139,0.01,16.0,smart_degen,
2026-08-27,teddyYXw7aiNpDuQCeLb2YiBJhqthBid4C54BuWcPxm,0.301,3343,2165,67774.94,0.189,200.14,199.0,"axiom,gmgn,padre,smart_degen,top_followed",
2026-08-27,7dt9V3DfKkhzmk8eyCyBFFjaAo2oRpR9w13JLAAs7j5u,0.672,264,7581,6295.87,0.361,2.23,121.0,"bluechip_owner,smart_degen",
2026-08-27,43QmFc2QPPGyMrSNuPnhvfs8BFW1XVZYFdbwURtWoo9x,0.548,180,4230,1499.17,0.007,0.49,335.0,"gmgn,smart_degen",
2026-08-27,C937MwaPmo2d6zxysoGeEERZZit7EC7H1R3Mem3BfUKZ,0.509,249,587,6648.83,0.031,100.58,238.0,"axiom,padre,smart_degen",
2026-08-27,46SXAG5yh4TJmwpXZRanTXBsGkds7LiMMqBaqj7XFufe,0.441,3,5806,2227.87,0.074,8.1,332.0,"axiom,smart_degen",
2026-08-27,6oN5Y247ZXLSwXvdQKmTQzx8V5qXQJE849PKWe8ZsyQA,0.57,63,4668,18149.73,0.041,22.38,122.0,"axiom,smart_degen",
2026-08-27,GtbiCgqCVLANNkbU1VT6BufzdKvCRuvp9tsnPZhBRsET,0.468,20,3315,13709.9,0.046,9.26,33.0,"axiom,padre,smart_degen",
2026-08-27,4fhVJ5mNohCaQ6ezXkYc8Dc9fG7XRxN7GddTsPKUqvu1,0.471,57,486,2548.03,0.043,7.59,118.0,"axiom,gmgn,smart_degen",Leloucharc
2026-08-27,CZavZAraRUSzHvGkSnXyqtSAF5ssPPJKnbAFbbPNxH48,0.26,19,270,10011.43,0.338,7.1,123.0,"gmgn,smart_degen,trojan",
2026-08-27,CCzw1UmMy2qd9VQterfW8iiGtrSd5XxKQKjRap8wnP7a,0.488,155,781,2818.54,0.016,9.24,332.0,"axiom,smart_degen",
2026-08-27,AdKiZFt1EsGTApV7KuuSeqLRJdZwtD79TmQRg9mD1HZJ,0.444,17,199,539.81,0.042,0.01,500.0,"axiom,smart_degen",
2026-08-27,C7abt7Qk6giqzG3G7PuVfvPio2H4u6QiYTJiiutdnX4M,0.366,13,491,25520.61,0.186,35.77,16.0,"axiom,gmgn,smart_degen",
2026-08-27,2pUza9ic3zVni4EtKf9e6cys7Jwd6P974ac3szKiSZRU,0.357,170,4542,8799.57,0.014,32.25,486.0,"axiom,padre,smart_degen",
2026-08-27,CC6DfePLea5UBREmGnHVCSjJRy4nEF1xuF6D6MbxdxTf,0.369,125,5477,6225.65,0.035,34.5,28.0,"gmgn,smart_degen",DanWillDoIt_
2026-08-27,FWv9PmxMB5xu47gDr4zjF3F61wu8gUWZZaimW1C6LCsF,0.419,5,1036,3620.22,0.03,9.77,19.0,"axiom,smart_degen",
2026-08-27,5h857RqmgcSjf2yz6E9Jh2zga5RaYTKzm1yK4uSnKD7n,0.498,26,2138,6243.93,0.02,35.23,38.0,"axiom,smart_degen",
2026-08-27,8X5pJ2J34ShQDZ1MYMEuKg7UpqFgbsymENB2sbxQMDsE,0.541,157,1029,46309.73,0.081,49.08,19.0,"axiom,smart_degen",
2026-08-27,9PgY4B3pLwgMqH5JuHRP5bY3i1WJoQYvFk9ixa2UEvHK,0.607,16,387,10222.51,0.096,0.28,554.0,"arbitrager,bluechip_owner,smart_degen",
2026-08-27,5wHBg65RsM9t2tu4Bqn8xUTwP9X1q1jgf67WDMXsTmT5,0.459,1222,2935,26736.96,0.068,91.3,282.0,"axiom,smart_degen",
2026-08-27,7fjmuWn52yvZtGjHPaBAS4eANRtd8Rs1UK4Mq3yDGK5,0.426,26,1622,-3343.15,-0.017,33.25,207.0,"axiom,smart_degen",
2026-08-27,CWryqL8F79bCUPfRMnFHxXpJEyW5TixWe59hEuFXWYnD,0.327,420,2346,7465.99,0.046,10.6,577.0,"axiom,launchpad_smart,photon,smart_degen",
2026-08-27,4GsrCtUL21Q8tFQk62xBnibxWAGUk3djMGECNSCcgUzv,0.557,46,3342,13631.11,0.044,5.91,40.0,"padre,smart_degen",
2026-08-27,8ZVN9Puj6UMPESqFxkYs9PJk9Cf9m1FwZDMo1iAeA62R,0.46,30,2452,-229.28,-0.001,59.79,103.0,"padre,smart_degen",
2026-08-27,8fMq3Kz6CnayEJaZ7SfFnX1KPCpNjCSdoa8F2kMzewjd,0.343,19,2696,-1088.23,-0.013,2.09,125.0,"axiom,smart_degen",
2026-08-27,CTfmUVKVRrVLMBssybWstPsVKdDVrwUB1nX7CrmGDh1G,0.521,40,3725,3900.76,0.016,45.69,38.0,smart_degen,
2026-08-27,FAdwf6bnogQTnaVews1gYKQCXU66t28Sqo4a8UJYEmUn,0.405,15,4558,8795.57,0.079,0.01,25.0,"axiom,smart_degen",
2026-08-27,6KqVAU5CW47JSKtH24vnGo5an3SAGJLZY2VQuhaD2igu,0.375,230,1262,124422.41,0.294,165.47,199.0,"arbitrager,padre,smart_degen",
2026-08-27,5w8bbn5AKa54Sf2dZesxa4HCZrZ1Ga1ou7tpvJKr5H1a,0.287,4,711,969.93,0.016,5.02,49.0,"gmgn,smart_degen",
2026-08-27,GGPVgdQSbJQtW1yEzqMNdP4o6hkRcFmbdnaFUnXfhKmX,0.41,1367,1564,14961.94,0.107,29.18,203.0,"axiom,gmgn,smart_degen",mewudi669
2026-08-27,8auBVoCFGe8SetWGZABiXAR91xNZ7kMqJLPvtvZe8aSq,0.347,15,1067,1970.43,0.022,4.2,114.0,"padre,smart_degen",
2026-08-27,BeEN5iWBiEfJsNthuQnQKkKVWg9YkygcQHebNGoVUzik,0.422,171,1634,78617.77,0.279,134.48,112.0,"axiom,smart_degen",
2026-08-27,A2XqEiR18CMSk5CQwt6gsKwCnw1Xduyn4BDLnRmWZ18s,0.447,412,1634,66042.13,0.228,224.72,56.0,"axiom,smart_degen",
2026-08-27,GMS8R8tJfZaxQSXny13AVJng9zvSuFd1va7f8z1rcKEY,0.425,0,147,1086.24,0.036,14.22,4.0,"axiom,fomo,fresh_wallet,smart_degen",
2026-08-28,DjiJKVgtS3MrR9VasbQWMMZUpB4zsbipeKUJR1YLw91r,0.36,805,7044,26280.83,0.021,66.17,124.0,"axiom,gmgn,smart_degen",Makenfn
2026-08-28,FixukbsKfJZEr996ubcWvwTAt1b6QJ2SfP3FJsBSbH33,0.504,278,11837,62229.67,0.049,323.31,39.0,smart_degen,
2026-08-28,7b7fTY2wbgXjoehiyC22n89zmy7ACAWEQQpTe8PQkifn,0.711,3,919,1129.69,0.042,2.79,3.0,"fresh_wallet,gmgn,smart_degen",SysB26IFC
2026-08-28,J9adj6T7DGY4K9QvkyaXx4zVawvweFPU8zKc4x5jiHjR,0.351,22,2975,3860.6,0.046,10.85,42.0,"gmgn,smart_degen",
2026-08-28,DtWfHXFuV1oDchgjwXVEHeohnJTXrQdyumTupbSNPjb2,0.341,51,4772,7942.8,0.041,22.53,124.0,"gmgn,smart_degen,trojan",
2026-08-28,4N4mW6oEarkJSR52TwgTQVRjpkUM7tkf2qrNnkE1uaHm,0.44,1,275,3176.62,0.104,14.8,7.0,"axiom,fresh_wallet,smart_degen",
2026-08-28,43QmFc2QPPGyMrSNuPnhvfs8BFW1XVZYFdbwURtWoo9x,0.547,180,4166,1513.75,0.008,0.49,336.0,"gmgn,smart_degen",
2026-08-28,4foGJxVBfTh7PNMNtdZQJSwQCAhvJ3ryasNeUSPhAxP4,0.455,2,406,1725.88,0.048,11.13,147.0,"axiom,padre,smart_degen",
2026-08-28,CT9dekyfadMYxLdfxV76ASSLo2QKXaj5cGPmvM2rcKVC,0.397,31,4119,-348.18,-0.001,1.32,30.0,"axiom,smart_degen",
2026-08-28,7xu9X4b5P9AReAVzggoQRWahAX8gYCYxeV5nWsNV6BmX,0.283,29,854,-617.32,-0.007,6.36,23.0,"gmgn,smart_degen",ChristiGot
2026-08-28,8wd3gbiuwTJf7HW1MkqqSy5vBNGbcirhWhKTCLKR9xwT,0.615,18,7029,2407.29,0.023,0.16,536.0,"gmgn,smart_degen",
2026-08-28,FeSM4mpkyzQZhJjZQWpivKbq3x1V9Ppfm7Uy8yEuKM49,0.496,1,1035,8436.84,0.068,12.01,3.0,"axiom,fresh_wallet,smart_degen",
2026-08-28,9PgY4B3pLwgMqH5JuHRP5bY3i1WJoQYvFk9ixa2UEvHK,0.627,16,417,11987.51,0.105,0.27,555.0,"arbitrager,bluechip_owner,smart_degen",
2026-08-28,8fMq3Kz6CnayEJaZ7SfFnX1KPCpNjCSdoa8F2kMzewjd,0.347,19,2736,-1422.47,-0.017,1.99,126.0,"axiom,smart_degen",
2026-08-28,4j81GXrMf7njGXAyL92YdchWDkrmJXuWS6UJdtyQ6bTV,0.587,46,2405,854.96,0.014,3.51,39.0,"gmgn,smart_degen",Memeworkk
2026-08-28,CZjxED3uVrU4MaNqkbw6jsVQfCTjb8ctenJfJGBpYJi,0.392,97,2564,3655.71,0.057,0.28,191.0,"axiom,smart_degen",
2026-08-28,CTfmUVKVRrVLMBssybWstPsVKdDVrwUB1nX7CrmGDh1G,0.53,40,3387,4443.74,0.018,54.14,39.0,smart_degen,
2026-08-28,3PFEFjRtEJydqiXSWbiMnaqMPwtUMdNwSfbwVZxtMrr9,0.666,127,2278,17300.25,0.092,345.91,412.0,"axiom,photon,smart_degen",
2026-08-28,2dEpwaujMteZsFYCX3hwaavYKkU7kRwAwJe9XGuWNRGA,0.713,900,2309,20010.87,0.105,366.5,900.0,"axiom,photon,smart_degen",
2026-08-28,7uLJ6GSpC3eLFv997BoMH9M2qcN7Tqt5RmiMFE6AgHY5,0.63,111,1764,7013.97,0.058,4.49,122.0,"axiom,gmgn,smart_degen",
2026-08-28,CVwjmDXhGfejBvrYstTkwqeyuJX8JUWXfBjstjJgUta5,0.365,51,2705,2361.79,0.094,34.21,220.0,"axiom,smart_degen",
2026-08-28,GiZBjittr5ugxFE9b7psismTtGEYgjHqHwuGiMX58n5n,0.368,51,2699,2277.02,0.088,42.97,124.0,"axiom,smart_degen",
2026-08-28,G8ASzNwgU93vUxzNEpwkG38dT3zLXXep7JYTbmkKSF4R,0.362,46,2679,2479.99,0.101,38.51,129.0,"axiom,smart_degen",
2026-08-28,GAyWXrVRAFPdytu8kp7kwwj5TfVDyC7SXc75CphEMiV7,0.345,3,448,2357.23,0.052,2.8,20.0,"axiom,launchpad_smart,smart_degen",
2026-08-28,6mSCk1iREmgzk6dmw991Q72SqLZqrGH7dcgWa5fVQSZK,0.545,5,404,3142.46,0.072,31.18,6.0,"axiom,fresh_wallet,smart_degen",
2026-08-28,BRx8TP6HsD9srJ62rcYizjAHyZ5mt3cp8wPBEZioTsym,0.405,910,7251,22160.58,0.015,3.85,122.0,"axiom,bullx,gmgn,smart_degen",
2026-08-28,46SXAG5yh4TJmwpXZRanTXBsGkds7LiMMqBaqj7XFufe,0.443,5,5848,2545.13,0.065,35.16,333.0,"axiom,smart_degen",
2026-08-28,7VYeocgz1kVXKMBZNAnXZor8tSsSAMcdnBm1sTcaQZNx,0.406,4,228,5461.4,0.294,5.31,14.0,"padre,smart_degen",
2026-08-28,6b2KgAjUDic7tqqCLSqeBmLRmhKhpEeh4a34pn6mr3Ln,0.422,7,297,6685.29,0.286,18.57,16.0,"padre,smart_degen",
2026-08-28,5434wePWhnTHMvB6NTNX3cK4XK3aEX8d4X1JAPEggpH1,0.354,52,1472,11390.14,0.135,15.49,145.0,"padre,smart_degen",
2026-08-28,CC6DfePLea5UBREmGnHVCSjJRy4nEF1xuF6D6MbxdxTf,0.368,131,5989,7117.72,0.034,7.59,29.0,"gmgn,smart_degen",DanWillDoIt_
2026-08-28,HHK3Q5jwNsUgFw9Mao6NtiA9Yfdw19UyBCop1QzfM7r5,0.595,33,833,8432.76,0.014,44.81,114.0,"arbitrager,gmgn,smart_degen",
2026-08-28,DwQoDxtUKJn9AEcZrAiL6YnqBEXPyrHj7CJYmuenPKpM,0.291,3,851,744.22,0.016,0.73,89.0,"axiom,smart_degen",
2026-08-28,EDXPcLg35oa7dmW9d3hTADRzHyL1QHFnNmvqgbzCZKCq,0.862,34,494,4043.32,0.107,6.94,445.0,smart_degen,
2026-08-29,qmEe3k2tFjPrzF6HYbernwhqEcttEPE8wxiNbtEeoA7,0.352,48,6210,18636.24,0.015,10.73,21.0,"axiom,smart_degen",
2026-08-29,2J5827wzy2ZbtmwWQWGUxdbWVyc7rD8id6RaAphSqdjs,0.562,91,3066,53987.34,0.081,49.74,330.0,"axiom,smart_degen",
2026-08-29,CzsHiWqRhUEFr1At7NiZ18yVMUvNneheyAgQBPkCUQ6C,0.447,1,578,47.84,0.001,5.17,150.0,"padre,smart_degen",
2026-08-29,2pB3ZfVHC5sqA4gEYZreo7ksKB4d753RvmYz3ZTgMhnQ,0.408,14,388,5796.65,0.274,30.76,79.0,"axiom,smart_degen,trojan",
2026-08-29,FHewdDGe5GQLBXx1dX7qbsGfMpvX4gmgAp8bsTUZrUsr,0.333,14,305,1698.9,0.232,0.55,130.0,"axiom,smart_degen",
2026-08-29,7QLMAJ4b8SrHMVCg1MFDB1UFcm8ugBfLVzTPoSkeptnK,0.453,97,1530,-8037.46,-0.037,24.89,153.0,"axiom,smart_degen",
2026-08-29,BRx8TP6HsD9srJ62rcYizjAHyZ5mt3cp8wPBEZioTsym,0.408,915,6889,20354.41,0.014,16.87,123.0,"axiom,bullx,gmgn,smart_degen",
2026-08-29,DenZLNzBtE3L8T1kQFKh8oE7FCXBrdsM9xwCbsnKvdJq,0.32,106,5859,22861.41,0.057,108.46,114.0,"axiom,smart_degen",
2026-08-29,2AwjJTdTWCu6QjyZKvF6oVEd9TkQP1WYvVswFvDEySxn,0.315,102,5854,21304.98,0.053,98.41,119.0,"axiom,smart_degen",
2026-08-29,5kidNviTucvoHuFGuPQUikWokMxsLZMncGrS5gK9Cujs,0.309,130,5854,23294.55,0.057,84.2,114.0,"axiom,smart_degen",
2026-08-29,6oN5Y247ZXLSwXvdQKmTQzx8V5qXQJE849PKWe8ZsyQA,0.58,68,5064,20110.47,0.041,11.45,124.0,"axiom,smart_degen",
2026-08-29,GijFWw4oNyh9ko3FaZforNsi3jk6wDovARpkKahPD4o5,0.475,14369,8656,358537.06,0.273,3845.76,620.0,"axiom,gmgn,padre,photon,smart_degen,top_followed,top_renamed",
2026-08-29,BprdjjAzFLoS2gVJqUVR1pdJpwCacNK4kctLTiMmcdSh,0.458,1701,2713,87141.38,0.334,1085.57,197.0,"axiom,launchpad_smart,padre,smart_degen",
2026-08-29,FTQgeswzRfN2zELHQJjLWiSJacmxH1rBc1ht6sNCfsYU,0.668,40,6389,6218.23,0.017,3.8,35.0,smart_degen,
2026-08-29,9shBHjviUuynNdSS7Rks6jzqBYqB4aoGkAVU1gJpBkqt,0.617,24,3725,4229.01,0.032,20.52,55.0,smart_degen,
2026-08-29,CC6DfePLea5UBREmGnHVCSjJRy4nEF1xuF6D6MbxdxTf,0.364,131,6377,7450.63,0.034,11.15,30.0,"gmgn,smart_degen",DanWillDoIt_
2026-08-29,8fMq3Kz6CnayEJaZ7SfFnX1KPCpNjCSdoa8F2kMzewjd,0.343,19,2780,-1999.49,-0.026,4.98,127.0,"axiom,smart_degen",
2026-08-29,GhjECPNnoVapXBgSzvVuAaAEXqsYajBXQNs3RrTkMAgS,0.364,20,8684,20398.81,0.027,24.18,27.0,"axiom,smart_degen",
2026-08-29,CK2V4Ezrxfae87F39WHJ6KiLaFcUWaMnbazkLpNkeQ3S,0.398,17,5344,2406.24,0.015,38.31,367.0,"axiom,smart_degen",
2026-08-29,CQjYGzyCxwH7SmjRSpoZ4jWg481LAkuumyWRot9FcGmz,0.488,65,5397,6222.74,0.014,9.17,604.0,"axiom,gmgn,smart_degen",
2026-08-29,AYHoGxsLVQaJobtGGxa8sRYQtfnj79t8eB6XdLRr6CFG,0.387,433,5703,441.25,0.002,6.85,126.0,"gmgn,smart_degen",kingofgoldendog
2026-08-29,AXuBRGJyYet7N3wv8edXgPWUqGX4ggXNTnVupna5mbgu,0.5,1,449,3378.52,0.07,7.18,58.0,"axiom,smart_degen",
2026-08-29,5R7fQjhed9DDcP6iiV68mjWp7pGPfxfaLtUZKpc7ae2G,0.386,15,7909,1343.22,0.006,0.0,124.0,smart_degen,
2026-08-29,7dt9V3DfKkhzmk8eyCyBFFjaAo2oRpR9w13JLAAs7j5u,0.675,273,7647,6600.21,0.359,1.62,123.0,"bluechip_owner,smart_degen",
2026-08-29,4cKe6PYJKpCBgX1FpAd4nmWLfreKFMNdMQLd3jexcvtp,0.363,42,784,20660.12,0.298,43.84,38.0,"axiom,launchpad_smart,smart_degen",
2026-08-29,FixukbsKfJZEr996ubcWvwTAt1b6QJ2SfP3FJsBSbH33,0.501,288,12283,62363.1,0.045,322.8,40.0,smart_degen,
2026-08-29,3VZXJEDmydk2DzrY3PAhAFYXrbpqQvQxAn2ypEi89Hru,0.435,12,3942,2157.82,0.012,32.97,150.0,"axiom,smart_degen",
2026-08-29,8XPoDXFpon2DUx718zLPFcfy8p7Q9YvTWdaQgZScEpoy,0.663,2,1060,3664.15,0.105,44.0,102.0,"axiom,launchpad_smart,smart_degen",
2026-08-29,3kaskGCR1hucFFHUHc8XCHuN1Kzs9LBnYe6JfaWuMG1e,0.454,94,3219,1994.11,0.016,8.28,250.0,"gmgn,smart_degen",
2026-08-29,3DnwtnkPxgCEmaxcpYviEUNFqoED6X2icoY2KdhLXaQS,0.543,22,887,3650.84,0.023,63.01,75.0,smart_degen,
2026-08-29,G5V67kfYaiQNdYjLTLPoNqFT1WmxpnYJ1trf2ruvVgX9,0.559,21,1067,3034.46,0.028,49.03,433.0,"axiom,smart_degen",
2026-08-29,FeSM4mpkyzQZhJjZQWpivKbq3x1V9Ppfm7Uy8yEuKM49,0.476,1,1466,9099.03,0.05,18.26,4.0,"axiom,fresh_wallet,smart_degen",
2026-08-29,GSLfgBXZtbKVazkWm3CaNPsH4ruv8NKUWP1CvCwdPt53,0.335,4,1057,1544.14,0.01,6.32,456.0,"axiom,smart_degen",
2026-08-29,BphgfRx1N1DnnmNzGxSLfBirSozqZnsRPb3J6773bHBC,0.312,89,2644,17358.8,0.08,23.62,318.0,"gmgn,smart_degen,trojan",
2026-08-29,6kzsXq32zgmW1cEw9xKn9HyfE72oUX9b8PiPBZ8fWn9S,0.431,180,2161,9601.76,0.063,7.92,912.0,"photon,smart_degen",
2026-08-29,DeSvhVxbNyjcQQ1oRPK7eGuSMujiNZw1gtZXYu8QFQMa,0.471,10,1245,2425.11,0.031,65.78,102.0,"axiom,smart_degen",
2026-08-29,7gdo83WqcXvown8aHUrgma716BEwGdjRA9CtdUThBy5U,0.412,305,4942,13413.12,0.033,0.19,564.0,"axiom,padre,smart_degen",
